customer_id,product_id,browse_date,time_spent_seconds,pages_viewed,added_to_cart
C0083,P0137,2025-09-01 03:31:23,103,5,0
C1353,P0156,2026-01-10 01:48:19,194,14,0
C0883,P0007,2025-07-03 22:33:25,84,12,0
C0609,P0004,2025-06-18 02:30:09,556,1,0
C0101,P0103,2025-09-17 00:34:50,384,4,0
C1245,P0052,2025-10-19 23:42:19,424,12,0
C0422,P0178,2026-05-20 20:01:50,67,5,1
C1652,P0191,2026-04-16 03:44:18,578,13,0
C0483,P0007,2026-05-12 15:30:07,159,12,0
C0982,P0014,2026-04-24 01:58:24,459,5,0
C0598,P0133,2025-12-26 16:37:49,514,7,0
C0386,P0062,2025-07-24 17:18:55,409,6,0
C0742,P0079,2026-05-27 10:05:18,475,10,0
C1912,P0167,2026-03-30 07:44:41,69,13,0
C0213,P0181,2026-02-03 10:52:16,342,5,1
C0173,P0160,2025-08-07 12:58:29,168,1,0
C0995,P0188,2026-02-17 01:25:22,399,5,0
C0308,P0183,2026-03-20 15:25:28,514,4,1
C0546,P0052,2025-07-01 20:46:32,598,8,0
C1251,P0180,2026-02-03 15:31:48,426,10,1
C0021,P0042,2026-06-05 08:45:07,401,1,0
C0105,P0192,2025-07-18 17:05:10,21,8,0
C0393,P0169,2026-04-30 11:37:12,133,2,1
C0572,P0048,2026-01-16 22:14:19,33,1,0
C1034,P0058,2026-05-19 08:26:45,236,5,1
C1308,P0034,2026-06-01 04:14:38,204,1,0
C0079,P0145,2026-04-14 21:08:40,177,3,0
C0581,P0160,2025-09-29 13:47:31,453,7,1
C0101,P0008,2025-10-01 03:50:03,204,9,0
C0087,P0043,2026-01-26 11:31:05,389,13,0
C1459,P0152,2025-12-24 09:53:09,487,8,0
C1041,P0133,2026-01-20 09:31:05,152,5,0
C0232,P0058,2025-09-17 19:05:05,370,4,0
C1675,P0180,2025-07-23 06:36:56,403,3,0
C1415,P0028,2025-12-14 07:41:03,567,11,0
C0442,P0005,2026-04-20 01:57:04,354,6,0
C1376,P0008,2026-04-29 16:36:59,324,10,0
C1574,P0111,2025-09-15 02:19:53,372,12,0
C1361,P0136,2025-09-14 13:38:37,364,9,0
C0329,P0194,2025-10-31 06:31:41,467,2,0
C0963,P0049,2026-04-15 20:44:18,386,4,1
C1614,P0105,2026-02-03 01:57:49,173,9,0
C0378,P0119,2025-10-26 17:50:52,194,2,0
C1802,P0149,2025-07-09 07:29:31,492,2,0
C0374,P0013,2025-07-01 15:01:50,164,12,0
C1250,P0011,2026-03-02 14:26:40,526,1,0
C0936,P0146,2025-11-09 03:44:12,187,9,0
C1689,P0059,2026-05-06 18:48:31,128,10,0
C0985,P0114,2025-11-26 03:43:24,418,4,1
C1749,P0172,2026-03-27 17:46:49,292,3,0
C0686,P0113,2026-06-05 08:05:35,126,14,0
C1655,P0039,2025-06-19 08:58:23,501,12,0
C1257,P0175,2025-10-22 10:54:53,534,5,1
C1421,P0149,2026-02-24 02:14:43,306,8,0
C0238,P0135,2025-11-10 05:45:55,240,11,0
C0256,P0086,2026-03-24 22:48:37,239,9,1
C0534,P0092,2025-11-15 23:50:37,470,2,0
C0541,P0180,2026-04-06 10:32:42,287,2,0
C1631,P0151,2025-10-10 14:24:13,92,12,0
C0461,P0022,2025-09-16 05:59:37,425,13,0
C1377,P0184,2026-05-27 23:50:07,519,6,0
C0019,P0023,2025-09-14 22:39:26,417,14,1
C1831,P0108,2025-08-03 19:18:09,371,9,1
C1152,P0111,2026-06-06 13:53:38,140,10,0
C1210,P0144,2026-05-05 17:13:30,588,1,0
C1900,P0005,2026-04-22 11:45:06,519,1,0
C1924,P0104,2025-08-18 00:10:54,487,10,0
C1890,P0010,2026-01-01 01:45:02,409,14,1
C0231,P0155,2025-07-15 10:01:45,70,9,1
C0112,P0013,2025-11-25 17:53:45,397,4,0
C0932,P0086,2026-01-04 18:13:44,238,10,1
C0314,P0054,2026-01-14 20:04:08,16,1,0
C1998,P0014,2026-06-04 09:45:51,422,5,1
C1401,P0020,2025-10-20 15:30:10,591,3,0
C1759,P0070,2026-02-13 22:43:41,215,5,0
C0698,P0132,2026-05-24 05:38:46,385,4,0
C1044,P0138,2026-01-09 03:20:35,540,6,0
C0227,P0154,2025-11-05 23:21:07,473,6,0
C0871,P0149,2025-10-31 00:51:04,206,6,0
C0942,P0004,2026-01-28 09:06:52,192,9,0
C0941,P0020,2026-01-12 13:53:45,277,7,1
C0583,P0004,2025-08-31 18:39:46,225,14,1
C1539,P0080,2026-02-11 23:15:03,59,4,0
C0900,P0120,2025-07-04 23:38:28,540,2,0
C1694,P0082,2025-09-13 13:02:54,163,12,0
C0060,P0147,2026-03-18 01:12:05,323,14,0
C0211,P0150,2025-08-31 20:06:40,113,12,0
C0542,P0058,2025-07-24 06:00:34,121,4,0
C1728,P0019,2026-02-24 17:19:13,436,13,1
C0740,P0094,2025-09-09 07:22:52,187,1,1
C1207,P0146,2025-07-07 14:42:24,117,11,0
C0476,P0047,2026-04-26 17:25:23,122,13,0
C0161,P0145,2025-10-18 20:04:31,202,4,1
C0660,P0047,2025-07-05 21:37:26,403,6,0
C1583,P0078,2026-01-07 02:33:31,128,11,0
C1895,P0137,2025-11-07 13:39:55,404,5,0
C1529,P0061,2025-08-27 20:03:29,142,2,0
C1795,P0107,2026-03-08 08:04:53,258,6,1
C0710,P0081,2025-10-16 12:34:55,567,5,0
C1939,P0170,2025-10-23 14:58:54,551,14,0
C0922,P0069,2025-07-29 20:59:45,353,5,1
C0049,P0149,2026-05-18 23:45:19,78,5,0
C0356,P0070,2025-11-17 18:54:20,264,14,0
C0743,P0039,2025-06-15 20:20:22,317,4,0
C1862,P0041,2025-09-26 03:23:09,186,14,0
C1852,P0108,2026-01-10 13:52:49,192,9,0
C1567,P0084,2025-07-02 21:27:43,552,5,0
C0926,P0152,2025-10-19 04:49:12,418,6,0
C1244,P0135,2026-02-24 02:20:30,167,7,0
C1244,P0014,2025-12-26 04:35:34,404,6,1
C1642,P0070,2026-01-24 17:51:47,560,9,0
C1837,P0184,2025-12-05 22:10:56,254,11,0
C1465,P0021,2025-10-24 22:48:48,200,2,0
C1953,P0007,2026-02-21 06:49:20,74,2,1
C0672,P0148,2026-03-03 17:46:31,476,7,0
C1941,P0170,2025-10-09 19:05:18,496,8,0
C0896,P0142,2025-09-19 20:26:20,317,5,0
C0314,P0021,2026-03-26 05:31:27,86,5,0
C1155,P0087,2026-01-28 19:22:40,309,3,1
C0371,P0089,2025-06-23 04:08:10,388,12,0
C0445,P0169,2025-07-24 02:25:01,165,2,0
C0629,P0196,2026-04-13 19:13:27,494,9,0
C0327,P0086,2026-04-11 16:32:01,293,1,0
C1688,P0061,2025-08-18 14:51:08,577,2,0
C0028,P0186,2026-03-03 11:37:36,47,9,1
C0423,P0086,2025-08-17 22:04:20,181,1,0
C1634,P0198,2026-01-20 23:32:26,498,6,0
C0610,P0065,2026-02-02 02:46:26,521,2,0
C0022,P0112,2025-10-25 01:49:53,61,2,0
C0842,P0098,2025-08-13 22:16:04,148,3,1
C0637,P0167,2025-10-31 06:32:46,90,12,0
C0344,P0168,2025-07-14 12:28:08,298,12,0
C0571,P0138,2026-05-20 12:07:41,247,1,0
C0960,P0032,2026-04-10 20:12:17,395,5,1
C0532,P0154,2025-08-06 08:21:31,387,4,1
C1902,P0116,2026-05-07 10:17:20,218,8,1
C0744,P0079,2025-12-01 23:52:06,385,9,0
C0680,P0058,2025-07-29 16:25:27,30,1,0
C0447,P0066,2025-11-28 21:58:18,258,3,0
C1992,P0044,2026-04-14 15:11:46,101,10,1
C1012,P0006,2025-12-26 08:20:35,440,7,0
C0601,P0123,2026-05-09 06:36:41,182,11,0
C1939,P0197,2026-04-02 19:38:01,311,11,1
C0504,P0012,2025-09-05 17:05:22,590,8,0
C1944,P0041,2025-09-03 07:58:54,168,5,1
C1621,P0072,2025-12-21 08:33:21,571,9,0
C0559,P0143,2026-03-13 07:31:53,242,8,0
C1234,P0042,2025-11-13 19:27:01,472,6,0
C1292,P0130,2026-01-12 17:15:22,391,13,1
C0259,P0027,2026-02-15 01:56:51,44,6,0
C0929,P0129,2025-09-24 10:51:36,524,5,0
C0928,P0124,2026-01-01 19:30:25,264,14,1
C0966,P0110,2026-02-14 18:20:24,548,9,0
C1548,P0139,2025-10-20 16:13:03,20,1,0
C0575,P0109,2025-07-20 01:11:34,537,14,0
C0269,P0162,2025-08-03 01:59:11,264,12,0
C1126,P0059,2026-05-07 01:05:17,251,11,0
C1861,P0025,2025-10-13 02:43:14,135,1,0
C0196,P0025,2025-07-06 06:52:09,386,14,0
C0645,P0189,2026-03-05 20:21:31,480,13,0
C0265,P0116,2026-05-03 12:18:31,490,2,0
C0646,P0060,2025-09-06 19:30:03,381,11,0
C1474,P0175,2025-11-16 14:02:45,368,12,1
C0457,P0131,2026-03-15 07:23:13,592,12,0
C1822,P0021,2025-12-16 15:28:11,160,8,0
C1242,P0190,2026-02-03 21:19:14,421,5,0
C1699,P0180,2025-08-21 13:03:53,550,9,1
C0307,P0175,2025-10-18 06:47:59,342,10,0
C1099,P0185,2026-03-22 23:23:41,283,6,0
C0273,P0069,2025-11-15 10:39:26,293,4,0
C0893,P0016,2025-11-21 01:39:59,70,3,1
C0936,P0156,2025-11-14 00:30:17,51,7,0
C0454,P0148,2025-06-13 20:27:22,128,1,0
C0968,P0087,2026-04-10 22:19:24,195,3,1
C0516,P0186,2026-03-23 23:57:40,147,5,0
C0227,P0057,2026-05-27 21:19:53,306,4,0
C1678,P0145,2026-03-30 18:38:08,555,9,0
C1891,P0077,2026-04-30 07:14:03,211,2,0
C1139,P0134,2025-11-03 08:30:10,255,11,0
C0407,P0187,2025-06-27 09:19:51,358,8,0
C0558,P0038,2025-08-21 02:36:42,146,4,0
C0501,P0072,2025-11-01 05:09:17,551,3,0
C1566,P0078,2026-03-01 14:10:51,511,4,0
C1905,P0025,2026-02-06 06:28:59,428,8,0
C0270,P0154,2025-09-19 07:20:02,87,14,0
C0947,P0131,2025-08-02 03:11:42,430,3,0
C1737,P0028,2026-04-25 00:11:00,177,7,0
C1742,P0063,2026-05-19 01:27:35,77,11,1
C1660,P0119,2025-09-27 08:09:41,512,3,0
C0943,P0142,2025-10-04 02:50:49,124,6,1
C1461,P0061,2025-08-14 18:49:02,469,14,0
C0265,P0064,2026-02-09 10:29:42,380,4,0
C0089,P0142,2025-06-11 21:40:31,207,5,1
C1763,P0187,2025-07-01 02:48:22,338,14,1
C0041,P0196,2025-06-23 07:38:09,72,12,0
C1800,P0002,2026-01-11 04:52:49,131,7,0
C1040,P0062,2025-07-03 08:11:09,436,14,1
C0268,P0035,2026-01-22 10:23:19,580,14,1
C1586,P0149,2025-07-06 13:20:04,329,4,0
C1893,P0195,2026-05-03 04:50:13,205,13,0
C1929,P0068,2025-09-24 02:41:23,39,1,0
C0482,P0065,2026-01-27 03:45:23,12,13,0
C0343,P0175,2026-02-21 12:41:49,428,12,0
C0438,P0076,2025-08-12 02:01:39,178,9,1
C0659,P0026,2026-02-12 18:23:46,410,8,1
C0533,P0051,2025-06-08 15:11:48,554,4,0
C0505,P0157,2025-09-28 21:05:02,183,4,0
C1847,P0199,2026-01-14 16:47:53,352,12,1
C0772,P0150,2025-08-01 19:33:24,80,13,0
C0579,P0086,2026-02-22 13:51:57,496,2,0
C1186,P0091,2025-12-24 16:06:28,365,1,0
C1608,P0087,2025-06-29 10:27:04,266,6,0
C1689,P0145,2025-07-31 05:18:13,577,12,0
C0262,P0027,2026-02-26 20:04:22,471,12,1
C0362,P0193,2025-09-21 06:07:49,445,13,0
C1645,P0099,2025-11-14 17:52:14,428,14,0
C1315,P0176,2025-09-22 15:10:13,53,14,0
C0881,P0190,2025-07-22 10:00:37,140,11,0
C0404,P0124,2026-02-15 01:29:04,345,5,0
C1969,P0192,2025-07-03 21:32:26,322,10,0
C1387,P0054,2025-08-20 06:17:10,386,9,0
C1801,P0088,2026-04-23 05:09:04,553,1,0
C0553,P0017,2025-11-18 21:18:32,575,7,0
C0183,P0041,2026-03-18 21:55:08,555,13,1
C1728,P0011,2026-05-08 01:09:14,498,3,1
C0907,P0077,2025-08-11 09:11:43,131,14,0
C1581,P0001,2025-06-27 11:59:55,172,12,0
C0019,P0076,2026-02-27 15:40:26,588,8,0
C0957,P0109,2025-12-03 04:27:52,272,13,0
C1264,P0161,2026-03-26 12:21:10,305,10,0
C0103,P0197,2026-02-11 16:51:48,524,9,1
C0859,P0174,2025-11-06 16:49:56,347,14,0
C1005,P0175,2025-08-31 10:20:23,328,14,0
C1697,P0127,2025-10-16 14:07:54,424,2,0
C0485,P0147,2026-03-20 01:05:36,416,8,0
C1108,P0113,2025-10-04 17:05:15,336,10,0
C1779,P0143,2025-06-23 20:23:29,45,7,0
C1794,P0191,2025-07-13 10:49:43,109,10,1
C0450,P0051,2026-03-10 02:45:12,270,14,0
C0210,P0051,2026-05-20 18:11:50,122,9,1
C1401,P0039,2026-03-30 03:07:24,544,3,0
C1108,P0198,2025-12-31 16:30:55,518,13,0
C1702,P0131,2026-01-28 17:51:30,354,8,0
C0258,P0081,2026-04-15 18:32:54,272,3,0
C0235,P0065,2025-09-30 02:17:21,315,13,1
C1999,P0101,2025-12-31 16:26:33,217,14,0
C0049,P0127,2026-03-28 08:36:36,227,9,0
C1303,P0152,2026-03-30 02:31:10,509,6,0
C1820,P0021,2025-07-20 07:58:17,442,11,0
C1682,P0164,2025-10-13 05:23:24,433,7,1
C0073,P0181,2025-09-03 05:05:55,34,12,0
C1388,P0098,2025-11-26 06:37:59,455,3,0
C1180,P0172,2025-09-04 19:35:39,45,7,1
C0360,P0075,2025-09-11 19:37:24,564,10,0
C1849,P0118,2025-08-10 04:20:37,384,1,0
C1944,P0167,2025-12-20 01:18:37,294,8,0
C1692,P0165,2025-10-30 16:33:21,11,4,0
C0421,P0056,2026-04-05 14:57:19,197,4,0
C1811,P0157,2026-01-06 14:53:25,206,12,1
C0914,P0163,2025-10-31 23:19:48,431,11,1
C0126,P0139,2026-01-25 01:08:59,580,5,0
C1416,P0162,2026-04-23 18:10:08,444,12,1
C1510,P0065,2025-12-05 16:42:23,35,4,0
C1649,P0109,2026-03-10 05:24:43,438,5,0
C0926,P0120,2025-06-15 16:27:03,348,11,1
C1603,P0075,2026-03-30 03:00:37,561,4,1
C1690,P0155,2025-07-07 21:52:03,434,6,1
C0363,P0192,2026-05-17 09:01:41,238,3,1
C1842,P0006,2026-02-02 06:12:09,129,5,0
C0542,P0170,2026-04-25 07:19:49,489,10,0
C0125,P0037,2025-09-27 07:54:40,174,12,0
C1893,P0035,2025-07-26 22:51:55,91,6,1
C1732,P0018,2025-12-28 21:07:42,205,1,0
C0797,P0077,2026-03-24 02:32:29,63,14,0
C1524,P0145,2025-09-09 08:58:25,113,6,0
C0068,P0069,2025-09-11 23:22:42,169,9,0
C0305,P0141,2025-09-30 20:55:36,369,6,0
C0821,P0123,2026-02-28 06:22:40,347,3,0
C0899,P0042,2026-02-11 02:52:05,358,13,0
C1587,P0085,2026-03-14 20:45:01,387,12,0
C1557,P0044,2026-06-05 12:44:38,143,7,0
C0836,P0129,2025-10-13 07:04:56,284,13,0
C0483,P0141,2025-11-27 22:22:13,115,2,1
C0139,P0179,2026-04-11 20:48:06,513,1,1
C1123,P0082,2025-11-21 16:47:29,108,6,1
C1785,P0152,2026-01-10 23:59:47,169,7,0
C1877,P0008,2026-03-04 20:11:28,288,5,0
C0657,P0101,2025-07-01 04:25:34,168,6,0
C1683,P0064,2026-01-11 06:01:40,95,5,0
C1890,P0011,2025-11-11 11:30:03,563,12,0
C0246,P0149,2026-05-29 01:47:04,399,7,0
C0476,P0005,2026-05-31 22:45:29,188,4,0
C1961,P0046,2026-05-09 19:05:22,528,6,1
C1553,P0115,2025-07-09 19:28:26,151,10,0
C1328,P0108,2025-11-22 22:16:50,586,7,0
C1786,P0102,2025-12-06 02:40:56,591,1,0
C1982,P0151,2026-01-06 16:58:48,403,11,0
C0715,P0192,2025-10-31 22:29:29,503,2,1
C1489,P0179,2026-01-13 18:46:42,86,12,0
C1971,P0175,2025-07-05 07:03:16,369,3,0
C1072,P0073,2026-03-10 15:18:40,120,13,0
C1873,P0081,2025-12-19 19:50:35,151,6,0
C1347,P0187,2025-09-06 00:03:33,17,14,0
C1725,P0031,2025-12-10 21:11:42,118,6,0
C1373,P0171,2025-09-01 21:49:39,570,10,0
C1834,P0064,2025-10-09 06:53:19,130,5,0
C2000,P0194,2025-10-28 07:42:39,551,8,0
C1310,P0057,2025-08-24 21:02:52,307,3,1
C0019,P0114,2026-02-13 04:36:33,268,10,0
C0113,P0071,2026-01-01 10:19:58,546,7,0
C0579,P0065,2026-01-21 23:22:33,296,9,0
C1573,P0001,2025-11-11 18:19:57,553,13,0
C1768,P0136,2026-04-29 20:35:49,192,9,0
C1151,P0001,2025-10-23 01:39:17,551,2,0
C0703,P0104,2025-08-15 17:18:27,539,9,0
C0802,P0174,2025-07-15 21:06:50,388,4,1
C0414,P0102,2025-10-22 09:07:11,79,3,1
C1608,P0003,2026-03-30 13:15:31,192,13,0
C1709,P0034,2025-10-17 21:29:09,49,13,0
C0083,P0123,2025-06-17 04:27:32,362,2,0
C0936,P0145,2025-09-07 18:21:12,379,2,1
C1770,P0124,2026-06-05 16:13:36,362,12,0
C0322,P0194,2026-03-28 06:59:29,478,13,0
C0184,P0111,2026-01-30 11:25:58,512,2,0
C0295,P0195,2025-06-25 09:12:44,219,14,1
C0632,P0126,2026-03-14 22:08:45,571,11,0
C1654,P0053,2026-05-10 00:03:49,325,1,1
C1257,P0158,2025-12-18 21:49:31,441,13,0
C1557,P0147,2025-11-29 17:25:38,57,3,0
C1337,P0025,2026-04-12 09:29:32,35,1,0
C0183,P0023,2025-10-14 04:27:18,548,14,0
C1098,P0010,2026-04-28 11:15:55,488,8,1
C1590,P0052,2026-01-19 10:43:29,164,2,0
C1038,P0178,2026-02-22 17:19:45,416,14,0
C1012,P0053,2025-11-16 23:23:05,412,6,1
C1054,P0191,2026-01-09 06:27:21,264,13,0
C1083,P0008,2025-10-20 01:29:30,470,12,1
C1655,P0159,2026-02-28 12:13:25,294,2,0
C1784,P0098,2026-06-06 02:33:25,79,9,1
C1740,P0049,2026-03-24 15:27:09,595,9,0
C0991,P0093,2025-06-18 09:01:21,158,2,0
C1120,P0038,2025-08-20 11:00:28,213,7,0
C1112,P0050,2026-03-05 17:04:14,394,5,0
C0940,P0121,2025-11-12 19:27:53,161,12,0
C1675,P0121,2026-03-11 06:44:12,581,11,0
C1683,P0137,2026-05-05 22:37:20,432,4,0
C0612,P0082,2026-04-15 17:02:03,145,3,0
C0177,P0198,2025-07-18 22:18:37,572,12,0
C0691,P0165,2025-12-15 03:09:39,405,10,0
C0471,P0157,2026-05-31 00:13:34,179,7,1
C1749,P0149,2025-12-08 07:36:42,239,13,0
C1125,P0161,2025-09-12 12:28:21,540,12,0
C0523,P0017,2026-01-03 19:06:32,456,9,0
C1630,P0021,2026-04-08 08:55:01,297,10,0
C0913,P0101,2026-03-03 19:44:48,506,7,0
C0540,P0041,2025-11-07 02:48:40,359,2,0
C1792,P0105,2025-07-29 05:20:37,459,9,0
C1037,P0141,2026-01-08 15:41:25,104,2,0
C1552,P0137,2025-11-15 17:47:42,333,6,0
C1483,P0054,2026-02-01 09:11:36,104,13,0
C1879,P0173,2025-11-07 12:07:13,166,9,0
C1752,P0008,2025-11-28 10:28:30,267,4,0
C0274,P0003,2025-11-30 07:29:47,32,6,0
C0940,P0149,2026-05-28 02:44:24,544,8,0
C0822,P0182,2026-05-02 17:01:35,69,4,0
C1557,P0013,2026-06-01 09:17:45,317,1,0
C0118,P0054,2025-10-05 05:47:13,569,12,0
C1839,P0053,2026-04-01 14:13:58,590,14,0
C1549,P0165,2025-08-05 08:58:59,106,8,0
C1794,P0081,2025-11-10 23:46:04,402,10,0
C0675,P0153,2025-12-11 11:51:22,391,6,0
C0017,P0012,2025-09-07 08:16:39,186,4,1
C1560,P0029,2025-08-23 00:01:33,175,9,0
C0740,P0122,2025-08-09 23:45:32,192,10,0
C0230,P0065,2026-04-20 07:50:16,123,12,0
C0784,P0175,2025-11-07 11:58:29,469,8,0
C1628,P0186,2025-10-01 12:39:37,506,5,1
C1706,P0187,2025-07-11 21:44:40,179,14,0
C0745,P0162,2026-03-28 18:29:17,425,6,0
C1415,P0153,2026-02-26 06:41:12,37,7,0
C1978,P0007,2026-01-22 07:10:17,16,11,0
C0373,P0135,2025-07-01 13:58:14,232,3,1
C0457,P0160,2026-05-20 06:56:01,335,8,0
C0225,P0200,2025-09-04 02:10:29,49,6,0
C1083,P0132,2025-12-23 06:15:03,199,13,0
C0489,P0157,2025-11-18 19:06:26,230,12,0
C1229,P0079,2026-01-17 14:44:47,128,7,0
C1964,P0004,2026-02-15 04:55:45,108,9,0
C0631,P0133,2025-07-11 06:56:13,438,11,1
C1167,P0032,2026-01-03 19:04:13,544,6,0
C0233,P0017,2026-06-05 17:17:44,575,10,0
C1516,P0199,2025-06-21 00:55:41,366,9,1
C0026,P0025,2026-01-14 17:12:57,398,11,0
C1325,P0083,2026-05-18 05:36:11,271,13,0
C1717,P0200,2025-11-24 18:29:04,364,4,0
C1007,P0095,2026-02-04 11:09:08,416,11,0
C0491,P0065,2025-09-21 03:52:21,53,4,0
C1126,P0182,2025-08-21 10:12:21,573,9,0
C0686,P0026,2025-08-29 16:30:35,9,4,0
C1844,P0105,2026-03-15 04:28:33,463,8,0
C1590,P0161,2025-12-30 05:37:51,426,11,0
C1762,P0015,2025-08-14 00:14:49,577,10,0
C0277,P0046,2025-09-28 06:50:11,457,6,1
C1318,P0062,2025-10-17 18:15:53,450,2,0
C1614,P0046,2025-06-24 15:03:23,227,14,0
C0003,P0006,2025-09-20 13:46:15,97,8,1
C1452,P0108,2025-10-20 15:24:44,165,1,0
C1776,P0075,2026-01-13 16:02:29,337,2,0
C1547,P0095,2025-10-26 09:39:06,496,6,1
C1705,P0016,2026-04-30 07:07:50,584,3,0
C1276,P0048,2025-06-15 14:34:29,94,14,1
C1017,P0076,2025-12-18 00:06:51,143,5,1
C1625,P0018,2026-01-13 14:36:48,23,7,0
C0311,P0102,2026-02-27 19:11:37,158,6,0
C1284,P0108,2025-12-05 13:37:09,575,13,0
C1378,P0017,2026-02-15 17:23:20,249,2,1
C0930,P0008,2025-10-10 01:24:09,145,10,1
C0008,P0096,2026-03-28 12:07:11,499,14,1
C0833,P0171,2025-10-29 16:00:40,43,1,0
C0187,P0084,2026-05-25 23:46:51,97,6,1
C1068,P0137,2025-09-25 14:48:53,425,10,0
C1572,P0101,2025-07-16 09:36:34,516,12,0
C1962,P0171,2025-07-07 11:29:43,174,12,0
C0872,P0066,2025-09-02 22:35:07,571,8,0
C0944,P0091,2026-01-12 02:39:12,159,9,1
C0349,P0195,2026-03-24 05:05:01,177,10,0
C0740,P0009,2025-08-04 12:55:37,442,8,1
C1271,P0155,2025-10-22 18:03:52,550,3,0
C0129,P0160,2026-01-23 17:58:01,331,1,0
C1859,P0148,2025-07-30 11:03:17,363,11,1
C1882,P0017,2025-09-14 19:10:13,278,13,1
C0116,P0093,2026-04-18 06:03:10,95,2,0
C0324,P0193,2025-11-19 20:30:02,118,1,0
C1082,P0154,2025-12-28 11:46:02,408,4,0
C1879,P0010,2026-02-05 16:52:17,319,11,0
C1065,P0105,2025-12-12 09:25:05,197,1,0
C1302,P0098,2026-02-02 05:58:10,584,5,0
C1280,P0139,2026-02-21 13:24:32,103,12,0
C0282,P0115,2025-10-08 10:17:34,407,13,1
C0700,P0199,2026-03-23 14:28:30,307,7,0
C0327,P0154,2025-10-11 18:38:15,556,5,0
C0405,P0132,2025-12-20 02:29:07,88,2,0
C0628,P0109,2026-05-31 08:51:18,225,8,1
C0553,P0112,2025-07-19 14:33:11,151,7,0
C1582,P0156,2026-05-03 01:57:54,498,9,1
C0475,P0068,2025-09-01 09:20:40,275,3,1
C0421,P0129,2025-06-21 03:09:23,371,8,1
C1307,P0040,2025-10-27 15:25:50,193,4,1
C0994,P0024,2025-08-22 12:16:40,540,10,1
C1028,P0067,2025-07-22 13:20:24,294,9,0
C0433,P0181,2026-02-24 05:42:56,252,4,1
C0279,P0109,2025-09-04 20:04:18,585,14,0
C0181,P0062,2025-12-22 18:38:27,513,9,0
C0700,P0054,2025-10-19 20:17:22,330,5,1
C1849,P0138,2026-05-23 05:38:35,395,7,0
C1958,P0085,2025-09-03 19:40:08,321,4,0
C1539,P0128,2026-03-18 18:03:51,346,4,1
C0844,P0038,2025-07-26 22:45:00,515,4,0
C0751,P0169,2026-03-18 00:40:08,347,10,0
C0306,P0030,2026-03-06 01:54:53,541,11,0
C1971,P0185,2025-11-03 16:57:07,386,11,0
C1071,P0118,2025-07-02 12:03:02,555,8,0
C1046,P0054,2025-06-21 06:12:28,276,11,0
C1823,P0170,2026-01-11 13:46:35,206,11,0
C0162,P0009,2026-02-28 04:16:57,484,10,0
C0726,P0017,2025-06-27 13:31:41,564,4,0
C1135,P0153,2025-12-10 03:44:01,106,1,0
C1857,P0191,2026-01-09 09:34:36,567,4,0
C1105,P0127,2025-06-10 09:35:50,92,2,0
C0104,P0015,2026-03-24 08:27:43,100,7,0
C1915,P0198,2025-11-07 18:43:16,5,7,0
C1402,P0167,2026-06-06 17:38:58,513,14,0
C0313,P0081,2026-05-25 03:57:16,422,11,0
C0681,P0073,2025-10-29 04:58:09,145,6,0
C0262,P0084,2025-06-18 03:34:19,312,5,0
C1539,P0081,2025-06-21 05:05:48,579,1,0
C1100,P0112,2026-01-07 07:47:35,179,13,0
C0183,P0192,2026-04-12 23:17:29,69,1,0
C0963,P0015,2026-03-19 12:51:08,104,4,0
C1938,P0113,2025-06-17 08:29:44,47,4,0
C1443,P0078,2025-10-23 07:14:50,274,2,0
C0701,P0132,2025-12-13 08:15:57,319,13,0
C1875,P0134,2026-04-12 06:24:43,172,3,0
C0193,P0197,2025-09-28 04:10:11,287,6,0
C1000,P0013,2025-11-07 03:42:56,244,14,0
C1507,P0147,2026-05-15 21:37:55,596,11,1
C1579,P0089,2025-09-14 15:02:29,99,4,1
C0428,P0151,2026-02-06 19:37:08,518,8,0
C1046,P0115,2026-05-18 16:41:29,317,5,1
C0840,P0007,2025-12-13 20:18:36,210,8,0
C0375,P0195,2026-03-30 07:07:16,599,3,1
C1234,P0072,2026-05-01 11:55:48,128,1,0
C0113,P0012,2026-01-04 22:59:08,130,5,0
C0331,P0133,2026-01-15 13:14:36,287,12,0
C1425,P0134,2026-03-29 02:29:00,101,5,1
C0569,P0156,2026-01-30 19:14:18,73,6,0
C0888,P0059,2025-11-14 13:59:26,37,14,1
C0050,P0112,2026-05-31 16:06:51,493,3,1
C0726,P0197,2025-09-10 04:12:35,454,14,0
C0559,P0167,2025-11-03 06:02:09,456,1,0
C1165,P0084,2025-12-04 20:21:47,395,7,0
C1550,P0147,2025-06-09 03:16:47,132,6,0
C1501,P0148,2026-05-30 05:03:15,33,8,1
C0338,P0063,2026-04-19 00:51:17,365,9,1
C1416,P0062,2025-09-28 21:59:37,206,1,0
C0322,P0006,2025-07-02 19:20:17,574,5,1
C1436,P0062,2025-07-29 06:17:26,86,10,1
C1492,P0169,2026-02-10 01:56:49,208,7,0
C1019,P0131,2026-02-13 04:49:04,102,9,0
C1827,P0002,2025-12-03 03:02:56,590,6,0
C0022,P0154,2026-03-01 15:24:28,443,7,0
C0219,P0157,2025-09-18 04:10:38,499,6,0
C0020,P0041,2026-03-05 09:34:30,152,12,0
C0403,P0084,2025-07-07 17:09:25,487,2,1
C1438,P0053,2025-07-26 01:41:37,138,11,0
C1802,P0073,2025-08-01 17:29:20,485,6,0
C0745,P0187,2025-06-27 19:37:09,104,11,0
C0508,P0002,2025-09-17 19:59:26,417,4,1
C1089,P0083,2025-12-30 04:39:28,158,9,1
C0266,P0053,2025-08-01 16:26:38,83,11,1
C0662,P0179,2026-01-07 07:21:30,564,5,0
C0891,P0022,2025-09-11 19:18:26,418,9,0
C0284,P0193,2025-06-11 22:04:31,305,4,0
C1031,P0049,2025-10-16 12:23:30,141,4,0
C0083,P0129,2025-07-01 19:20:30,424,9,0
C1261,P0046,2025-08-07 10:47:22,266,6,0
C0657,P0074,2025-10-27 11:11:55,374,11,0
C0054,P0178,2025-10-06 02:52:47,423,4,1
C1531,P0085,2026-04-03 09:59:53,131,9,1
C1948,P0111,2025-07-06 01:34:48,275,4,0
C1629,P0123,2025-07-24 00:56:25,77,11,1
C1946,P0147,2025-11-18 07:15:08,252,12,0
C1809,P0043,2026-01-23 09:55:57,381,9,1
C0170,P0178,2025-11-04 15:31:40,216,13,0
C1704,P0039,2026-03-08 02:50:39,373,5,1
C0151,P0111,2026-05-18 05:00:34,484,4,0
C1071,P0063,2026-04-28 16:20:49,370,5,0
C0299,P0176,2026-05-13 20:02:48,300,11,1
C0061,P0178,2026-03-24 20:15:15,318,1,0
C0331,P0016,2025-10-10 02:33:21,342,14,0
C1328,P0138,2026-01-30 19:15:33,342,6,0
C0639,P0019,2025-11-04 22:36:05,168,11,0
C0319,P0077,2025-11-30 05:06:36,508,14,0
C0387,P0102,2026-06-06 23:47:16,498,10,0
C0721,P0073,2025-08-09 06:02:45,513,6,1
C1643,P0089,2025-10-12 08:03:32,299,1,0
C1980,P0028,2026-01-21 09:37:31,553,9,0
C1874,P0056,2026-03-31 12:35:00,191,5,0
C0770,P0189,2025-11-11 21:37:43,574,11,0
C0123,P0188,2025-08-18 02:42:37,424,2,1
C1276,P0107,2025-11-27 18:13:28,553,12,0
C1554,P0098,2026-06-04 10:59:47,67,6,0
C0512,P0139,2026-04-04 01:00:17,189,13,0
C0772,P0135,2025-11-25 17:23:23,577,11,0
C0822,P0088,2026-04-12 11:27:26,211,1,0
C0823,P0003,2025-11-14 03:34:37,125,1,1
C1638,P0038,2026-06-03 21:44:06,345,13,0
C0645,P0092,2025-08-22 23:52:31,25,2,0
C0455,P0195,2025-10-15 20:10:34,307,4,0
C1619,P0035,2026-02-01 23:28:46,73,1,0
C0196,P0140,2025-12-21 12:10:40,448,11,0
C0312,P0023,2025-09-15 18:16:38,281,13,1
C1343,P0122,2026-01-27 15:47:39,56,8,1
C0153,P0055,2025-10-19 14:40:09,548,7,0
C1888,P0133,2026-05-07 17:08:52,552,14,0
C1201,P0106,2026-01-24 01:20:42,318,7,0
C0848,P0097,2026-03-08 10:55:42,217,13,1
C0137,P0006,2026-05-03 01:10:09,113,3,1
C1063,P0150,2026-05-02 15:27:33,429,6,0
C0261,P0170,2025-09-14 08:26:45,91,1,1
C0076,P0195,2026-04-16 18:58:43,418,9,0
C0895,P0029,2026-01-10 07:41:57,243,5,0
C1623,P0141,2025-12-24 06:43:00,562,4,0
C0495,P0112,2026-04-13 09:29:09,49,1,0
C1271,P0104,2026-04-22 15:40:16,454,5,1
C0646,P0108,2025-11-21 10:00:27,22,14,1
C0662,P0033,2025-06-19 16:45:52,418,1,0
C0638,P0160,2026-04-15 09:03:40,503,14,0
C0634,P0138,2025-06-16 11:52:28,119,4,0
C0674,P0028,2025-07-31 02:33:12,15,14,1
C1703,P0047,2026-04-05 01:24:38,131,3,0
C0118,P0143,2026-01-22 01:40:52,386,12,0
C1688,P0072,2026-05-06 01:04:33,367,13,0
C0137,P0175,2026-02-25 03:46:14,293,14,0
C1505,P0019,2025-10-23 23:43:46,199,10,1
C1960,P0175,2026-03-30 02:46:01,453,13,0
C0946,P0098,2025-06-24 08:43:00,503,13,1
C0758,P0129,2026-01-26 10:07:56,97,13,0
C0560,P0177,2025-11-30 07:46:49,249,13,0
C0925,P0039,2026-03-14 12:46:44,286,1,1
C0071,P0013,2025-11-17 15:12:21,329,10,1
C0305,P0195,2026-01-16 06:29:03,11,10,1
C0817,P0103,2025-07-26 23:17:13,197,1,0
C1598,P0017,2026-02-06 12:08:42,175,9,0
C0251,P0131,2025-08-12 23:50:14,211,13,0
C1653,P0160,2025-11-06 04:59:41,384,9,1
C1846,P0156,2026-03-08 11:48:18,77,8,0
C1848,P0065,2025-10-08 03:10:29,97,9,0
C1622,P0080,2026-04-09 10:50:41,429,3,1
C1388,P0179,2025-06-21 14:43:23,203,14,0
C1437,P0083,2025-07-31 10:23:40,433,3,1
C0139,P0181,2025-12-09 03:16:59,546,9,0
C1256,P0146,2026-04-25 10:06:01,439,2,0
C1760,P0136,2025-08-08 04:39:48,538,6,1
C0716,P0185,2025-12-22 12:58:05,296,12,1
C0116,P0057,2025-07-18 21:21:51,53,13,1
C0082,P0066,2025-11-21 23:56:41,337,13,0
C0335,P0020,2025-09-01 08:07:28,225,11,0
C1770,P0067,2025-10-02 05:29:26,7,6,1
C0206,P0064,2025-11-16 14:45:20,44,11,0
C0951,P0062,2025-08-19 08:31:35,511,12,0
C1908,P0075,2025-07-23 16:42:50,126,11,0
C0096,P0091,2025-08-08 20:18:58,418,11,0
C0898,P0062,2026-04-07 12:56:55,260,1,0
C0905,P0092,2025-11-05 03:08:13,128,2,0
C0317,P0048,2025-11-30 00:03:12,413,4,0
C1160,P0058,2026-03-13 06:15:45,372,13,1
C1854,P0039,2025-06-21 13:30:18,484,10,1
C1524,P0099,2026-03-21 19:36:22,489,3,0
C1728,P0044,2025-10-04 15:24:53,545,11,0
C0583,P0092,2026-03-08 22:02:03,269,12,0
C1926,P0157,2025-07-25 01:35:55,446,1,0
C1424,P0131,2025-11-12 22:01:45,580,10,0
C0804,P0062,2025-10-09 12:06:13,449,13,1
C0267,P0054,2026-05-02 13:05:24,532,8,1
C0616,P0059,2026-03-15 05:15:18,44,13,0
C0955,P0130,2026-04-15 14:58:21,304,11,0
C1231,P0080,2026-03-28 16:07:50,597,10,0
C0514,P0178,2026-02-02 09:18:21,400,3,0
C0858,P0023,2025-12-10 09:53:20,322,1,1
C0384,P0062,2025-08-25 15:28:27,509,3,0
C0678,P0195,2025-07-03 02:19:17,226,13,0
C1153,P0173,2026-05-17 12:16:51,160,5,1
C1402,P0110,2025-11-23 21:25:29,590,7,1
C1461,P0132,2025-11-11 17:04:46,484,7,0
C0887,P0070,2025-12-22 03:00:09,344,10,1
C1893,P0084,2026-01-20 17:25:27,208,1,0
C1564,P0136,2025-06-19 04:20:15,579,6,1
C1094,P0125,2026-04-24 13:23:38,409,3,0
C1615,P0005,2026-02-10 17:04:48,124,14,0
C0690,P0176,2026-01-14 16:33:01,221,8,0
C0366,P0187,2025-07-08 19:15:55,508,8,0
C1791,P0157,2026-03-23 10:15:39,459,8,0
C0077,P0146,2025-11-26 18:13:19,262,8,0
C0331,P0182,2026-01-18 02:33:20,554,11,1
C1300,P0140,2025-07-26 03:35:28,303,13,1
C0799,P0091,2025-08-24 09:35:39,484,13,1
C0458,P0195,2025-09-11 06:22:34,369,11,0
C1699,P0095,2025-06-17 02:57:57,404,13,0
C0781,P0113,2025-07-19 19:52:27,463,11,0
C0917,P0182,2026-04-15 22:38:05,512,5,1
C0803,P0086,2025-11-29 12:22:38,170,14,0
C0920,P0114,2026-04-26 02:40:18,437,4,1
C1952,P0183,2026-05-13 14:41:44,211,11,0
C1466,P0099,2025-07-07 22:38:28,519,5,0
C1877,P0125,2025-09-19 04:18:28,142,3,0
C0537,P0068,2026-04-06 20:11:08,577,13,0
C0383,P0019,2026-01-12 17:01:01,454,10,0
C0573,P0171,2026-03-21 21:01:44,280,3,0
C0855,P0152,2025-08-14 23:14:55,544,5,0
C1215,P0059,2026-04-05 15:45:19,567,5,0
C0780,P0050,2025-08-15 20:58:20,117,10,1
C1492,P0166,2026-03-24 04:22:04,18,11,0
C0288,P0139,2026-05-15 02:33:34,193,2,0
C1179,P0055,2026-03-08 21:28:19,475,11,0
C0277,P0172,2025-07-31 01:07:02,347,9,0
C0571,P0089,2026-04-27 02:06:00,186,10,0
C0918,P0083,2025-10-26 15:21:32,68,7,1
C1284,P0193,2025-09-10 04:11:42,410,6,0
C1778,P0175,2026-02-07 13:29:34,97,14,0
C0654,P0178,2025-07-04 13:49:11,408,2,0
C1136,P0161,2025-11-14 19:06:48,379,11,0
C1067,P0012,2025-06-18 06:31:35,300,6,0
C0532,P0166,2025-07-24 12:56:59,160,8,1
C0090,P0094,2026-04-01 05:53:12,17,13,0
C1858,P0037,2026-05-09 16:27:16,442,10,0
C1611,P0200,2025-08-13 08:07:57,154,4,1
C1032,P0029,2025-10-08 03:57:02,300,10,0
C0926,P0128,2025-11-19 18:54:44,344,4,1
C0439,P0144,2025-10-06 04:26:12,523,13,0
C0955,P0184,2026-05-06 16:32:51,159,5,0
C1239,P0088,2025-09-09 18:45:42,260,9,0
C0931,P0179,2025-12-24 06:57:27,216,5,1
C1258,P0119,2026-03-25 22:20:41,268,5,0
C1758,P0110,2025-11-09 03:34:49,280,12,0
C1767,P0053,2025-09-01 12:46:56,272,1,0
C1809,P0064,2025-11-10 03:15:51,354,13,0
C1939,P0011,2025-12-04 12:24:25,102,2,0
C1095,P0108,2026-04-06 17:08:09,574,2,0
C0763,P0020,2025-06-30 22:54:00,54,6,0
C0728,P0138,2026-03-10 11:13:01,568,5,1
C1108,P0131,2025-06-21 15:18:14,588,8,0
C0236,P0056,2025-09-10 08:00:22,364,11,0
C0110,P0192,2026-02-26 22:34:17,97,14,0
C0568,P0060,2025-11-14 09:43:59,43,12,0
C1073,P0164,2026-02-20 13:28:53,17,4,0
C0101,P0026,2026-02-14 15:31:38,90,4,0
C1247,P0082,2026-05-30 10:10:22,170,8,0
C1919,P0120,2026-05-02 10:39:25,475,6,0
C1666,P0031,2025-07-03 04:03:42,379,11,0
C1326,P0096,2026-05-04 06:26:13,194,5,0
C0192,P0010,2026-04-03 08:30:48,428,14,1
C1944,P0099,2025-06-29 23:30:44,116,12,0
C1470,P0087,2026-02-10 05:03:38,149,1,0
C1271,P0057,2025-08-17 09:07:55,443,10,0
C0181,P0184,2026-05-02 21:23:51,230,9,0
C0790,P0141,2026-05-16 04:47:28,93,2,0
C1395,P0168,2026-05-12 02:32:41,403,10,1
C1295,P0063,2025-12-16 03:29:08,507,7,1
C1549,P0081,2026-04-21 22:29:19,36,9,0
C0040,P0148,2026-05-10 23:32:34,222,11,0
C0981,P0082,2025-07-22 07:05:15,205,12,0
C1452,P0038,2026-04-25 22:41:26,215,12,0
C1351,P0048,2025-07-14 19:19:21,22,7,0
C1831,P0196,2026-05-16 20:23:02,191,9,0
C0224,P0062,2025-10-05 02:21:24,492,13,0
C0877,P0081,2025-09-26 05:30:48,233,6,0
C0979,P0077,2025-12-19 11:17:33,192,10,1
C0270,P0095,2026-03-23 02:34:58,314,4,0
C1575,P0072,2025-08-01 05:32:14,191,6,0
C1215,P0166,2025-10-11 00:18:45,124,12,1
C0053,P0195,2026-05-12 12:10:34,416,3,0
C1261,P0150,2026-05-04 08:06:46,426,8,1
C0247,P0072,2025-08-17 15:51:45,189,6,0
C1230,P0032,2026-04-19 21:56:12,391,11,0
C1100,P0177,2025-07-24 07:57:40,353,5,0
C1726,P0052,2026-01-08 09:31:45,349,9,0
C0287,P0084,2026-04-27 21:23:43,491,6,0
C0388,P0013,2025-09-03 07:31:28,561,10,0
C1650,P0177,2026-02-20 17:04:24,280,4,0
C0717,P0081,2025-08-07 06:56:44,485,1,1
C0911,P0017,2026-01-24 23:57:31,62,8,0
C1755,P0109,2026-05-20 08:51:55,283,14,1
C0328,P0008,2026-05-04 16:43:20,319,10,0
C1135,P0187,2026-01-02 10:31:45,233,1,0
C0156,P0189,2025-12-10 01:48:50,276,7,0
C1026,P0145,2026-01-28 13:35:09,290,7,0
C0013,P0096,2025-07-02 12:54:48,502,13,0
C0238,P0094,2026-01-05 01:07:28,342,13,1
C1195,P0094,2026-05-25 02:25:45,571,1,0
C0936,P0116,2025-08-25 08:26:29,147,9,0
C1204,P0108,2025-09-02 22:10:09,483,5,0
C0471,P0128,2025-12-02 11:47:34,421,9,0
C0308,P0137,2026-05-19 04:17:50,371,1,1
C1068,P0075,2025-06-26 21:48:13,102,9,0
C1824,P0015,2026-03-08 21:21:44,144,1,0
C1261,P0185,2025-12-19 11:18:35,76,11,0
C1214,P0012,2026-05-30 12:04:51,325,11,1
C1256,P0042,2026-05-28 05:24:30,143,7,1
C1707,P0095,2026-02-16 08:49:52,277,1,0
C0416,P0085,2025-08-10 08:43:10,428,7,0
C1592,P0134,2026-02-07 18:48:47,346,2,0
C0614,P0165,2026-05-09 07:20:59,497,3,0
C0822,P0200,2025-08-18 21:21:48,237,1,0
C0227,P0115,2025-10-13 05:57:48,143,8,0
C0817,P0149,2025-09-05 15:13:38,119,2,0
C1087,P0104,2025-11-01 20:26:03,277,6,1
C1171,P0184,2025-06-30 04:03:21,32,2,0
C1574,P0119,2025-12-31 15:26:31,297,3,0
C1268,P0068,2026-03-25 06:31:50,222,1,0
C1323,P0164,2025-09-14 03:54:01,62,13,0
C0308,P0058,2025-10-05 09:03:31,292,1,0
C1129,P0188,2025-08-06 19:27:20,498,3,1
C1210,P0099,2025-10-06 23:21:57,214,8,0
C0609,P0191,2025-08-19 23:12:36,464,8,0
C0472,P0114,2026-01-29 19:19:40,496,11,0
C0137,P0111,2026-04-18 23:30:54,188,12,1
C1311,P0119,2026-03-12 08:54:09,541,2,0
C1603,P0152,2026-01-30 03:13:07,514,6,0
C1002,P0073,2026-05-02 11:24:42,286,4,0
C1984,P0104,2026-01-05 05:45:02,14,3,1
C1859,P0152,2025-08-12 18:14:48,9,3,0
C1978,P0027,2026-05-18 21:31:20,468,1,0
C0271,P0163,2026-02-05 09:10:10,464,9,0
C1717,P0044,2026-01-26 18:44:06,286,2,0
C0351,P0178,2025-10-21 15:04:13,144,7,0
C1156,P0087,2025-07-05 08:41:46,187,1,1
C1270,P0089,2025-10-04 19:06:22,582,14,0
C1923,P0122,2026-02-26 12:07:49,153,9,0
C0852,P0177,2026-03-01 03:46:26,473,14,0
C1505,P0116,2026-05-27 15:17:57,298,13,0
C1167,P0110,2026-01-02 21:56:31,306,9,0
C0789,P0121,2026-01-31 19:43:33,74,1,0
C0875,P0112,2025-06-28 05:18:40,368,7,0
C1988,P0091,2025-07-07 12:41:56,534,5,0
C0739,P0104,2025-08-17 17:48:39,196,3,0
C1576,P0138,2025-09-24 23:18:29,349,4,0
C1009,P0200,2026-05-22 04:58:35,507,11,1
C0573,P0192,2025-06-29 13:43:05,9,10,0
C1261,P0181,2025-09-16 04:43:42,315,5,0
C0056,P0187,2025-11-20 23:54:03,241,6,1
C1885,P0197,2025-09-17 08:29:02,589,11,0
C0752,P0002,2026-04-25 18:36:13,453,8,0
C1724,P0051,2026-03-17 07:19:22,34,11,1
C0108,P0076,2025-06-26 12:08:12,449,13,0
C1462,P0122,2025-11-28 15:49:47,461,7,0
C1759,P0186,2025-12-30 17:43:24,499,2,0
C1271,P0031,2026-05-29 13:03:46,568,9,0
C1612,P0129,2026-01-08 16:07:45,443,6,0
C0552,P0101,2026-05-19 08:57:49,115,1,0
C1857,P0191,2026-06-01 14:35:47,494,6,0
C1450,P0149,2025-06-27 06:36:10,339,1,0
C0022,P0166,2025-09-09 06:05:44,212,8,0
C0702,P0175,2026-03-03 17:17:11,533,6,0
C0602,P0141,2026-06-08 13:13:36,170,1,0
C0496,P0078,2025-06-08 18:37:44,433,6,1
C0163,P0110,2025-12-27 06:51:08,530,8,1
C1469,P0143,2026-03-21 06:15:36,513,11,0
C0269,P0159,2026-02-23 20:06:00,249,8,0
C0675,P0060,2026-03-23 03:01:56,10,5,0
C0982,P0058,2026-04-26 20:38:01,411,9,0
C1954,P0026,2025-11-25 16:19:24,9,10,1
C1556,P0134,2025-09-24 06:03:27,575,2,0
C0146,P0132,2025-08-25 17:02:26,253,14,0
C1486,P0013,2026-05-22 19:18:39,388,12,0
C0887,P0143,2025-11-24 03:52:43,23,11,0
C0751,P0163,2026-05-29 01:41:30,341,3,1
C1939,P0148,2026-01-14 03:24:41,126,12,0
C1896,P0152,2026-03-18 19:59:31,321,13,0
C0145,P0071,2025-08-03 14:50:21,367,2,1
C1089,P0099,2026-05-13 22:36:47,168,13,0
C1990,P0058,2025-10-29 05:30:48,132,14,0
C1957,P0112,2025-07-27 19:55:10,467,14,1
C1860,P0040,2025-07-06 22:28:38,191,12,1
C1936,P0190,2025-08-17 01:08:11,392,13,0
C0858,P0028,2025-08-10 09:54:00,241,2,1
C1311,P0003,2026-01-27 22:25:31,140,8,1
C1807,P0171,2025-11-08 06:16:32,163,9,1
C1511,P0045,2025-07-02 23:29:04,587,8,1
C0876,P0115,2026-01-13 21:43:55,107,10,0
C1149,P0057,2025-10-26 22:53:48,462,6,1
C0658,P0114,2026-03-18 02:06:07,201,5,0
C0733,P0167,2026-03-07 12:50:24,576,2,1
C0171,P0126,2025-12-14 15:07:20,177,7,1
C0453,P0094,2026-01-14 04:10:11,498,12,0
C1028,P0093,2025-10-23 07:14:41,10,10,0
C1170,P0015,2026-02-27 22:39:30,428,10,0
C0608,P0006,2025-10-17 15:13:15,380,11,0
C0447,P0067,2025-08-24 11:38:53,110,11,0
C0811,P0145,2025-09-22 10:57:56,100,4,1
C0959,P0196,2025-11-17 09:45:44,420,6,1
C1528,P0198,2025-08-14 02:36:07,295,6,0
C1217,P0150,2025-11-14 11:02:15,519,9,1
C1340,P0076,2025-12-04 21:23:12,274,1,0
C1554,P0113,2026-05-07 07:21:29,255,9,1
C0841,P0023,2026-01-12 09:15:17,87,13,1
C1199,P0069,2025-06-26 15:41:37,51,4,0
C1280,P0030,2025-10-27 20:09:54,285,12,0
C1261,P0112,2025-08-14 14:19:25,499,9,0
C1610,P0058,2026-05-18 11:21:50,379,9,1
C1049,P0078,2025-08-03 16:25:39,359,4,0
C0048,P0010,2025-09-23 09:58:30,103,11,0
C1547,P0085,2025-11-20 04:47:43,409,6,0
C0685,P0135,2025-07-31 23:57:36,507,1,0
C1472,P0126,2025-11-01 08:00:57,580,2,0
C0844,P0121,2026-05-26 08:02:11,58,11,0
C1355,P0016,2025-06-30 03:58:28,245,3,1
C1554,P0187,2025-09-16 16:51:56,266,9,1
C1388,P0175,2025-07-19 01:17:24,243,10,1
C0076,P0188,2026-06-01 11:57:41,337,4,1
C0999,P0130,2026-04-30 08:54:34,478,11,0
C1947,P0027,2025-09-18 11:38:10,595,8,1
C1287,P0191,2025-10-25 05:04:10,579,8,1
C0892,P0012,2026-05-19 01:36:15,145,14,0
C1579,P0017,2026-02-23 07:53:53,67,13,0
C0465,P0120,2026-05-02 21:54:00,524,5,1
C0090,P0036,2025-08-14 10:16:01,179,12,0
C1637,P0158,2026-04-05 22:05:46,404,14,0
C0970,P0071,2025-06-15 08:32:02,184,12,1
C1405,P0037,2025-08-06 05:52:36,199,4,0
C1455,P0174,2026-03-04 16:38:36,440,3,0
C0461,P0106,2025-08-27 06:43:16,25,5,1
C0027,P0055,2026-05-26 02:41:57,289,4,0
C0281,P0070,2025-07-29 12:33:33,168,2,0
C0918,P0016,2026-03-23 21:03:38,150,5,1
C0950,P0100,2026-02-18 03:20:27,34,13,0
C1811,P0034,2026-04-10 22:51:59,431,14,0
C1910,P0100,2025-12-09 15:37:20,538,4,1
C1972,P0111,2026-02-22 19:32:55,554,6,1
C1140,P0079,2025-11-23 00:48:41,445,4,0
C1033,P0032,2026-03-03 12:18:33,392,2,0
C1874,P0005,2025-12-25 00:23:22,591,5,1
C0278,P0186,2025-12-27 00:27:46,304,2,0
C0589,P0042,2026-04-06 14:17:07,139,4,0
C1171,P0159,2025-11-20 17:55:35,388,3,0
C0441,P0085,2025-08-26 21:08:35,193,3,0
C1631,P0181,2026-05-29 06:53:50,292,2,0
C0187,P0116,2025-08-08 21:13:08,142,2,1
C0194,P0060,2025-09-28 17:59:07,148,14,0
C0423,P0159,2026-05-24 05:48:06,111,8,0
C0129,P0139,2026-03-29 16:09:25,345,4,0
C1351,P0154,2025-12-01 11:26:26,310,12,0
C0607,P0092,2025-11-18 13:57:16,325,12,0
C1205,P0106,2026-06-06 15:15:19,390,10,0
C1816,P0004,2026-03-17 02:47:52,112,3,0
C0410,P0040,2026-06-03 06:29:16,175,11,1
C0493,P0195,2026-01-29 14:12:14,16,3,1
C0490,P0027,2025-10-10 08:30:49,186,2,0
C1841,P0144,2025-06-27 07:05:09,320,6,0
C0030,P0084,2025-11-15 03:39:28,100,13,1
C0778,P0188,2025-11-05 05:08:27,302,8,0
C1761,P0077,2026-04-12 22:14:08,365,6,1
C0554,P0047,2026-01-10 05:38:55,425,6,0
C1744,P0022,2025-06-26 19:12:55,189,4,0
C0754,P0107,2026-05-07 21:42:06,287,9,1
C0336,P0162,2026-05-24 09:21:17,164,10,0
C1625,P0066,2025-08-20 09:09:53,16,8,1
C1097,P0076,2026-05-02 13:51:41,205,10,0
C1888,P0176,2025-11-04 18:22:35,43,12,0
C0578,P0065,2026-05-11 06:00:32,439,12,0
C1700,P0152,2026-01-03 20:22:42,390,9,0
C1102,P0194,2025-07-19 02:12:45,289,12,0
C0613,P0156,2026-02-19 16:06:14,344,13,0
C0871,P0024,2025-06-18 14:15:00,132,10,1
C0332,P0150,2026-03-04 18:32:19,458,4,0
C1709,P0164,2025-11-05 09:29:07,26,14,0
C0639,P0080,2026-02-10 06:14:47,360,8,0
C0729,P0096,2025-11-01 14:37:02,168,4,1
C1554,P0038,2025-12-09 21:32:03,199,7,0
C0480,P0109,2025-09-21 12:55:05,127,11,0
C0965,P0196,2026-04-12 11:02:27,108,3,0
C1486,P0198,2025-12-11 23:39:46,400,1,1
C1005,P0087,2025-08-07 22:55:00,146,13,1
C1735,P0046,2026-01-06 15:32:44,531,12,0
C1425,P0169,2026-04-19 00:20:22,314,12,1
C0610,P0005,2026-01-20 19:02:41,113,11,0
C0372,P0087,2025-11-25 01:35:40,210,11,0
C0865,P0031,2025-08-24 03:19:41,359,1,0
C0476,P0083,2025-07-09 08:48:37,114,6,0
C0190,P0032,2025-12-24 19:57:25,255,4,0
C0291,P0133,2025-06-10 17:36:27,205,13,0
C0326,P0153,2025-08-16 10:40:40,512,11,1
C1625,P0072,2026-03-08 01:25:32,251,1,0
C1748,P0172,2025-12-03 11:07:45,591,7,0
C0566,P0088,2025-10-04 20:39:43,58,10,1
C0528,P0099,2026-03-06 04:04:32,536,14,0
C1987,P0193,2026-04-01 03:22:08,62,5,0
C1135,P0129,2025-09-22 12:22:05,330,8,0
C0029,P0112,2025-06-09 08:38:02,135,12,0
C1699,P0197,2026-04-24 21:23:31,479,12,0
C1228,P0109,2025-12-18 11:53:29,280,9,0
C1703,P0004,2026-02-19 10:01:27,247,6,0
C1811,P0102,2025-12-31 11:22:41,175,13,1
C1933,P0188,2025-09-29 07:10:27,445,6,1
C1500,P0052,2025-10-18 04:25:30,115,5,0
C0877,P0086,2026-02-19 04:23:21,47,3,0
C1992,P0200,2025-12-07 02:02:34,30,7,0
C0299,P0077,2025-07-22 13:41:03,141,4,0
C0440,P0039,2025-06-21 07:22:04,439,12,0
C1231,P0183,2026-03-13 03:25:25,46,11,1
C1547,P0038,2026-01-28 23:09:34,431,3,0
C1472,P0134,2025-12-11 04:13:45,373,10,0
C1244,P0065,2025-10-04 15:41:33,236,8,0
C1467,P0052,2025-07-02 10:55:56,380,7,0
C0267,P0103,2025-12-17 11:02:20,321,4,0
C1945,P0140,2026-05-30 19:40:26,567,5,0
C1445,P0046,2026-03-01 12:09:43,273,9,1
C0381,P0118,2025-11-02 15:32:48,570,9,1
C0116,P0118,2025-08-18 07:05:23,264,11,0
C1504,P0049,2026-02-17 03:37:07,11,14,0
C1658,P0011,2026-04-10 20:31:54,352,6,0
C1239,P0173,2025-11-16 10:50:44,502,12,0
C0747,P0111,2025-09-11 14:56:51,317,10,0
C0921,P0054,2025-12-03 10:03:27,545,3,0
C0865,P0164,2025-09-30 13:03:01,338,3,0
C0798,P0092,2025-09-11 06:17:53,277,3,0
C0720,P0158,2025-12-28 23:54:13,504,13,0
C0685,P0079,2026-03-06 09:52:19,221,3,1
C0358,P0106,2026-05-18 14:50:24,511,5,0
C0576,P0166,2025-08-02 19:33:27,324,7,1
C0217,P0007,2025-09-21 01:06:46,282,1,1
C1746,P0169,2025-11-09 11:43:54,334,10,0
C1465,P0135,2025-07-17 21:31:35,500,13,1
C1330,P0052,2025-06-15 07:07:50,517,12,0
C0949,P0188,2026-04-27 07:09:46,520,1,0
C0644,P0171,2026-03-12 17:59:01,506,10,0
C1284,P0001,2025-06-17 13:20:31,75,14,0
C1202,P0189,2025-06-21 15:58:38,295,8,0
C1789,P0152,2026-01-26 02:44:10,296,2,0
C0756,P0123,2026-01-09 11:05:23,287,14,1
C0377,P0146,2026-04-01 08:14:31,160,12,1
C1437,P0016,2026-02-19 23:02:51,359,11,0
C1211,P0031,2026-04-19 19:56:09,264,5,0
C1553,P0039,2026-04-20 03:14:28,308,14,0
C1968,P0039,2025-10-29 21:57:41,493,4,0
C0542,P0158,2025-07-29 13:24:39,282,11,0
C1090,P0108,2026-05-06 21:06:21,272,14,1
C1828,P0018,2026-03-29 04:45:20,94,5,1
C0255,P0199,2025-11-22 19:25:37,257,1,0
C0383,P0186,2026-05-11 10:55:06,94,13,0
C0390,P0070,2025-08-06 05:19:57,48,8,0
C1688,P0086,2026-01-03 18:13:56,23,5,0
C1938,P0095,2026-05-15 07:14:48,361,14,0
C1785,P0170,2025-09-22 07:58:22,37,10,0
C1253,P0012,2026-03-17 10:15:54,159,7,1
C0905,P0149,2025-10-20 02:58:25,545,1,1
C0747,P0190,2025-09-20 02:43:40,121,2,1
C1716,P0117,2025-06-09 15:15:19,176,6,0
C0274,P0003,2026-02-15 20:37:59,139,11,0
C1746,P0166,2025-10-16 02:56:47,425,10,0
C1953,P0108,2025-09-23 04:24:20,382,11,0
C0580,P0123,2025-12-14 11:28:22,200,1,0
C1122,P0093,2025-07-02 08:06:32,26,2,0
C1196,P0127,2025-09-05 08:39:36,138,10,0
C1049,P0185,2025-09-09 21:06:52,89,7,1
C1787,P0144,2026-03-12 12:44:52,416,12,0
C0179,P0119,2025-07-22 14:34:31,437,9,1
C0954,P0173,2026-05-29 14:22:34,420,5,1
C0727,P0197,2025-06-12 10:23:18,558,5,0
C0480,P0187,2026-03-03 16:47:16,334,11,0
C1831,P0122,2026-05-25 23:50:33,127,3,1
C1363,P0010,2025-09-06 21:41:13,352,13,1
C0975,P0035,2025-08-03 23:56:35,522,12,0
C0623,P0038,2026-02-28 03:48:18,593,13,1
C1171,P0067,2025-12-02 15:14:42,524,7,0
C0122,P0084,2025-11-18 12:46:51,179,4,0
C1715,P0085,2025-11-30 20:46:53,455,13,0
C1160,P0087,2026-03-19 02:17:27,20,13,0
C1219,P0009,2025-06-27 23:28:57,338,13,0
C1017,P0071,2025-07-27 01:33:45,19,7,1
C1638,P0169,2025-12-26 21:26:11,412,1,0
C1452,P0001,2025-10-06 12:24:52,270,11,0
C1232,P0110,2025-10-04 02:06:02,373,9,1
C0306,P0012,2026-02-01 16:53:26,349,1,0
C1724,P0154,2025-08-10 23:07:39,498,14,1
C0937,P0164,2025-10-14 01:04:51,175,6,0
C0965,P0171,2025-12-06 03:53:08,29,2,1
C1214,P0141,2025-10-23 13:42:57,559,14,0
C1820,P0146,2025-11-27 19:32:10,319,12,0
C1343,P0185,2026-05-26 01:16:07,96,3,0
C1080,P0155,2025-12-31 13:02:42,115,9,0
C0232,P0068,2026-03-24 05:16:31,253,2,0
C0323,P0154,2025-06-24 08:01:30,522,8,0
C1456,P0094,2026-03-23 04:59:16,433,13,1
C1733,P0025,2026-03-03 04:19:27,152,6,0
C0850,P0111,2026-02-19 23:11:49,70,10,0
C0813,P0114,2025-12-13 13:51:13,179,12,0
C0495,P0114,2026-04-01 11:30:15,115,9,1
C1463,P0147,2026-02-18 12:29:40,39,7,0
C1333,P0026,2026-03-17 23:49:02,18,6,0
C0557,P0172,2025-12-29 18:10:06,237,1,0
C0563,P0171,2025-10-28 00:06:05,444,6,1
C1299,P0082,2025-12-21 11:24:18,80,7,0
C1756,P0092,2026-04-25 23:10:21,293,3,0
C1564,P0123,2026-04-20 04:33:34,257,14,1
C1201,P0037,2026-03-03 20:14:42,414,3,0
C1634,P0127,2026-01-03 15:35:07,487,8,0
C0592,P0038,2025-07-24 22:36:28,347,12,0
C0310,P0150,2025-09-24 00:00:04,532,12,0
C0419,P0188,2025-10-19 14:32:31,562,8,0
C0236,P0183,2026-05-30 04:36:26,218,5,1
C0794,P0085,2025-09-13 08:54:17,493,1,1
C1670,P0151,2026-03-17 15:27:09,68,7,1
C0939,P0107,2025-10-05 08:11:14,356,14,0
C1613,P0146,2025-09-27 16:26:59,467,1,0
C1941,P0057,2025-09-18 15:54:13,470,8,0
C1907,P0047,2026-05-31 18:54:06,439,10,0
C1159,P0050,2026-02-13 03:35:34,436,4,0
C0347,P0134,2025-07-26 18:05:31,351,9,0
C0245,P0109,2025-08-16 11:34:37,537,10,0
C0296,P0112,2025-12-08 01:46:30,593,1,0
C0343,P0148,2026-04-14 18:51:30,105,6,0
C0629,P0092,2025-12-13 14:33:07,405,12,0
C0937,P0194,2025-09-27 08:14:34,541,10,0
C1522,P0041,2026-03-24 22:31:05,138,11,0
C0249,P0038,2026-02-24 00:30:50,79,14,0
C0834,P0168,2025-07-05 20:20:58,507,5,0
C1379,P0152,2025-09-28 22:57:19,535,2,1
C1984,P0116,2026-02-20 13:29:40,348,13,0
C1059,P0190,2025-07-25 00:38:28,5,4,0
C0153,P0173,2025-12-25 08:57:53,512,14,0
C0491,P0089,2025-08-21 02:35:43,225,3,0
C1943,P0025,2025-09-09 08:44:24,532,6,1
C1523,P0073,2025-11-10 12:25:40,46,3,1
C0481,P0162,2025-09-02 04:23:53,443,2,0
C1570,P0089,2026-01-08 12:13:53,49,6,0
C0021,P0122,2025-10-05 13:09:27,74,9,0
C0048,P0039,2026-03-15 21:03:39,291,10,0
C1034,P0030,2026-03-05 07:19:03,278,12,0
C0600,P0125,2025-07-11 11:03:58,333,4,1
C0191,P0168,2026-02-10 05:21:34,525,13,0
C1161,P0154,2026-05-23 21:27:12,392,1,1
C0272,P0143,2026-05-11 20:52:40,73,7,0
C1285,P0020,2025-11-26 08:37:25,83,2,0
C0623,P0002,2026-04-28 17:58:52,529,4,0
C0938,P0109,2026-01-24 13:01:14,334,13,0
C1119,P0105,2025-08-01 11:08:56,12,3,1
C1520,P0191,2026-02-22 04:14:59,370,9,1
C0990,P0117,2025-06-17 03:02:40,271,3,0
C0485,P0042,2026-01-02 12:20:44,168,8,0
C0653,P0012,2025-09-18 20:17:43,553,10,0
C1532,P0073,2026-03-12 19:58:09,312,7,0
C1154,P0056,2025-08-13 01:36:06,576,7,0
C1639,P0040,2025-11-22 20:17:56,491,5,0
C1175,P0157,2025-08-26 16:14:01,210,10,0
C0179,P0197,2025-08-20 10:01:33,93,2,0
C0788,P0183,2026-01-26 04:21:38,213,13,1
C1154,P0153,2025-10-08 13:00:27,17,10,0
C0871,P0106,2025-10-10 10:58:04,379,6,1
C1731,P0186,2025-07-11 00:18:28,103,2,0
C1611,P0118,2025-10-15 01:22:27,196,5,1
C0979,P0059,2026-01-08 18:11:20,471,14,0
C1391,P0062,2025-11-29 15:45:20,148,8,0
C1385,P0068,2025-07-17 02:16:04,19,9,0
C1516,P0183,2025-09-11 07:29:36,551,7,0
C0270,P0177,2026-02-03 07:11:15,471,6,0
C1636,P0007,2026-05-26 23:20:26,546,3,0
C0305,P0144,2025-08-21 23:34:55,115,6,0
C0232,P0179,2026-04-09 17:43:46,588,2,1
C1756,P0080,2026-05-09 13:42:58,504,3,1
C1578,P0017,2026-04-05 11:58:37,177,13,0
C1031,P0155,2026-01-02 09:37:46,526,2,0
C0548,P0153,2025-12-05 16:01:33,522,8,0
C0914,P0134,2025-08-24 00:23:12,289,14,1
C1945,P0183,2025-08-25 19:44:15,156,11,0
C1562,P0127,2025-08-21 21:38:46,119,14,1
C1506,P0028,2025-08-31 06:08:21,79,6,1
C1213,P0078,2026-01-20 11:19:01,25,6,0
C1208,P0103,2025-10-29 06:09:59,226,11,1
C1352,P0179,2026-03-29 10:24:58,116,6,1
C1083,P0071,2025-12-02 12:29:48,195,8,0
C1336,P0196,2026-02-24 16:04:26,39,11,0
C0387,P0104,2026-03-19 02:27:37,523,11,0
C0001,P0199,2026-03-22 17:02:25,176,7,0
C1577,P0123,2025-09-09 15:40:22,302,5,1
C1953,P0178,2025-08-13 22:44:59,579,4,0
C0165,P0187,2025-11-20 12:52:39,387,1,0
C1763,P0176,2026-03-29 09:33:20,393,3,0
C0372,P0175,2026-01-19 04:33:31,450,3,0
C0116,P0014,2025-12-07 23:30:23,451,13,0
C1341,P0159,2026-01-23 19:26:52,99,1,1
C0892,P0024,2025-11-07 10:13:34,54,6,0
C0718,P0079,2025-09-30 05:18:53,83,6,0
C1051,P0015,2025-11-20 00:49:40,566,4,1
C0247,P0008,2025-09-26 08:58:52,595,3,1
C0702,P0047,2025-11-16 08:41:23,365,2,0
C0984,P0096,2025-12-21 14:48:30,260,14,0
C1908,P0013,2025-10-21 16:27:24,5,2,0
C1470,P0079,2026-03-28 00:04:42,240,14,0
C0889,P0093,2026-04-19 00:15:47,102,2,0
C0502,P0199,2026-01-23 10:37:44,481,7,0
C1951,P0192,2026-04-02 08:18:46,554,14,0
C0392,P0091,2025-07-04 14:29:05,314,2,0
C1233,P0101,2025-09-16 10:14:41,572,14,0
C1117,P0084,2026-05-20 02:00:54,449,5,1
C1046,P0035,2026-02-22 10:29:03,489,2,1
C0634,P0128,2025-10-13 21:47:34,277,10,0
C0503,P0130,2025-10-26 19:33:41,136,5,0
C1959,P0094,2026-03-05 01:35:28,394,1,0
C0999,P0069,2026-01-19 10:12:24,73,4,0
C0448,P0016,2025-10-03 02:06:36,169,8,1
C1737,P0197,2026-02-21 12:18:57,430,9,0
C1858,P0009,2026-05-03 04:38:31,346,6,0
C1302,P0162,2025-07-02 05:26:00,443,13,0
C1446,P0110,2026-05-22 11:53:45,534,7,0
C0961,P0127,2025-09-29 02:00:15,101,1,1
C0216,P0132,2025-11-04 12:25:56,264,13,0
C1106,P0027,2025-09-05 11:16:13,63,1,1
C0284,P0106,2026-02-21 04:10:05,109,7,0
C0228,P0188,2026-05-30 06:07:27,586,14,0
C1488,P0034,2025-12-14 05:34:42,476,8,0
C0625,P0013,2026-03-30 03:01:40,444,2,0
C0694,P0113,2026-05-21 12:39:07,233,11,1
C0295,P0189,2026-04-20 11:35:12,430,1,1
C1103,P0146,2025-07-07 17:26:28,186,3,0
C1822,P0098,2026-05-16 16:09:40,75,8,0
C0146,P0106,2025-07-19 22:59:40,300,6,1
C0470,P0193,2025-08-13 08:16:04,72,14,0
C1841,P0052,2025-09-27 04:05:11,367,13,1
C0917,P0078,2025-11-12 11:20:32,525,11,1
C1455,P0076,2026-04-06 00:45:53,302,3,0
C1720,P0179,2026-03-16 14:51:05,202,4,1
C1435,P0166,2025-12-18 08:31:53,69,6,0
C0241,P0113,2026-05-30 11:49:31,540,7,0
C0083,P0063,2025-06-15 14:44:16,578,14,0
C0989,P0022,2025-06-28 01:16:32,463,4,0
C0126,P0157,2026-06-03 14:29:18,503,9,0
C0554,P0098,2026-02-05 20:32:39,547,14,0
C0112,P0146,2026-06-07 12:38:39,126,1,1
C1318,P0142,2026-04-15 02:50:20,475,9,0
C1231,P0110,2025-07-23 02:31:23,444,6,0
C1987,P0056,2025-07-02 04:41:55,573,12,1
C1506,P0035,2025-11-15 20:11:05,118,13,0
C0897,P0052,2026-02-05 09:39:07,481,6,0
C1957,P0065,2026-05-21 03:31:04,183,1,0
C0219,P0021,2026-04-29 22:12:08,532,12,1
C1915,P0061,2026-04-28 19:49:48,58,8,1
C0538,P0080,2026-05-17 23:06:37,69,4,1
C0586,P0192,2025-08-08 03:24:14,175,1,0
C1913,P0187,2025-11-24 12:28:05,539,7,0
C1964,P0181,2025-12-14 00:22:06,331,12,0
C1871,P0162,2026-03-25 00:49:43,456,14,0
C0590,P0016,2025-12-30 16:27:10,331,3,0
C0002,P0010,2026-04-14 22:02:05,438,13,0
C1105,P0140,2026-06-01 21:37:40,154,9,1
C1364,P0129,2025-12-31 08:30:42,442,5,0
C1082,P0198,2025-08-28 22:01:50,215,2,1
C0902,P0045,2025-11-10 04:04:23,101,7,1
C0535,P0154,2025-12-31 06:22:25,465,7,0
C1871,P0044,2026-03-08 15:07:44,31,10,0
C1121,P0036,2026-05-11 17:36:34,571,11,0
C0185,P0069,2026-03-06 23:53:52,134,7,0
C1914,P0097,2025-07-17 03:33:06,338,13,0
C1178,P0035,2025-08-30 17:32:06,83,3,0
C1879,P0157,2025-10-26 10:44:48,550,1,0
C0169,P0169,2025-11-26 19:47:04,587,3,1
C1338,P0032,2026-04-25 12:03:00,291,2,0
C1067,P0135,2026-05-06 00:32:05,5,13,0
C0270,P0180,2025-09-15 10:06:18,522,7,0
C1034,P0071,2026-06-05 22:34:04,94,2,0
C0670,P0149,2026-03-29 00:15:54,130,12,0
C1233,P0097,2025-10-16 12:12:12,78,3,0
C1215,P0170,2026-03-07 12:20:35,60,9,0
C0032,P0015,2025-06-24 14:33:24,578,11,0
C0284,P0064,2026-05-04 23:19:07,498,11,0
C0498,P0186,2026-01-18 22:06:59,134,4,0
C0114,P0199,2025-08-18 09:34:12,17,9,0
C1239,P0188,2026-05-28 19:17:17,516,10,0
C0993,P0074,2025-06-11 04:05:32,541,5,0
C0176,P0171,2025-10-17 09:57:07,121,6,0
C0041,P0173,2026-03-09 18:52:46,348,8,1
C0366,P0120,2025-11-30 21:15:34,233,9,0
C1154,P0096,2026-01-21 15:18:56,322,8,0
C1673,P0068,2026-02-10 02:24:03,341,1,0
C0117,P0050,2025-11-28 22:05:02,372,14,0
C0168,P0186,2025-08-23 16:58:25,345,5,0
C1938,P0183,2026-04-21 14:24:19,156,10,1
C1901,P0145,2025-12-24 08:22:24,278,10,0
C0496,P0101,2025-12-28 17:18:36,561,2,1
C1553,P0073,2025-07-21 17:21:15,18,1,0
C0157,P0132,2025-07-10 10:27:38,342,11,0
C1428,P0120,2025-07-04 19:58:00,563,11,0
C1644,P0009,2026-04-07 19:57:45,209,11,0
C1807,P0019,2026-02-22 18:09:13,542,9,0
C1178,P0154,2025-08-27 16:53:04,96,1,0
C0338,P0181,2026-02-23 11:40:47,135,2,0
C0810,P0019,2025-10-22 07:42:58,277,12,0
C1953,P0076,2026-02-22 17:45:45,181,8,0
C0831,P0131,2026-05-07 05:38:25,53,7,0
C0666,P0099,2026-03-24 08:00:02,312,4,0
C1909,P0118,2026-05-13 18:59:35,50,14,0
C0868,P0144,2025-08-03 02:51:28,412,13,0
C0822,P0062,2025-08-25 00:49:29,133,1,0
C1561,P0010,2026-01-20 21:01:27,122,10,0
C1224,P0157,2025-08-08 08:55:44,491,12,0
C1158,P0144,2025-10-18 03:35:43,152,7,1
C1257,P0078,2025-12-16 22:29:52,94,14,0
C0199,P0161,2026-01-13 14:06:36,542,9,0
C0301,P0063,2026-02-10 23:27:26,440,4,0
C1789,P0154,2025-07-07 11:13:22,463,2,1
C0398,P0108,2025-07-17 10:50:03,290,1,0
C1164,P0044,2026-02-18 02:46:27,594,8,1
C0894,P0098,2026-04-25 16:45:42,286,5,1
C0924,P0048,2025-09-01 17:41:44,582,10,0
C1481,P0087,2025-12-30 22:03:30,83,13,0
C0791,P0081,2025-11-21 09:12:32,258,12,1
C0130,P0084,2026-01-20 09:53:58,280,11,0
C0558,P0131,2025-09-18 14:07:24,187,12,0
C1832,P0066,2025-07-26 17:11:14,516,4,0
C0078,P0016,2025-08-10 00:46:53,343,2,0
C1580,P0134,2025-10-09 01:05:18,196,4,0
C0278,P0018,2025-07-20 07:15:08,528,4,0
C0123,P0117,2026-03-25 01:10:50,55,8,0
C1095,P0048,2026-05-03 13:06:09,23,6,1
C0084,P0155,2026-04-27 08:03:12,569,11,0
C0357,P0048,2025-07-02 17:29:15,447,5,0
C0523,P0143,2025-08-26 04:25:10,196,3,1
C0378,P0069,2026-02-13 18:54:54,539,5,1
C1317,P0009,2025-12-28 08:24:57,275,3,0
C0093,P0198,2026-01-03 03:52:29,533,10,0
C0405,P0072,2025-10-28 04:58:33,153,9,0
C1291,P0166,2026-02-04 02:31:19,476,13,0
C0547,P0119,2026-03-09 19:51:29,530,7,0
C1038,P0010,2025-07-08 15:53:21,368,7,0
C1262,P0034,2026-05-17 13:59:09,173,10,1
C0634,P0145,2025-10-13 16:27:29,520,10,0
C1421,P0098,2025-09-02 22:31:23,110,5,0
C0214,P0121,2026-01-10 14:42:38,136,2,0
C0197,P0019,2025-07-23 07:00:07,16,1,0
C0330,P0098,2026-04-10 03:30:29,396,13,0
C0307,P0011,2025-07-16 11:57:22,451,9,0
C0895,P0140,2025-07-11 11:53:13,6,8,0
C1786,P0139,2026-05-21 22:34:27,313,4,0
C1546,P0112,2025-11-11 05:50:20,12,4,0
C0477,P0106,2025-10-09 00:39:17,464,13,0
C1550,P0182,2025-09-04 21:12:59,240,2,0
C0478,P0167,2026-01-14 19:01:09,24,8,1
C0855,P0135,2025-07-13 15:18:50,133,10,0
C1446,P0038,2025-08-16 10:23:55,250,13,1
C1580,P0086,2025-06-20 15:49:17,560,10,0
C1399,P0190,2025-09-18 08:41:59,382,6,0
C1681,P0051,2025-10-22 09:54:26,246,6,0
C0920,P0051,2025-06-10 13:04:36,270,8,0
C0712,P0149,2025-11-26 10:44:53,252,6,1
C1877,P0057,2026-03-23 10:00:43,386,7,0
C0801,P0187,2025-11-16 04:39:39,22,8,0
C0732,P0057,2026-05-06 17:46:40,356,12,0
C1840,P0042,2026-03-29 05:05:27,287,10,0
C0110,P0180,2026-05-26 09:31:54,548,10,0
C1818,P0025,2026-04-15 02:57:55,61,4,0
C0232,P0126,2025-07-14 01:20:16,347,13,0
C1823,P0064,2026-01-09 12:22:47,459,8,0
C0289,P0002,2025-10-22 13:12:42,534,1,1
C0229,P0084,2025-09-28 08:33:14,439,2,0
C1021,P0146,2025-08-29 00:33:33,92,8,0
C1917,P0030,2026-04-18 18:51:37,313,10,1
C0343,P0180,2025-10-21 22:52:18,181,11,1
C0194,P0186,2026-04-13 17:50:38,222,4,0
C1185,P0175,2026-03-11 08:23:51,529,8,0
C1625,P0068,2025-06-19 19:27:49,46,3,0
C0210,P0094,2025-08-25 18:26:06,279,10,0
C1303,P0054,2026-05-20 14:32:27,144,8,0
C0546,P0053,2026-01-23 13:18:10,534,9,0
C0112,P0005,2025-11-02 05:58:25,414,14,1
C1206,P0013,2026-01-09 19:50:51,343,13,0
C1283,P0090,2026-04-03 02:33:09,254,12,0
C0898,P0108,2026-06-07 15:03:52,598,13,0
C0485,P0002,2025-11-01 10:48:43,286,10,0
C1112,P0016,2026-04-30 12:53:28,155,8,1
C0254,P0188,2025-09-22 00:23:03,333,5,1
C1421,P0005,2025-07-13 14:57:17,463,10,0
C1844,P0077,2025-10-10 16:09:02,173,5,1
C0366,P0178,2026-01-05 03:59:10,366,8,0
C0639,P0007,2026-02-04 22:14:15,44,12,1
C0416,P0099,2025-08-07 16:18:44,259,4,0
C1877,P0198,2025-06-26 11:12:54,581,4,0
C0011,P0108,2025-07-10 11:31:45,30,13,1
C0421,P0151,2025-12-30 19:14:17,225,5,0
C0496,P0168,2026-01-24 12:01:42,465,7,0
C0635,P0144,2026-02-22 01:48:57,193,4,0
C0616,P0080,2025-09-20 17:23:22,413,12,0
C1932,P0090,2025-07-14 21:50:32,361,1,1
C1756,P0009,2026-03-12 22:08:01,528,5,0
C0950,P0182,2025-09-05 14:20:01,288,8,0
C0099,P0197,2025-08-07 19:31:38,486,14,0
C1250,P0077,2025-06-18 08:03:02,369,10,0
C0590,P0075,2025-11-25 03:48:26,46,6,0
C0836,P0181,2026-02-26 13:31:16,549,7,0
C1592,P0105,2025-09-05 13:37:14,204,5,0
C0768,P0051,2026-06-01 21:16:52,590,11,0
C0377,P0143,2026-01-16 10:45:12,403,5,0
C0221,P0083,2025-09-14 06:07:41,186,3,0
C0522,P0140,2025-11-24 04:51:20,8,2,1
C0848,P0036,2025-06-27 18:04:32,285,7,0
C0972,P0098,2025-08-31 21:53:33,424,5,1
C0963,P0009,2025-09-24 19:15:13,577,5,0
C0658,P0171,2025-06-21 16:15:09,514,9,1
C0226,P0105,2025-06-30 22:35:10,429,13,1
C0434,P0028,2025-08-28 12:54:30,340,12,0
C1652,P0069,2025-12-05 09:39:59,517,7,1
C0864,P0017,2025-11-02 09:16:19,372,11,0
C0859,P0088,2025-08-19 19:09:33,174,6,0
C1959,P0090,2025-09-24 09:05:36,565,14,0
C0294,P0151,2025-10-26 05:19:17,154,4,1
C0433,P0059,2026-04-02 19:39:20,203,7,0
C0898,P0049,2025-12-12 06:03:15,476,8,0
C0247,P0126,2026-04-18 01:32:48,243,8,0
C0560,P0051,2026-05-15 06:16:14,384,10,1
C1104,P0185,2025-06-29 02:11:49,371,13,0
C0911,P0027,2026-04-28 20:46:35,456,14,0
C1004,P0158,2026-01-30 08:26:07,424,3,0
C1238,P0113,2025-08-03 20:20:40,118,9,0
C0754,P0124,2025-12-14 19:20:56,592,7,0
C1493,P0056,2026-02-18 04:22:39,48,10,0
C1879,P0181,2025-10-29 11:18:16,88,7,0
C0668,P0016,2025-08-23 21:03:58,169,5,0
C1999,P0145,2026-04-16 02:13:22,41,13,1
C0403,P0158,2026-01-13 16:23:47,49,2,1
C0206,P0062,2026-01-02 07:59:58,424,4,1
C1492,P0052,2026-05-25 23:23:16,23,13,0
C1324,P0007,2025-09-05 18:01:22,432,5,0
C0580,P0034,2025-12-17 21:48:05,329,7,0
C0778,P0042,2026-04-23 07:32:58,301,13,0
C0231,P0197,2025-12-22 14:00:16,398,10,0
C1382,P0188,2026-03-18 11:56:10,132,3,0
C1429,P0136,2025-09-18 14:30:28,197,12,0
C0881,P0078,2025-11-30 19:41:46,89,14,0
C1749,P0049,2025-09-28 08:34:29,149,5,1
C1082,P0185,2026-01-27 18:40:51,578,4,0
C1469,P0040,2025-11-09 02:29:11,175,3,0
C1508,P0050,2025-12-19 19:49:03,450,13,0
C1579,P0177,2025-09-28 08:14:08,382,12,0
C1290,P0095,2026-05-12 17:26:06,266,9,1
C0897,P0071,2025-09-09 23:53:34,223,5,0
C0092,P0127,2025-09-19 23:47:24,84,8,0
C1262,P0116,2026-02-19 18:07:55,490,6,0
C0025,P0156,2025-06-26 08:14:24,521,8,1
C1813,P0018,2025-09-21 16:53:03,61,13,1
C0019,P0128,2026-01-09 22:08:05,197,13,0
C1411,P0170,2025-06-21 16:32:44,281,3,0
C0745,P0040,2026-01-15 17:03:06,327,9,0
C0639,P0055,2025-06-24 03:03:10,440,12,1
C0109,P0098,2026-06-06 10:20:01,188,7,0
C1392,P0198,2025-11-19 05:39:35,375,5,0
C0973,P0087,2025-07-27 06:00:44,205,1,0
C0509,P0066,2025-06-13 17:49:42,279,3,0
C0504,P0135,2025-12-02 03:21:28,122,10,0
C0042,P0059,2026-02-15 16:11:26,333,1,0
C0283,P0175,2026-05-19 13:18:55,262,14,0
C0612,P0019,2025-09-16 18:49:55,533,5,1
C0423,P0117,2026-01-18 03:18:24,85,7,0
C1572,P0168,2025-10-05 00:23:50,433,4,0
C1945,P0197,2026-04-22 02:04:41,208,4,0
C0728,P0029,2026-05-07 09:18:05,200,3,1
C1688,P0014,2026-05-24 10:27:15,150,10,1
C1081,P0012,2025-11-19 09:23:46,214,1,0
C0798,P0088,2025-12-28 18:52:50,283,1,0
C0641,P0079,2025-11-21 21:12:35,292,12,0
C1289,P0015,2025-07-28 20:18:46,423,6,1
C0795,P0109,2025-10-03 19:32:27,80,4,0
C1345,P0177,2025-12-23 10:00:10,113,1,1
C1546,P0047,2026-04-12 21:19:27,383,11,0
C1120,P0190,2025-11-01 06:48:39,107,12,0
C0854,P0146,2025-08-31 09:09:34,31,12,0
C0530,P0167,2025-08-26 16:48:29,86,12,0
C1608,P0054,2025-11-27 23:52:33,483,14,1
C1186,P0071,2025-08-20 08:54:51,406,12,1
C1062,P0187,2026-05-27 08:21:38,515,9,0
C0713,P0200,2025-08-25 15:24:49,259,3,0
C0547,P0082,2025-06-26 01:26:45,393,14,0
C1756,P0158,2025-10-10 15:53:19,8,7,1
C1492,P0192,2025-07-08 03:00:02,413,12,0
C1228,P0194,2026-03-25 12:23:15,239,14,0
C1174,P0159,2025-07-24 08:23:04,283,4,0
C0893,P0166,2025-09-02 12:58:49,315,4,1
C1487,P0088,2026-03-07 05:34:10,221,1,1
C1159,P0185,2025-06-23 22:22:01,355,12,0
C0618,P0133,2025-08-25 04:08:44,182,10,0
C1382,P0124,2025-10-23 03:14:01,454,10,0
C0463,P0108,2026-01-26 12:49:37,126,1,1
C1220,P0071,2026-02-22 06:13:38,322,9,0
C1503,P0119,2026-01-08 09:42:15,502,6,0
C0045,P0058,2025-07-05 16:45:38,183,14,0
C0418,P0044,2026-05-01 19:54:39,82,6,0
C1714,P0101,2026-05-12 03:28:48,420,3,0
C0515,P0086,2025-11-08 22:32:13,78,3,0
C1603,P0076,2025-10-13 15:43:32,97,1,0
C1543,P0013,2026-01-15 21:50:10,380,2,0
C1028,P0138,2025-06-12 22:21:15,235,8,1
C1553,P0052,2025-12-07 00:19:19,329,10,1
C1929,P0021,2026-03-16 06:36:47,540,6,0
C1540,P0152,2026-02-09 12:01:31,487,3,0
C0324,P0101,2025-09-10 20:05:33,172,6,0
C0803,P0056,2026-03-30 21:26:42,477,8,0
C0461,P0068,2025-11-04 11:25:04,145,11,1
C0262,P0017,2026-04-26 22:36:04,424,8,0
C1265,P0099,2025-10-31 18:10:37,593,4,0
C0066,P0052,2025-06-16 23:08:53,352,11,1
C0474,P0022,2026-05-22 04:03:13,371,11,1
C0439,P0067,2026-03-11 12:18:44,231,12,1
C0442,P0140,2025-11-14 04:50:22,585,4,0
C1639,P0039,2025-07-11 06:16:47,17,9,0
C1849,P0181,2025-07-28 01:38:51,497,12,1
C1549,P0120,2026-02-05 20:57:11,357,9,1
C0040,P0118,2026-03-21 04:36:37,340,13,0
C1571,P0003,2025-07-27 01:39:00,521,10,0
C0523,P0126,2025-10-21 23:45:12,121,8,0
C1930,P0106,2026-03-12 14:51:07,120,2,0
C1603,P0200,2026-05-17 07:15:43,547,11,0
C1261,P0071,2026-03-01 00:20:38,70,6,0
C1833,P0191,2026-02-10 22:10:44,420,4,0
C0441,P0178,2025-07-10 11:20:09,468,9,0
C0396,P0199,2025-12-12 13:26:46,555,1,0
C1581,P0139,2026-03-07 01:55:32,330,13,0
C1943,P0091,2026-01-05 19:33:14,74,6,0
C0642,P0084,2025-08-25 07:52:20,339,12,1
C0369,P0093,2025-08-16 18:02:16,588,5,0
C0049,P0052,2026-05-02 06:22:26,293,6,1
C1650,P0133,2025-08-15 08:37:00,170,6,1
C0373,P0037,2025-11-30 13:24:26,482,3,0
C0479,P0064,2025-11-27 20:21:39,595,10,0
C1659,P0176,2025-11-03 08:11:38,304,2,1
C0087,P0016,2025-09-05 09:08:53,362,3,0
C1634,P0156,2026-01-10 09:59:17,518,14,1
C1933,P0169,2025-07-27 22:39:23,468,11,0
C1861,P0119,2025-08-18 13:07:33,96,5,0
C0743,P0045,2026-04-05 18:52:22,193,11,0
C1886,P0058,2025-08-30 23:20:50,497,11,0
C1946,P0128,2026-06-06 16:33:07,523,10,0
C1583,P0053,2025-12-06 13:35:22,191,6,0
C0453,P0053,2025-07-28 21:46:40,228,10,0
C0560,P0095,2026-01-07 14:37:05,151,9,0
C1600,P0093,2026-01-26 15:15:12,186,13,1
C1018,P0179,2026-01-31 11:12:29,43,4,0
C0894,P0003,2025-07-28 17:33:20,68,13,1
C0372,P0011,2026-04-04 03:29:46,101,6,0
C1466,P0155,2026-03-07 19:00:46,25,7,0
C0735,P0102,2026-04-04 15:36:10,50,2,0
C0603,P0164,2026-05-07 18:22:37,115,2,0
C0123,P0193,2025-09-29 17:12:40,451,3,0
C1315,P0159,2025-11-29 21:40:38,416,7,0
C0897,P0025,2025-08-16 14:21:56,47,6,0
C0596,P0195,2025-08-14 11:59:12,55,2,1
C0210,P0126,2026-01-07 00:15:23,496,13,0
C0960,P0069,2025-06-18 10:56:00,262,2,0
C1212,P0189,2026-03-22 13:58:21,419,10,0
C1138,P0076,2025-07-18 15:01:56,506,5,0
C0049,P0070,2026-02-08 05:47:24,391,10,1
C1413,P0189,2026-03-31 10:13:43,350,6,0
C0255,P0026,2026-05-30 22:12:25,588,5,0
C1790,P0015,2026-01-24 17:41:02,127,1,0
C1680,P0165,2025-09-12 08:36:22,263,4,0
C0047,P0095,2025-07-10 05:38:23,529,8,1
C0208,P0055,2026-05-05 04:08:59,153,2,1
C0438,P0155,2025-11-27 19:35:56,94,10,0
C1854,P0102,2026-04-02 14:09:01,178,9,0
C1931,P0200,2026-04-04 05:24:34,203,6,0
C0533,P0200,2026-05-05 05:02:14,375,6,0
C1983,P0085,2026-01-18 12:01:12,452,8,1
C0788,P0008,2026-05-14 00:56:21,62,14,1
C0031,P0093,2026-02-14 22:41:27,275,14,0
C1690,P0138,2026-03-09 11:47:21,506,4,1
C1108,P0109,2026-04-24 23:23:39,553,6,0
C0839,P0151,2026-03-04 06:00:38,429,8,0
C1117,P0080,2025-12-07 06:19:29,416,6,0
C0159,P0014,2026-02-25 06:42:51,377,1,0
C1529,P0073,2026-01-24 08:47:28,253,11,0
C0216,P0090,2026-05-07 15:00:09,545,3,0
C1841,P0171,2026-05-17 09:50:31,224,8,0
C0727,P0133,2025-09-27 06:17:52,558,7,1
C1066,P0164,2026-03-30 22:00:13,287,10,0
C1838,P0066,2026-01-20 08:47:46,541,9,0
C1909,P0155,2026-03-17 21:43:38,133,7,0
C0842,P0170,2025-09-05 02:37:53,129,3,0
C0006,P0125,2025-07-30 18:02:59,318,6,0
C0565,P0066,2025-09-07 04:40:53,510,2,0
C1623,P0002,2026-03-03 15:13:27,208,6,0
C0805,P0148,2026-04-20 06:45:45,107,8,0
C1392,P0065,2025-07-28 21:53:22,213,11,0
C1921,P0117,2025-09-13 17:23:04,482,9,0
C0495,P0003,2025-07-12 20:47:08,50,7,1
C1355,P0192,2025-09-21 22:41:44,496,13,0
C1946,P0077,2025-06-10 01:56:22,453,8,0
C0511,P0035,2026-05-10 03:46:55,540,12,1
C1508,P0016,2025-11-26 08:50:43,575,1,0
C0243,P0182,2025-09-05 15:45:16,211,9,0
C1803,P0193,2025-09-27 08:31:19,119,4,1
C1323,P0069,2026-02-11 07:53:01,487,13,0
C0394,P0075,2025-09-04 08:59:43,486,7,0
C0297,P0178,2026-05-14 03:17:14,219,7,0
C0315,P0039,2025-06-20 13:33:49,263,12,0
C0007,P0049,2026-01-03 01:31:03,542,1,0
C1893,P0176,2026-02-28 22:23:00,595,2,0
C1001,P0127,2025-12-01 07:24:23,459,4,0
C0276,P0117,2025-12-15 07:10:53,32,13,0
C1025,P0188,2025-10-25 07:10:18,60,3,0
C1136,P0030,2026-06-06 06:16:06,314,4,0
C0439,P0080,2025-11-05 17:43:51,599,1,0
C1349,P0128,2025-10-04 07:14:17,311,6,0
C1752,P0107,2025-07-12 15:50:49,113,4,0
C0357,P0181,2025-11-30 13:49:09,360,4,0
C0068,P0036,2025-07-20 03:11:29,185,2,1
C0434,P0169,2026-03-19 20:52:48,538,2,0
C1045,P0100,2026-03-22 21:57:36,388,12,0
C1639,P0047,2026-04-08 07:07:40,43,13,0
C0822,P0090,2025-12-01 14:00:48,340,12,0
C0671,P0073,2026-02-26 19:00:31,483,14,0
C0561,P0101,2025-12-12 16:11:56,518,4,0
C0176,P0142,2025-08-29 21:59:39,63,1,0
C1123,P0186,2025-08-01 18:39:57,499,3,1
C1538,P0041,2025-06-13 02:11:34,215,11,0
C1253,P0082,2026-04-24 22:50:48,392,12,0
C0541,P0135,2025-12-06 16:43:10,274,7,0
C1036,P0099,2025-08-19 19:54:19,393,1,0
C0506,P0106,2025-10-26 04:42:34,36,10,1
C1195,P0081,2025-07-27 18:00:19,73,13,0
C0362,P0137,2026-02-17 00:42:21,437,1,0
C0100,P0146,2025-09-20 17:58:31,13,14,0
C0697,P0029,2026-02-27 18:15:34,118,14,0
C0921,P0143,2026-05-23 03:48:05,394,8,0
C0682,P0157,2025-12-16 12:13:30,339,13,1
C0260,P0082,2026-04-29 12:36:28,445,1,0
C1196,P0075,2025-06-17 07:03:35,274,3,0
C0626,P0062,2025-09-22 11:15:07,324,6,0
C1453,P0106,2025-06-30 09:45:24,259,4,1
C0570,P0112,2025-11-19 05:29:13,317,6,0
C0461,P0196,2026-04-12 20:32:43,466,1,1
C1116,P0052,2025-11-25 14:53:53,524,12,0
C1122,P0133,2025-07-15 17:39:02,378,5,1
C0927,P0045,2026-03-21 16:36:05,238,1,1
C1662,P0067,2025-08-21 21:32:17,546,2,0
C0204,P0029,2025-10-24 19:16:29,478,9,0
C0253,P0030,2025-07-05 17:58:08,390,14,0
C0515,P0174,2025-09-14 15:05:45,584,9,0
C1715,P0141,2026-05-27 17:05:20,304,3,0
C0311,P0137,2026-02-04 20:52:22,449,6,0
C0809,P0172,2025-10-23 04:44:33,580,12,0
C0047,P0130,2025-11-13 07:09:38,356,2,0
C1869,P0110,2025-07-03 12:23:57,585,10,1
C1130,P0044,2025-07-04 15:22:37,334,8,1
C0683,P0127,2026-04-19 01:18:51,166,5,0
C0286,P0071,2025-06-21 13:26:09,458,6,0
C1591,P0067,2026-02-12 04:50:54,401,3,1
C0026,P0057,2025-08-04 18:16:27,130,8,1
C1589,P0198,2025-09-16 19:19:59,192,10,1
C1841,P0042,2026-05-10 14:08:56,488,2,1
C0523,P0103,2025-11-08 21:49:59,358,10,0
C0658,P0085,2026-02-11 14:14:55,104,8,0
C0948,P0046,2026-03-10 15:16:24,560,6,0
C1717,P0187,2025-08-03 05:28:02,495,13,0
C0892,P0030,2026-04-29 01:31:23,268,2,0
C0825,P0111,2026-04-05 15:14:27,333,3,0
C1300,P0025,2025-06-22 00:02:08,279,5,0
C0843,P0128,2026-03-30 08:25:10,332,3,1
C0727,P0155,2026-02-27 06:34:14,556,10,0
C0027,P0190,2025-11-07 18:17:35,87,2,0
C0682,P0157,2025-09-16 19:01:59,171,12,0
C0169,P0033,2026-03-05 02:16:51,233,3,0
C1633,P0111,2025-06-21 01:01:12,532,7,0
C1671,P0026,2025-08-03 06:12:30,528,8,0
C1669,P0106,2025-06-20 19:00:54,286,5,0
C0534,P0013,2026-03-23 00:23:29,416,1,0
C1643,P0023,2025-12-25 06:09:01,22,2,0
C0117,P0030,2025-10-29 02:43:41,148,13,0
C0551,P0161,2025-07-31 10:07:02,426,2,0
C1393,P0134,2026-03-17 03:04:54,562,2,0
C0678,P0106,2025-10-28 12:45:06,220,2,0
C1947,P0169,2025-09-12 20:27:07,76,12,0
C0842,P0017,2025-08-29 03:42:16,450,13,0
C1210,P0070,2025-11-12 11:26:43,154,6,0
C0774,P0026,2026-02-14 15:18:38,103,14,0
C1302,P0051,2026-03-05 22:38:38,459,8,0
C0946,P0089,2025-11-19 00:33:50,237,10,0
C1525,P0183,2026-02-11 14:23:35,255,9,0
C0079,P0052,2025-08-04 03:55:47,230,3,0
C1210,P0034,2025-09-22 23:49:02,135,10,0
C0632,P0187,2025-11-19 01:31:37,436,1,0
C1427,P0067,2026-06-06 23:23:35,214,7,0
C0329,P0116,2026-05-01 13:43:44,464,5,0
C0835,P0139,2026-05-21 04:08:40,125,14,0
C1476,P0197,2025-09-27 17:51:19,133,11,0
C1628,P0063,2025-11-19 15:48:28,33,2,1
C1548,P0077,2025-11-20 07:04:46,301,2,0
C1317,P0173,2026-05-28 09:08:29,28,3,0
C1430,P0100,2025-06-29 12:11:12,143,7,0
C1850,P0174,2025-11-21 05:20:00,33,3,0
C0496,P0143,2026-03-04 19:42:55,355,10,0
C0299,P0074,2025-10-21 03:01:13,196,3,0
C0770,P0152,2025-11-23 10:55:01,219,2,0
C0166,P0031,2025-09-16 23:36:25,236,10,0
C1565,P0195,2026-03-12 17:49:16,510,14,0
C1792,P0025,2025-12-31 23:08:35,308,1,0
C1461,P0067,2026-01-07 21:38:25,506,10,0
C1938,P0137,2025-11-26 02:53:23,153,9,1
C0833,P0149,2025-12-18 21:10:34,287,10,0
C0379,P0198,2026-05-01 01:07:34,560,4,0
C1564,P0173,2025-07-14 01:05:48,21,11,1
C0680,P0131,2025-06-23 14:08:31,80,7,0
C1740,P0194,2025-12-01 06:37:47,252,14,0
C0726,P0158,2026-04-11 07:12:52,73,9,0
C1109,P0011,2026-03-09 12:37:40,73,3,0
C1371,P0194,2025-12-11 01:41:59,427,14,1
C1198,P0165,2026-05-06 03:44:23,119,12,0
C1980,P0031,2026-02-08 03:10:26,527,7,1
C1401,P0130,2026-04-29 09:01:46,543,3,0
C1026,P0103,2026-03-13 15:24:42,105,5,1
C1082,P0133,2026-04-17 22:51:52,345,13,0
C1044,P0061,2025-07-05 05:57:55,42,4,0
C1561,P0130,2025-07-18 16:20:37,30,6,1
C1705,P0067,2026-05-05 04:10:38,517,3,0
C0773,P0013,2026-05-24 12:36:45,564,9,1
C0825,P0115,2026-02-03 09:04:00,295,12,0
C1630,P0005,2025-10-10 23:02:16,209,9,1
C0687,P0182,2025-11-13 18:05:52,391,12,0
C0821,P0159,2025-12-11 21:46:02,73,8,0
C1128,P0161,2025-10-30 01:39:32,204,8,0
C1970,P0016,2026-02-21 18:14:33,502,4,1
C0332,P0109,2026-01-15 14:50:11,555,9,0
C0942,P0112,2025-11-22 15:59:53,176,9,0
C1000,P0128,2026-02-14 20:31:19,593,12,0
C0507,P0015,2025-07-28 16:57:11,329,6,0
C1232,P0169,2025-07-17 21:25:17,334,8,0
C0978,P0049,2026-05-30 04:19:57,150,7,0
C0516,P0090,2025-07-14 08:43:54,457,12,1
C1335,P0016,2025-10-10 18:35:08,231,10,0
C1565,P0151,2025-09-20 04:15:46,83,1,0
C1825,P0153,2025-07-18 12:13:30,405,7,0
C0057,P0186,2025-06-08 11:06:31,402,13,0
C0788,P0158,2026-04-05 08:32:20,363,8,1
C0589,P0151,2026-01-25 13:46:59,450,14,0
C0801,P0018,2025-06-20 13:25:01,77,1,1
C1952,P0189,2025-09-20 11:25:08,21,3,1
C0731,P0070,2025-07-26 00:17:42,550,4,0
C0921,P0196,2025-11-12 23:50:18,206,8,0
C1877,P0011,2026-03-08 05:30:59,404,10,0
C0445,P0127,2026-03-04 13:27:42,596,7,0
C1296,P0016,2026-02-22 00:34:10,428,14,1
C0524,P0035,2026-02-03 18:18:47,25,2,1
C1963,P0017,2026-05-17 13:11:31,292,9,0
C1158,P0027,2025-11-27 00:51:53,408,9,0
C1090,P0137,2026-05-16 21:39:18,441,13,0
C0934,P0003,2026-02-12 16:13:36,107,1,0
C1591,P0001,2026-03-20 22:26:08,105,6,0
C0813,P0175,2025-12-11 18:18:11,467,13,0
C1050,P0121,2025-09-11 19:07:37,510,6,0
C1735,P0046,2026-01-25 15:18:45,547,8,0
C1339,P0029,2025-08-02 22:48:14,277,14,0
C0232,P0164,2025-08-08 07:57:39,446,8,0
C1133,P0191,2025-07-28 01:09:28,506,11,0
C0025,P0187,2025-11-14 16:17:08,292,4,0
C0338,P0110,2025-12-31 05:53:17,41,10,0
C0137,P0064,2026-06-06 03:14:05,186,10,0
C0086,P0158,2025-12-08 16:14:21,57,12,0
C0867,P0191,2025-07-13 06:34:55,437,7,0
C0100,P0087,2025-09-07 17:18:44,407,12,1
C1551,P0159,2026-01-01 20:36:51,467,13,1
C1650,P0107,2025-07-13 20:22:46,368,2,0
C0084,P0015,2025-12-24 23:53:41,248,4,0
C0214,P0050,2025-08-05 17:14:43,170,7,0
C0059,P0090,2026-03-13 20:56:45,508,2,1
C0123,P0136,2026-03-23 15:27:20,417,11,0
C1253,P0018,2026-01-22 09:56:08,443,14,0
C0562,P0142,2026-01-02 11:53:14,122,10,0
C0905,P0139,2026-03-07 10:53:18,464,3,0
C1717,P0167,2025-12-31 03:02:32,82,8,0
C1436,P0075,2026-01-10 09:31:14,299,9,0
C0021,P0138,2025-10-19 21:56:25,175,3,0
C0560,P0086,2025-07-29 12:20:38,153,12,0
C0372,P0050,2026-02-08 09:22:39,155,13,0
C1093,P0004,2026-06-07 05:08:42,525,9,0
C0371,P0163,2025-08-10 15:24:00,105,5,1
C1978,P0146,2026-01-06 18:30:57,247,1,0
C0512,P0081,2025-09-20 16:46:26,559,2,0
C1542,P0067,2025-09-04 10:31:09,400,4,0
C1036,P0066,2025-06-24 18:20:35,403,7,0
C0925,P0081,2026-01-03 18:27:00,484,7,0
C0222,P0156,2025-11-19 16:45:58,432,14,1
C0977,P0160,2026-05-14 17:38:28,330,3,1
C1368,P0006,2025-12-13 10:52:59,287,2,0
C0856,P0120,2025-08-28 03:01:29,284,6,0
C1314,P0168,2025-06-29 13:10:35,51,11,0
C1238,P0024,2025-10-16 03:42:58,325,2,0
C0556,P0076,2025-11-21 13:47:59,317,11,1
C0668,P0124,2025-06-16 11:06:59,474,10,0
C0675,P0116,2025-10-30 12:17:20,46,12,1
C0379,P0024,2026-04-05 15:22:36,122,13,0
C0309,P0200,2025-08-13 07:31:29,479,4,0
C0261,P0049,2025-08-22 07:07:28,358,14,0
C0328,P0103,2025-09-27 16:21:12,67,10,0
C1465,P0037,2025-11-13 20:04:01,11,8,0
C1116,P0167,2025-07-21 09:28:16,194,7,0
C0476,P0053,2025-11-05 01:03:28,490,4,0
C1514,P0108,2026-02-17 20:45:06,116,9,0
C1031,P0156,2025-08-09 02:05:57,201,3,0
C0876,P0111,2025-12-05 19:32:41,254,4,0
C1619,P0124,2025-08-15 04:49:54,475,7,0
C0919,P0189,2025-07-29 00:20:52,459,14,0
C1314,P0106,2026-01-16 19:14:52,407,10,0
C0521,P0048,2025-07-22 10:22:08,119,2,0
C1065,P0048,2026-01-21 06:37:47,177,10,1
C0793,P0116,2025-06-10 05:39:51,594,12,0
C0793,P0147,2026-01-08 06:54:22,43,7,0
C0335,P0080,2025-12-03 15:10:59,543,8,1
C1098,P0191,2025-12-24 19:57:50,328,3,0
C1171,P0028,2026-02-14 04:50:46,217,11,0
C1742,P0161,2025-10-06 04:40:13,398,3,0
C1822,P0022,2026-04-16 01:16:02,109,2,0
C1483,P0176,2025-12-19 08:22:58,225,11,0
C1246,P0002,2026-04-20 06:28:30,371,2,0
C1373,P0183,2025-09-01 15:43:47,448,1,1
C0623,P0006,2026-03-12 03:20:02,240,8,0
C0749,P0147,2025-10-26 12:01:37,484,11,0
C0257,P0033,2026-04-21 03:07:40,514,8,0
C1824,P0197,2025-07-03 05:59:09,573,10,0
C1634,P0137,2025-09-17 12:42:02,380,7,0
C1443,P0199,2025-06-22 17:12:44,467,5,0
C1334,P0084,2026-01-18 16:39:50,285,3,0
C0764,P0190,2026-03-30 10:50:14,156,2,0
C1326,P0022,2025-07-20 00:38:53,12,7,1
C0235,P0163,2025-12-17 23:33:22,565,14,1
C0038,P0136,2025-12-16 20:05:29,425,11,1
C0348,P0040,2025-09-12 23:47:07,550,12,0
C1919,P0017,2026-05-20 22:19:35,165,14,0
C0308,P0118,2025-11-22 21:36:55,13,1,1
C0444,P0113,2026-06-02 17:20:40,209,5,0
C1722,P0085,2025-10-02 05:31:48,201,10,0
C1798,P0115,2025-07-26 04:26:45,125,13,0
C0065,P0020,2026-04-26 14:55:44,243,14,0
C1416,P0010,2025-10-06 04:10:36,373,9,0
C0195,P0139,2025-09-05 04:09:46,16,10,0
C0921,P0177,2025-08-06 16:34:31,181,9,1
C1035,P0190,2026-04-20 23:35:37,168,7,0
C0053,P0056,2025-08-31 06:27:22,364,1,0
C0056,P0118,2025-09-01 04:21:27,257,14,1
C0780,P0035,2026-03-10 13:30:25,184,6,1
C1259,P0087,2025-08-26 15:06:09,84,7,1
C0022,P0075,2025-11-28 04:24:39,444,1,1
C1594,P0093,2026-03-30 15:32:08,196,11,0
C1127,P0140,2026-05-27 02:10:59,11,11,0
C0567,P0106,2026-02-12 10:32:27,578,10,0
C0232,P0098,2025-08-30 03:08:45,337,7,1
C1399,P0036,2025-11-21 11:44:11,349,8,1
C1452,P0145,2026-04-27 23:42:54,134,13,1
C0415,P0093,2025-07-12 17:15:50,288,12,1
C1947,P0143,2025-11-24 11:01:55,227,8,0
C0463,P0033,2025-06-11 09:15:37,280,10,1
C1164,P0101,2025-07-16 05:32:41,27,8,0
C1760,P0112,2025-11-30 19:01:05,274,11,1
C0665,P0077,2026-03-08 14:58:34,89,13,0
C1055,P0122,2026-04-22 00:34:16,367,6,0
C1413,P0141,2025-10-15 23:53:35,303,9,0
C1395,P0099,2025-08-05 13:36:11,51,7,0
C0839,P0166,2025-07-11 02:54:39,484,3,0
C0062,P0109,2026-02-11 07:36:59,553,7,0
C1010,P0086,2025-10-26 11:15:21,386,8,0
C0977,P0052,2025-07-20 07:24:33,293,14,0
C0337,P0042,2025-08-29 04:03:24,208,14,1
C1406,P0155,2025-10-24 12:01:33,140,7,0
C1532,P0106,2026-02-16 14:18:57,385,1,0
C1600,P0123,2026-05-29 19:36:21,258,13,0
C1138,P0020,2025-06-30 15:58:49,532,1,0
C1232,P0019,2025-08-24 15:43:20,380,8,0
C1928,P0166,2026-02-18 00:05:37,554,5,0
C0861,P0105,2025-10-22 13:03:13,448,12,0
C0503,P0145,2026-02-27 12:28:53,83,9,1
C1959,P0170,2026-03-06 17:47:11,400,9,0
C1127,P0146,2026-02-15 06:02:37,228,6,1
C0634,P0171,2026-03-26 19:58:49,120,3,0
C0226,P0182,2026-02-17 12:30:10,253,14,0
C1989,P0144,2025-09-27 10:48:11,396,9,0
C0096,P0126,2025-10-03 07:24:01,90,11,0
C0394,P0184,2025-10-14 08:06:35,505,12,0
C0582,P0148,2025-11-25 10:12:36,137,7,0
C0649,P0058,2026-04-04 07:12:18,225,6,0
C1070,P0022,2025-09-14 02:48:39,196,8,1
C1403,P0020,2025-09-11 19:29:02,338,7,0
C1317,P0178,2025-12-10 19:31:15,166,11,1
C1910,P0104,2025-07-04 08:09:06,165,11,0
C1078,P0172,2025-12-09 15:48:13,38,2,0
C0967,P0122,2026-01-17 20:38:19,117,6,0
C0318,P0023,2025-07-02 15:04:24,562,8,0
C1671,P0118,2026-03-20 08:27:18,216,2,1
C1137,P0044,2026-01-05 04:59:04,132,12,0
C0158,P0017,2026-04-23 09:20:21,398,3,0
C0852,P0146,2025-06-11 02:39:53,49,12,0
C0219,P0187,2025-12-25 07:49:11,319,1,0
C0228,P0191,2025-11-07 05:40:57,271,6,0
C0838,P0123,2026-05-09 02:35:53,493,14,0
C0687,P0034,2026-04-08 21:02:45,361,1,0
C1768,P0104,2026-05-27 18:57:03,208,5,0
C0552,P0019,2026-06-06 22:25:48,327,2,0
C0181,P0064,2026-02-14 08:22:33,87,6,1
C0784,P0200,2025-12-27 18:27:01,244,2,0
C0692,P0176,2026-02-26 10:25:34,299,1,0
C1905,P0140,2025-08-31 16:50:51,142,7,1
C0878,P0055,2025-06-29 05:13:00,133,1,0
C1700,P0021,2025-08-22 00:20:09,297,4,0
C0536,P0055,2025-08-19 15:57:10,541,7,1
C0639,P0093,2025-11-08 03:52:53,98,7,1
C0225,P0199,2025-10-23 23:05:11,15,9,0
C1036,P0035,2025-12-16 20:18:13,451,4,1
C1764,P0185,2026-05-30 05:21:56,539,3,0
C0229,P0167,2025-11-06 17:58:21,348,1,0
C1420,P0034,2025-12-23 13:37:59,459,11,0
C1695,P0128,2026-05-10 21:38:49,547,2,0
C1383,P0015,2025-10-04 00:20:54,317,11,0
C1570,P0103,2025-10-12 16:54:06,200,11,0
C0029,P0194,2026-03-28 04:01:19,20,7,0
C1613,P0037,2026-01-21 12:14:22,597,5,0
C0940,P0124,2026-02-18 10:26:11,535,7,0
C1638,P0136,2025-08-09 11:05:41,81,5,1
C0962,P0041,2025-07-03 19:38:44,514,11,1
C0984,P0198,2025-12-13 05:03:12,577,10,1
C1607,P0103,2025-08-02 05:46:49,330,11,0
C1693,P0107,2025-09-22 00:09:09,363,2,0
C1811,P0068,2026-03-27 19:38:49,330,1,0
C1849,P0165,2025-06-30 18:38:25,577,12,1
C0798,P0199,2026-05-05 03:37:16,157,1,0
C1151,P0193,2026-01-31 03:30:01,534,10,0
C0092,P0139,2025-12-13 02:57:25,485,1,0
C1357,P0101,2026-04-09 11:32:50,344,1,1
C1076,P0195,2025-12-14 10:55:28,470,9,0
C0718,P0031,2025-08-12 06:28:34,479,1,0
C1463,P0110,2026-06-03 04:09:20,513,9,1
C0514,P0086,2025-12-29 03:31:29,10,4,0
C1685,P0118,2025-10-08 00:02:29,489,7,0
C0601,P0154,2026-01-15 08:38:03,472,1,1
C0270,P0056,2025-09-03 19:17:04,232,1,0
C0149,P0046,2025-09-19 03:47:36,148,14,0
C1808,P0120,2026-01-26 14:52:04,344,13,1
C1756,P0008,2026-01-24 00:51:01,348,3,1
C1497,P0019,2025-10-21 21:29:22,357,2,0
C1103,P0086,2025-07-22 13:18:22,206,2,1
C1686,P0046,2025-07-28 02:12:22,117,11,1
C0141,P0033,2025-09-02 20:43:15,593,11,0
C0377,P0128,2025-09-05 15:10:32,156,3,0
C0751,P0115,2026-03-22 00:13:22,323,1,0
C1630,P0048,2025-10-30 00:59:21,466,12,1
C1180,P0172,2025-10-05 17:49:47,481,11,0
C0401,P0040,2025-07-13 14:15:33,181,5,0
C0057,P0087,2026-01-18 11:21:44,452,11,0
C1721,P0121,2025-12-28 19:26:55,206,10,0
C0363,P0124,2026-05-26 06:09:59,458,4,0
C0216,P0043,2026-02-06 06:30:41,27,11,0
C1210,P0037,2025-10-02 14:50:27,138,1,0
C0390,P0178,2025-09-10 04:20:46,26,9,0
C1624,P0153,2025-12-16 18:17:53,129,10,0
C1992,P0051,2025-09-04 15:09:23,180,6,0
C0253,P0198,2026-01-03 23:25:31,250,3,0
C1130,P0193,2026-01-21 02:09:44,320,14,0
C0548,P0186,2025-12-18 15:17:38,272,10,0
C1010,P0039,2026-04-28 11:25:11,459,11,0
C1316,P0052,2026-04-24 13:00:50,145,2,0
C1449,P0058,2025-12-05 15:58:23,188,8,0
C0713,P0128,2025-08-26 20:53:29,291,7,0
C1277,P0010,2025-08-08 02:06:20,390,6,0
C0271,P0003,2025-06-14 06:34:36,419,6,0
C1347,P0056,2025-08-06 18:21:36,207,13,0
C0628,P0092,2025-11-28 16:33:31,142,6,0
C1839,P0057,2025-12-19 12:12:05,566,2,0
C0071,P0143,2026-02-17 22:58:48,598,4,0
C1641,P0088,2025-12-07 00:03:44,518,8,1
C0084,P0043,2026-05-31 02:14:07,137,11,0
C1089,P0034,2025-07-07 07:23:20,380,1,0
C0467,P0130,2025-07-16 13:09:37,217,4,0
C1597,P0149,2026-02-26 23:34:41,92,4,0
C1919,P0140,2025-11-22 02:12:23,408,2,0
C1665,P0030,2026-02-04 01:42:01,386,1,0
C1816,P0014,2025-11-28 22:47:20,296,5,0
C1739,P0024,2025-07-12 05:50:58,315,13,0
C1232,P0024,2026-02-11 10:55:48,442,10,1
C0706,P0080,2025-12-10 12:57:10,426,14,0
C0321,P0075,2025-06-10 10:40:24,167,11,0
C1565,P0165,2026-04-22 16:49:57,570,7,1
C0042,P0156,2025-09-29 07:44:04,289,11,0
C0387,P0138,2025-07-01 19:19:39,191,10,0
C0910,P0175,2025-12-05 22:29:15,558,14,0
C1440,P0032,2025-09-08 22:56:54,430,10,0
C1395,P0129,2026-04-24 00:39:34,60,13,1
C0634,P0106,2026-05-14 23:03:28,134,1,0
C0670,P0120,2026-02-27 15:07:49,312,11,0
C1417,P0022,2025-10-10 22:47:05,114,1,0
C1665,P0073,2026-01-12 04:46:23,344,5,1
C0979,P0100,2026-02-01 10:18:27,172,13,1
C1476,P0137,2025-06-09 21:57:44,109,6,0
C0146,P0106,2026-04-09 22:46:06,303,7,0
C1737,P0134,2026-05-02 07:22:00,52,14,0
C0239,P0007,2025-09-17 14:06:01,468,5,0
C0784,P0129,2025-09-10 23:06:06,375,5,1
C0487,P0165,2026-05-09 00:27:41,129,1,0
C0192,P0062,2025-11-03 07:08:56,332,13,0
C0381,P0161,2026-02-28 12:07:09,582,14,0
C0239,P0020,2025-11-05 01:29:36,86,11,0
C0505,P0152,2025-08-06 06:32:03,508,4,0
C0037,P0132,2026-06-04 06:48:16,593,9,0
C1997,P0146,2025-12-01 22:59:18,180,1,0
C1594,P0028,2025-09-03 01:52:12,551,9,1
C1661,P0138,2025-06-10 23:53:36,46,5,0
C0393,P0188,2025-07-10 11:30:19,445,5,0
C1641,P0150,2026-02-24 02:34:51,324,9,0
C1239,P0071,2026-04-15 04:23:50,572,7,0
C0236,P0025,2025-10-23 10:11:28,166,9,1
C0060,P0125,2025-07-22 18:50:00,229,3,0
C0700,P0070,2026-04-22 06:33:01,291,2,1
C0169,P0062,2026-04-09 06:50:54,353,10,0
C0014,P0164,2025-10-30 03:28:59,424,5,0
C1871,P0008,2025-07-28 05:18:09,552,5,0
C1052,P0196,2026-03-15 05:02:16,450,6,0
C0716,P0051,2026-01-27 11:46:52,108,6,1
C0426,P0101,2025-10-16 20:31:48,545,2,0
C1546,P0106,2025-09-17 08:09:25,281,1,0
C1807,P0132,2026-04-13 10:51:30,192,13,0
C1940,P0138,2026-02-26 10:49:19,347,9,0
C0546,P0124,2025-12-09 22:32:44,114,1,0
C0354,P0061,2026-01-21 20:33:33,270,6,1
C1876,P0065,2025-07-29 08:57:05,337,1,0
C1157,P0080,2025-10-11 21:31:02,544,7,1
C1520,P0109,2025-10-10 10:50:28,373,2,0
C0909,P0142,2026-03-01 01:09:44,103,13,0
C0123,P0064,2026-03-07 18:23:49,597,9,0
C0522,P0008,2026-05-31 09:56:57,319,2,0
C0709,P0198,2026-05-17 20:20:01,546,1,0
C1995,P0020,2026-04-10 17:49:43,564,9,0
C1154,P0037,2025-12-08 06:48:06,136,4,0
C1078,P0122,2026-03-06 13:46:14,391,9,0
C0982,P0034,2025-10-16 21:59:24,47,10,0
C0862,P0022,2025-07-04 12:54:52,134,14,0
C1730,P0032,2025-09-28 11:59:27,110,12,0
C0001,P0072,2026-05-30 20:07:09,436,2,1
C1933,P0015,2026-04-30 09:38:12,57,12,0
C0520,P0074,2025-12-13 18:52:57,562,5,1
C1138,P0147,2025-07-16 22:45:41,170,11,0
C1163,P0117,2026-05-15 16:26:12,303,4,1
C1940,P0021,2026-05-27 00:28:52,182,10,0
C1378,P0154,2025-09-13 07:37:05,205,14,0
C1139,P0159,2025-08-04 03:34:47,558,7,1
C1092,P0189,2026-06-07 11:36:19,449,6,0
C1870,P0196,2025-10-02 14:34:32,363,1,0
C0275,P0179,2025-07-27 18:08:26,481,11,0
C2000,P0158,2025-11-01 01:34:57,157,8,1
C1099,P0128,2026-02-21 07:02:37,572,6,1
C1369,P0019,2025-09-05 23:50:11,163,10,0
C1450,P0169,2025-06-23 13:40:45,27,13,1
C0729,P0066,2025-06-25 02:10:36,148,9,0
C0668,P0077,2026-03-24 14:50:23,423,9,0
C0973,P0031,2025-09-19 03:40:10,89,6,0
C0482,P0200,2025-11-28 10:55:42,301,2,0
C1254,P0096,2025-08-14 11:29:19,382,12,1
C0421,P0105,2025-09-05 21:09:02,334,7,1
C1156,P0099,2026-05-05 10:22:13,386,10,0
C0943,P0075,2026-01-26 17:47:01,274,6,0
C0396,P0045,2026-01-23 10:54:02,468,3,0
C0450,P0075,2025-12-21 20:43:33,257,9,0
C1987,P0029,2026-01-20 23:24:20,278,4,0
C0239,P0014,2025-10-09 06:22:01,422,1,0
C1334,P0031,2026-05-16 15:07:54,108,10,0
C0186,P0128,2026-06-08 08:07:16,214,14,0
C1305,P0191,2025-10-19 19:29:49,257,3,1
C0712,P0136,2025-07-15 07:34:39,227,3,0
C1987,P0086,2025-08-14 09:45:40,469,4,1
C0913,P0142,2026-05-19 16:07:35,503,9,0
C0702,P0094,2025-08-07 10:04:29,143,4,0
C0291,P0053,2025-09-13 06:08:51,114,11,1
C0948,P0136,2025-11-04 06:21:58,8,11,1
C0684,P0168,2025-10-30 13:18:21,51,14,0
C0940,P0048,2025-07-02 00:51:23,217,4,0
C0852,P0068,2025-11-12 06:29:09,209,13,1
C1097,P0004,2026-05-07 13:15:06,80,9,1
C0077,P0048,2025-09-17 03:10:56,414,6,1
C0106,P0077,2025-09-14 01:26:48,555,12,0
C0826,P0019,2026-05-24 02:53:08,92,3,0
C0881,P0077,2025-07-02 05:30:09,81,10,0
C0540,P0066,2026-03-13 08:42:59,386,6,0
C0717,P0058,2025-09-17 22:00:48,146,13,1
C1392,P0084,2025-11-23 19:50:41,147,1,1
C0913,P0152,2026-03-13 10:30:14,162,14,0
C0653,P0190,2025-08-03 10:19:31,307,2,1
C0721,P0043,2026-05-03 15:07:01,268,4,0
C1027,P0125,2025-06-29 22:15:50,272,4,0
C1040,P0078,2026-04-30 14:11:45,468,11,0
C1013,P0177,2025-12-04 13:21:44,67,14,0
C1003,P0049,2025-08-21 05:28:58,311,6,1
C1313,P0030,2026-05-19 08:03:24,336,2,0
C1279,P0092,2026-03-25 22:31:17,514,7,1
C1742,P0094,2026-01-31 21:40:23,467,7,0
C1295,P0046,2025-06-30 23:46:00,68,6,0
C0942,P0184,2025-08-04 22:17:13,253,6,1
C0940,P0075,2025-10-17 14:20:21,161,14,0
C0985,P0052,2026-03-30 04:31:13,92,9,0
C1875,P0066,2025-09-24 02:20:31,24,1,1
C1864,P0025,2026-05-23 11:42:55,562,9,0
C1890,P0057,2026-02-10 15:10:13,347,5,0
C1079,P0061,2026-05-26 16:26:03,524,6,0
C1200,P0116,2025-07-09 10:59:40,321,1,0
C0662,P0131,2025-07-23 06:00:44,106,6,1
C1806,P0036,2026-01-28 18:48:31,499,9,0
C0338,P0067,2026-01-04 09:39:46,14,1,0
C1511,P0111,2025-10-31 23:39:29,325,11,1
C1593,P0027,2025-12-21 16:03:10,137,7,1
C0083,P0057,2025-11-06 09:19:30,380,13,0
C0271,P0111,2025-07-23 15:05:06,80,14,0
C1556,P0165,2026-04-15 00:04:45,333,10,0
C0041,P0167,2025-12-02 05:59:14,27,7,0
C0763,P0144,2026-02-04 06:09:51,13,13,1
C0924,P0155,2025-07-30 08:28:51,56,1,0
C1574,P0100,2025-11-01 15:12:07,406,3,0
C1417,P0141,2025-12-13 07:19:27,304,14,0
C0196,P0161,2025-12-26 15:19:19,424,3,0
C1664,P0105,2026-04-28 05:00:01,526,4,0
C0148,P0109,2026-04-05 21:44:10,368,11,0
C1676,P0190,2025-10-20 07:31:50,406,14,0
C1516,P0063,2025-11-22 14:56:16,541,12,1
C1429,P0025,2025-12-15 22:42:06,15,9,0
C0126,P0050,2025-07-21 08:03:50,515,9,0
C1379,P0116,2025-12-25 16:06:33,356,1,1
C1038,P0001,2026-02-18 18:35:50,213,9,1
C0443,P0072,2025-11-01 14:23:06,393,9,0
C1507,P0147,2026-02-09 08:05:06,283,9,0
C0630,P0094,2025-06-23 04:47:46,438,1,0
C1410,P0014,2025-08-16 15:00:18,261,10,0
C1722,P0089,2025-11-06 05:39:15,404,10,0
C0943,P0172,2025-12-27 15:41:06,468,14,1
C1245,P0152,2025-08-19 17:51:46,187,3,0
C0072,P0162,2026-04-25 13:42:36,287,10,0
C0355,P0072,2025-11-29 20:25:38,539,4,0
C0910,P0191,2025-09-06 04:07:48,377,10,0
C0093,P0065,2025-06-21 21:44:09,328,1,0
C1905,P0090,2025-08-04 21:24:23,107,7,1
C1216,P0160,2025-12-20 12:40:40,198,12,1
C1427,P0152,2025-07-02 02:31:33,15,11,1
C0726,P0015,2026-03-18 07:21:36,301,11,0
C0956,P0073,2025-07-18 21:36:24,56,12,1
C0577,P0017,2026-02-18 08:31:21,355,12,0
C1674,P0063,2025-11-22 14:07:30,233,14,1
C0989,P0175,2025-10-16 06:48:43,298,7,0
C1777,P0070,2025-07-31 07:57:50,108,12,0
C1077,P0172,2026-03-25 15:13:06,379,10,0
C1078,P0020,2025-12-29 02:40:22,339,7,0
C1082,P0105,2026-03-10 02:31:41,270,10,0
C1520,P0039,2025-11-28 11:28:27,162,5,0
C0631,P0067,2026-03-27 02:23:05,303,5,0
C1844,P0101,2025-06-08 22:28:55,60,12,0
C0836,P0137,2026-03-05 18:59:28,385,12,1
C1815,P0191,2026-03-16 15:47:50,113,13,0
C1192,P0044,2026-01-26 07:16:07,439,10,1
C0218,P0161,2025-12-08 22:42:43,532,6,0
C1009,P0057,2026-04-17 01:40:19,578,2,0
C0875,P0071,2025-10-18 04:48:14,588,6,1
C0030,P0103,2025-06-13 03:37:20,292,6,0
C1258,P0057,2025-11-03 03:51:49,369,9,0
C1823,P0071,2025-07-19 09:00:13,273,10,1
C0131,P0035,2025-09-12 13:57:45,355,4,0
C1826,P0121,2026-05-31 15:41:05,167,8,1
C1120,P0006,2025-09-02 07:18:01,514,13,0
C0981,P0097,2026-05-20 15:14:27,440,3,0
C1249,P0156,2025-10-02 22:14:28,122,2,0
C0192,P0079,2026-02-23 19:27:14,594,3,0
C0107,P0126,2025-07-15 06:10:00,394,4,1
C0585,P0101,2026-01-11 20:34:32,472,2,0
C0934,P0026,2025-07-28 01:34:24,214,12,1
C1661,P0179,2026-05-26 15:21:40,77,11,0
C1333,P0184,2026-03-10 18:16:46,594,12,0
C1210,P0088,2026-04-25 05:36:27,257,13,0
C0299,P0076,2025-09-10 03:02:07,55,3,0
C0149,P0122,2025-09-12 01:45:03,215,8,0
C0538,P0173,2026-04-30 13:33:25,160,14,0
C0376,P0082,2026-02-25 03:09:21,496,4,0
C0925,P0017,2025-12-24 06:29:34,584,12,0
C1005,P0061,2026-05-11 01:22:18,127,13,0
C0708,P0074,2025-07-11 11:41:36,413,3,0
C1135,P0002,2025-10-21 18:13:07,93,1,0
C0710,P0026,2025-09-09 03:08:05,103,11,1
C0601,P0146,2025-08-16 13:36:50,261,13,1
C1264,P0103,2026-02-06 11:47:30,507,4,1
C0809,P0165,2026-03-06 05:57:10,275,8,1
C0550,P0114,2025-06-12 05:57:50,343,8,0
C1967,P0103,2026-05-02 06:28:30,338,1,0
C1193,P0083,2025-12-28 08:57:39,265,7,1
C1759,P0199,2026-01-01 00:45:52,215,4,0
C1786,P0023,2025-12-08 07:42:19,564,13,0
C0296,P0006,2025-08-06 05:51:08,554,9,0
C1892,P0027,2025-12-11 15:11:01,207,5,1
C0825,P0017,2026-04-28 12:08:02,248,7,1
C0987,P0047,2026-01-27 16:17:56,595,14,0
C1037,P0139,2026-05-05 04:33:38,384,13,0
C1626,P0086,2026-03-18 22:37:16,225,9,0
C1770,P0004,2025-09-22 18:15:05,50,8,1
C0274,P0043,2026-03-08 06:18:29,212,1,1
C1885,P0103,2026-06-03 13:13:21,128,10,0
C1353,P0187,2025-12-07 02:43:20,547,12,1
C0060,P0131,2025-07-06 12:59:07,446,9,0
C0911,P0002,2026-04-25 07:37:11,540,14,0
C0832,P0199,2026-02-16 18:13:34,360,2,0
C1816,P0155,2025-10-18 00:10:44,169,6,0
C0734,P0091,2025-11-27 12:31:07,171,10,0
C1089,P0120,2026-03-10 15:57:10,520,13,0
C1785,P0001,2025-12-18 08:29:48,310,14,1
C0395,P0074,2026-02-17 20:19:54,191,14,0
C1361,P0164,2025-11-11 20:55:52,572,10,1
C0240,P0021,2025-10-20 18:02:33,145,9,0
C0139,P0070,2026-02-06 13:50:33,389,6,1
C0198,P0056,2026-02-26 18:14:10,435,10,0
C0325,P0186,2026-01-23 18:29:56,292,2,0
C1088,P0199,2025-07-26 03:16:16,564,10,1
C0498,P0081,2025-11-19 13:54:19,64,13,0
C0257,P0065,2025-09-25 12:30:38,243,1,0
C0038,P0025,2025-12-08 05:00:07,414,13,1
C1595,P0161,2026-03-17 20:50:18,361,9,1
C1182,P0057,2025-09-24 17:40:35,437,8,0
C0433,P0175,2026-02-16 13:13:29,60,1,0
C0268,P0069,2026-01-13 20:06:53,453,9,1
C0257,P0160,2025-11-15 19:14:40,494,10,0
C1667,P0049,2025-08-31 06:59:02,320,11,0
C0413,P0178,2025-11-30 19:50:26,6,9,1
C1976,P0145,2026-04-30 16:58:33,370,4,1
C1597,P0017,2025-08-23 01:29:00,565,12,1
C1468,P0148,2025-10-23 08:36:51,438,3,0
C1579,P0057,2025-07-13 00:23:01,566,4,0
C0977,P0178,2026-02-10 05:10:35,297,14,0
C1194,P0015,2025-09-26 03:34:31,421,11,0
C0247,P0148,2025-12-27 10:54:27,234,8,0
C0637,P0192,2025-10-21 00:54:02,378,14,0
C0738,P0065,2025-08-20 00:23:38,92,8,0
C0713,P0145,2026-01-22 00:55:08,386,9,1
C1500,P0061,2025-09-15 16:55:56,543,6,0
C0074,P0061,2025-10-25 04:31:25,547,11,0
C0012,P0046,2026-02-04 12:22:23,419,9,1
C0237,P0181,2025-12-04 03:57:47,562,5,0
C1482,P0080,2025-10-23 02:15:46,477,11,0
C0112,P0036,2025-10-20 06:34:06,387,1,0
C0493,P0075,2025-10-01 22:38:34,490,6,0
C0117,P0043,2025-06-26 18:55:13,119,11,0
C1573,P0046,2026-03-27 13:33:32,551,4,0
C1360,P0080,2025-07-15 22:05:16,151,10,0
C0081,P0173,2026-06-01 10:52:30,379,10,0
C0063,P0156,2025-09-14 16:42:40,453,12,1
C0868,P0171,2026-05-05 22:36:23,425,2,0
C1937,P0168,2025-06-29 17:01:36,170,5,1
C1981,P0137,2026-03-18 03:47:16,465,11,0
C1213,P0144,2026-02-16 08:28:12,383,2,1
C1642,P0108,2026-03-19 16:19:40,76,11,0
C0638,P0170,2026-01-13 13:28:09,209,9,1
C0337,P0195,2025-08-08 16:08:35,279,7,0
C0905,P0054,2025-08-19 14:53:09,577,7,1
C0770,P0178,2025-08-13 21:54:23,246,11,0
C1567,P0033,2025-07-22 05:10:55,466,11,1
C1441,P0128,2026-06-08 02:29:56,395,13,0
C0688,P0126,2026-02-26 06:57:07,498,14,0
C1500,P0181,2025-10-02 06:07:11,468,3,1
C1873,P0123,2025-11-20 08:27:36,478,6,0
C1643,P0049,2025-06-10 12:16:39,566,1,0
C0607,P0012,2026-02-18 22:30:20,27,6,0
C1910,P0197,2026-04-19 18:27:56,239,4,0
C1083,P0164,2025-08-26 08:01:05,220,7,1
C1593,P0145,2026-01-26 15:50:13,94,4,0
C0311,P0045,2025-08-23 19:00:16,261,5,0
C1557,P0052,2025-11-27 20:19:28,342,11,0
C1972,P0067,2026-03-31 22:02:32,304,10,0
C0832,P0069,2025-08-20 10:03:36,72,10,0
C0028,P0181,2026-03-24 03:46:23,55,5,0
C1284,P0079,2026-01-01 04:40:01,590,10,0
C0184,P0023,2026-03-11 16:24:33,133,3,1
C1856,P0186,2025-07-17 05:27:43,483,11,0
C0492,P0001,2025-11-02 19:20:23,71,5,0
C0467,P0029,2026-05-31 15:29:28,421,4,0
C0189,P0122,2026-04-18 14:46:53,392,1,0
C1806,P0161,2026-02-05 07:29:40,180,3,1
C1495,P0085,2025-06-26 06:09:07,237,7,0
C0452,P0021,2026-03-24 07:33:45,233,11,0
C1759,P0026,2025-08-19 11:22:55,45,10,1
C1251,P0038,2025-06-22 01:23:21,271,9,0
C0541,P0060,2026-02-12 14:46:35,455,1,0
C1780,P0061,2025-10-29 20:15:57,506,3,0
C1710,P0177,2025-10-23 02:37:53,338,1,0
C1977,P0123,2025-10-27 20:48:58,146,12,0
C0144,P0097,2025-08-29 21:01:49,337,6,0
C1521,P0140,2026-01-02 00:01:50,59,3,0
C0870,P0167,2025-12-09 13:57:30,421,1,1
C0797,P0069,2025-11-08 13:43:34,84,9,0
C1136,P0046,2025-09-13 18:13:36,568,10,0
C0472,P0074,2025-11-22 17:52:09,557,13,0
C1411,P0187,2026-04-17 16:51:42,568,2,0
C1457,P0156,2026-03-25 03:59:56,471,7,0
C1645,P0141,2026-02-05 05:25:25,252,5,0
C1144,P0067,2025-11-26 06:38:52,577,12,0
C1351,P0152,2025-09-14 00:53:07,474,13,0
C1725,P0151,2026-01-07 07:32:21,290,12,1
C1938,P0096,2026-06-01 00:37:30,316,5,0
C0775,P0097,2025-10-23 10:32:07,117,12,0
C1661,P0200,2025-06-27 10:14:45,467,4,0
C0132,P0162,2025-10-19 15:53:13,125,5,0
C1830,P0122,2026-03-27 22:25:48,43,6,0
C0512,P0161,2026-05-23 12:04:13,293,8,0
C1812,P0016,2026-01-04 00:00:53,507,8,0
C1407,P0087,2026-03-15 19:21:37,86,14,0
C0799,P0042,2025-11-15 23:11:05,16,1,1
C1770,P0073,2025-12-04 04:29:23,119,10,0
C1673,P0106,2026-03-14 04:10:16,532,8,0
C1778,P0078,2025-12-26 22:48:52,391,2,1
C0481,P0152,2026-01-30 22:18:35,461,13,0
C0898,P0199,2026-06-01 20:52:39,25,3,1
C1625,P0047,2025-08-28 16:40:09,207,1,0
C0416,P0192,2025-07-02 23:56:34,516,5,1
C0167,P0128,2026-02-15 19:37:21,472,8,0
C0810,P0009,2025-12-19 11:05:13,477,1,1
C1282,P0019,2026-03-30 13:46:27,24,10,0
C1769,P0070,2025-08-24 19:08:19,533,12,0
C0089,P0196,2025-07-19 07:32:16,354,4,1
C0387,P0087,2025-12-02 04:38:20,311,2,1
C1178,P0184,2026-01-01 02:47:51,268,1,0
C0735,P0165,2026-01-30 13:11:24,497,9,1
C0993,P0155,2025-09-10 11:40:00,177,4,0
C0854,P0128,2025-09-13 03:31:32,476,14,0
C1891,P0037,2025-09-15 02:15:17,587,1,0
C1055,P0183,2025-09-12 19:31:11,385,12,0
C1035,P0088,2025-08-09 23:15:20,548,9,0
C0166,P0188,2025-06-27 16:42:11,346,2,0
C1043,P0116,2025-08-18 21:27:15,188,14,0
C0545,P0010,2025-08-01 10:12:46,596,14,0
C0580,P0092,2026-03-18 19:32:50,431,11,0
C1460,P0097,2025-07-05 22:48:09,500,3,1
C0661,P0022,2026-01-16 19:42:32,269,9,0
C0457,P0027,2026-01-29 13:49:20,277,12,0
C1837,P0008,2026-05-27 12:11:17,212,2,0
C1661,P0123,2026-02-04 16:11:53,37,1,0
C0204,P0006,2025-12-27 23:01:53,521,11,0
C1616,P0018,2026-06-05 01:24:29,343,6,0
C1469,P0136,2025-06-26 21:17:41,391,10,0
C1049,P0069,2025-11-06 03:54:46,342,2,0
C0885,P0095,2025-06-22 23:45:17,549,2,0
C0893,P0185,2025-06-27 13:14:40,235,6,0
C1449,P0135,2026-05-17 01:50:59,441,9,0
C1184,P0038,2026-02-09 10:09:40,545,12,0
C0657,P0064,2026-04-15 17:57:52,349,13,0
C1864,P0184,2025-11-12 01:54:07,272,9,0
C1795,P0033,2026-04-08 13:03:06,381,6,0
C1586,P0184,2026-02-17 05:15:23,496,9,0
C0489,P0178,2025-11-20 16:53:09,33,7,0
C1883,P0100,2026-01-17 17:44:05,177,1,0
C1080,P0046,2026-03-29 03:27:00,71,5,0
C1678,P0067,2025-06-10 03:33:34,27,7,0
C1630,P0189,2026-01-30 11:24:09,570,10,1
C0473,P0077,2025-10-07 22:59:04,557,2,0
C0695,P0128,2025-12-10 00:56:31,233,13,0
C0598,P0118,2025-09-20 08:03:37,565,9,0
C1972,P0002,2025-10-18 05:14:55,484,8,0
C1202,P0123,2025-07-23 23:16:27,346,11,1
C1869,P0136,2026-05-26 04:32:54,63,1,1
C1489,P0012,2025-12-15 12:04:50,264,5,1
C1997,P0095,2025-09-12 03:40:44,129,9,1
C1915,P0007,2025-08-25 21:11:58,475,8,0
C1535,P0069,2026-03-22 07:40:13,73,1,0
C0542,P0073,2025-12-25 20:03:32,266,9,0
C1939,P0066,2025-06-20 20:13:26,270,5,0
C1231,P0077,2026-02-17 08:02:57,81,13,0
C0047,P0110,2026-03-21 22:57:53,204,11,1
C0210,P0120,2025-09-09 11:22:46,424,10,0
C1546,P0159,2025-11-16 01:55:49,357,13,0
C1285,P0077,2025-12-19 20:02:55,492,3,0
C0579,P0199,2026-02-26 19:48:56,167,8,0
C0195,P0093,2025-11-23 11:33:45,546,7,1
C0850,P0075,2026-03-18 06:04:47,431,1,1
C0828,P0040,2026-05-10 02:50:42,453,13,1
C0330,P0121,2025-10-15 06:30:01,151,3,1
C0292,P0043,2026-02-11 12:08:47,147,1,0
C1961,P0115,2026-03-18 23:32:34,369,10,0
C0720,P0164,2025-10-02 11:53:50,485,4,0
C1101,P0161,2026-03-02 20:28:04,521,5,1
C1614,P0091,2025-06-15 05:12:02,108,4,1
C1511,P0083,2025-07-24 13:26:50,570,4,0
C1502,P0095,2025-08-18 16:21:59,227,9,0
C1077,P0077,2025-09-11 08:14:22,507,12,0
C1838,P0054,2025-07-22 10:34:37,169,7,0
C1051,P0070,2026-01-09 11:45:45,222,2,1
C1389,P0189,2026-03-26 04:30:03,310,12,0
C0019,P0001,2025-11-03 23:42:56,300,6,0
C1904,P0194,2025-06-22 15:16:15,556,6,0
C1072,P0183,2025-08-05 01:47:20,591,1,1
C1207,P0179,2026-01-23 05:43:28,111,12,0
C0776,P0086,2026-06-05 11:44:50,460,9,0
C1882,P0130,2025-12-05 08:08:14,340,6,1
C1781,P0090,2025-06-19 14:26:12,575,3,0
C0540,P0072,2025-12-11 11:24:48,28,12,0
C1509,P0056,2025-12-27 16:58:11,227,8,0
C0179,P0032,2025-07-29 09:29:03,438,9,0
C1474,P0025,2026-01-24 03:42:40,496,13,1
C1602,P0042,2025-09-21 21:37:41,424,9,0
C1612,P0137,2025-08-03 16:17:31,168,9,0
C1279,P0038,2026-04-01 11:29:13,421,10,0
C1341,P0174,2025-08-01 19:26:59,474,9,0
C0445,P0018,2025-11-15 12:22:37,74,2,0
C0628,P0080,2026-04-19 23:33:10,531,8,0
C1293,P0119,2025-12-24 07:23:59,192,13,0
C1593,P0199,2025-12-12 08:56:07,533,2,0
C0288,P0150,2025-07-02 04:02:38,571,3,0
C1465,P0013,2025-07-29 23:49:53,307,7,0
C0830,P0182,2025-06-26 00:12:44,545,6,0
C0833,P0029,2025-10-20 19:37:03,564,5,0
C0762,P0163,2025-06-24 21:54:07,507,10,0
C0467,P0101,2025-07-22 03:17:29,587,14,0
C0675,P0173,2025-06-21 17:12:40,145,10,0
C0578,P0198,2026-04-11 15:54:06,232,9,1
C0684,P0060,2025-11-18 23:44:19,435,8,0
C1543,P0174,2026-03-24 21:53:55,215,14,0
C1110,P0141,2026-04-18 18:14:20,257,5,0
C0769,P0123,2025-09-07 10:39:35,385,12,1
C1057,P0004,2026-05-16 02:09:22,238,3,0
C1883,P0052,2026-02-03 03:02:23,74,6,0
C1463,P0057,2026-02-22 18:50:02,368,7,0
C1790,P0144,2025-09-01 22:06:49,28,5,0
C1449,P0077,2025-12-31 10:39:25,179,12,0
C0325,P0101,2026-02-09 11:50:29,352,14,0
C0018,P0044,2026-01-14 22:55:41,159,3,1
C0922,P0121,2026-02-23 03:06:45,406,1,1
C0217,P0056,2026-05-17 21:20:07,35,5,0
C1083,P0124,2025-10-26 03:11:02,357,7,0
C0445,P0107,2025-09-19 16:09:08,195,2,0
C1937,P0167,2025-08-18 03:28:49,587,10,0
C0566,P0094,2026-03-22 21:11:48,80,3,0
C0267,P0061,2025-12-17 22:49:25,125,4,1
C0025,P0176,2025-11-12 15:58:18,164,4,1
C1138,P0132,2026-02-26 02:32:21,506,6,0
C1013,P0191,2025-12-18 13:32:52,179,1,0
C1923,P0086,2026-03-24 01:03:55,578,1,1
C0382,P0105,2026-05-23 13:35:18,322,3,0
C1274,P0013,2025-07-18 09:05:06,559,2,0
C1976,P0111,2025-08-26 11:34:23,260,3,1
C1974,P0144,2025-10-03 00:03:06,395,13,0
C1700,P0169,2025-12-30 11:30:52,302,9,0
C1927,P0015,2025-10-01 05:25:58,64,8,1
C1491,P0165,2025-08-20 07:18:00,238,7,0
C0845,P0105,2026-04-23 13:42:40,495,11,0
C0503,P0122,2025-09-01 11:47:26,596,10,0
C1405,P0184,2026-04-20 08:47:03,432,9,0
C0646,P0032,2025-12-12 22:09:31,368,10,0
C0882,P0146,2026-01-03 23:48:06,461,7,1
C0626,P0008,2026-05-04 10:20:20,68,11,0
C1671,P0041,2026-01-23 20:18:16,300,3,0
C0913,P0194,2026-05-23 02:11:47,114,13,1
C1394,P0112,2026-02-04 13:13:12,440,6,0
C1028,P0134,2025-06-10 09:38:41,170,10,0
C1419,P0017,2026-01-04 06:51:43,96,3,0
C0543,P0163,2026-02-20 15:12:32,404,11,0
C1170,P0111,2025-06-23 00:30:46,105,14,0
C1904,P0155,2025-08-21 13:42:13,167,4,1
C1197,P0035,2026-05-01 04:59:11,288,7,0
C0381,P0102,2026-04-05 09:02:31,537,4,1
C1187,P0097,2025-07-29 06:36:45,311,3,0
C0055,P0077,2026-02-27 17:11:59,131,12,0
C0705,P0093,2026-01-31 09:22:33,413,7,0
C1751,P0092,2026-01-19 09:09:59,307,11,0
C1720,P0038,2025-07-30 15:26:28,143,3,1
C1551,P0001,2026-02-08 23:55:52,5,1,0
C1120,P0157,2026-05-06 19:29:16,542,7,0
C0429,P0093,2025-08-28 08:22:06,485,7,1
C0396,P0095,2025-10-24 21:46:03,420,6,0
C0916,P0119,2025-08-06 03:20:45,55,1,1
C0036,P0067,2025-12-25 02:38:34,485,4,0
C1166,P0100,2025-10-14 16:38:54,475,13,1
C1020,P0120,2025-11-27 04:49:12,595,6,1
C0673,P0183,2025-09-09 22:05:26,535,13,0
C0029,P0189,2026-02-19 22:16:50,468,8,0
C0151,P0010,2025-06-25 00:23:24,109,9,0
C1457,P0145,2025-12-06 23:03:59,501,8,0
C1772,P0173,2025-11-15 13:40:51,162,12,0
C0494,P0055,2025-08-08 22:01:33,407,13,0
C1794,P0164,2025-09-04 16:17:33,467,8,0
C0550,P0131,2025-09-04 12:49:59,259,2,0
C0095,P0092,2025-10-18 11:57:14,482,11,0
C0762,P0190,2026-01-25 19:10:06,488,13,0
C1560,P0167,2025-07-12 11:29:31,137,7,1
C0510,P0158,2026-05-25 08:17:08,545,10,0
C1235,P0154,2025-09-15 19:16:10,297,11,0
C0734,P0115,2025-09-06 21:01:43,263,11,0
C1146,P0043,2025-09-22 05:48:30,385,1,0
C1913,P0073,2025-06-28 16:52:27,505,9,0
C0362,P0077,2025-12-20 08:52:12,467,6,0
C0127,P0197,2025-10-20 20:35:41,225,3,0
C0091,P0155,2026-05-06 01:25:19,12,4,0
C0320,P0138,2025-11-02 04:55:18,273,13,0
C1699,P0061,2025-07-22 11:16:21,442,8,0
C0797,P0095,2025-07-07 01:43:14,557,14,0
C1494,P0149,2026-01-15 11:09:07,518,2,0
C1961,P0194,2026-01-22 15:18:01,486,3,0
C1360,P0179,2026-01-29 15:13:11,200,7,0
C1273,P0153,2025-06-10 20:03:57,470,10,0
C1675,P0017,2026-05-28 11:17:19,158,8,1
C1273,P0023,2026-03-08 12:47:08,444,4,0
C0816,P0020,2025-11-13 11:18:55,518,8,0
C1823,P0155,2025-11-14 18:58:02,509,14,0
C0772,P0141,2025-12-15 09:58:09,240,6,1
C0128,P0200,2026-04-11 07:33:37,547,6,0
C1674,P0021,2026-01-31 06:35:18,238,10,0
C0791,P0131,2026-03-18 11:51:55,420,4,0
C0970,P0029,2025-12-26 10:47:21,365,4,0
C1907,P0174,2025-11-06 22:13:33,166,5,1
C0852,P0061,2026-01-01 11:40:52,129,8,1
C1095,P0070,2025-12-24 22:55:48,470,3,0
C1514,P0191,2025-12-05 07:09:22,537,14,0
C0899,P0082,2025-12-19 03:56:26,526,11,1
C0012,P0007,2026-04-16 15:54:51,453,10,1
C1138,P0026,2025-06-20 04:59:19,503,12,0
C1569,P0062,2025-06-15 08:26:42,233,3,0
C1729,P0200,2026-02-06 01:05:47,592,11,1
C1526,P0083,2026-02-21 19:24:04,29,9,0
C1056,P0063,2025-07-28 03:50:15,16,13,0
C1628,P0001,2025-12-11 17:57:03,439,6,0
C1160,P0196,2025-12-16 21:11:24,137,9,0
C0086,P0039,2025-08-01 23:07:58,328,4,0
C0516,P0126,2026-01-05 02:08:37,179,11,0
C1045,P0184,2026-02-09 02:17:46,109,2,0
C1467,P0007,2026-01-17 18:06:04,53,1,0
C1364,P0087,2025-12-20 12:10:22,358,11,0
C1826,P0161,2025-09-21 22:09:02,582,13,0
C0319,P0087,2026-01-05 06:28:37,557,6,1
C0698,P0098,2025-06-11 12:38:01,46,13,0
C1721,P0017,2025-08-31 23:46:30,269,2,0
C0292,P0036,2026-05-06 01:23:08,564,3,0
C0097,P0119,2025-09-16 09:59:23,99,6,0
C0074,P0080,2025-07-15 12:52:53,72,6,1
C1942,P0077,2025-08-14 03:20:44,212,4,1
C1790,P0006,2026-02-08 08:50:18,414,11,0
C0344,P0003,2025-06-26 15:19:22,78,13,1
C1724,P0191,2025-08-10 10:11:56,336,14,0
C1369,P0072,2026-02-09 19:58:23,459,10,0
C1139,P0057,2026-03-10 04:55:43,232,2,0
C0858,P0050,2025-11-01 13:00:30,530,10,0
C0528,P0182,2025-07-01 04:58:18,431,10,0
C0465,P0110,2025-10-12 02:17:02,282,4,1
C0019,P0066,2025-06-17 00:14:21,171,9,0
C1020,P0147,2026-02-06 18:25:26,413,2,0
C1431,P0117,2025-06-16 13:53:23,43,9,0
C0324,P0025,2026-03-28 13:24:47,418,13,0
C0635,P0121,2025-11-27 01:47:38,65,4,0
C1331,P0098,2026-02-28 05:25:12,397,12,1
C0258,P0005,2025-11-29 21:43:28,450,5,1
C1204,P0086,2025-10-10 00:05:24,137,11,0
C1860,P0009,2025-09-11 10:34:09,97,6,1
C1435,P0138,2025-06-18 01:04:10,212,10,0
C1661,P0061,2025-10-26 03:43:39,311,10,0
C0646,P0062,2026-01-11 17:48:09,117,5,0
C1402,P0198,2025-11-22 13:30:02,195,11,1
C1464,P0187,2026-01-29 13:00:19,371,9,0
C0187,P0051,2025-12-07 23:05:05,136,8,0
C0635,P0048,2026-03-31 18:02:02,380,3,0
C0692,P0099,2025-07-14 07:13:06,38,4,0
C0582,P0171,2025-12-10 17:02:21,370,11,1
C0181,P0019,2025-12-08 05:18:34,230,9,0
C1119,P0113,2026-02-26 19:07:29,301,1,0
C0175,P0103,2025-11-23 14:55:06,58,7,0
C0863,P0147,2025-10-13 03:47:18,322,3,0
C0349,P0187,2026-03-10 14:52:03,584,12,1
C1810,P0026,2025-09-09 19:29:47,364,3,0
C0823,P0119,2025-11-19 04:33:31,12,1,0
C0563,P0085,2026-05-28 00:19:06,476,9,0
C1711,P0183,2026-04-04 14:06:54,253,11,1
C1107,P0093,2025-10-30 06:04:17,398,8,1
C1292,P0161,2026-03-20 06:13:58,587,1,0
C1277,P0189,2025-11-10 03:16:30,126,12,0
C0010,P0031,2025-11-08 12:15:45,320,6,0
C1297,P0050,2026-06-05 23:28:06,214,14,0
C1754,P0118,2025-10-27 01:00:56,468,8,0
C0728,P0157,2026-04-14 06:14:55,420,8,1
C0080,P0011,2025-10-28 02:22:42,484,6,0
C0891,P0035,2026-05-30 08:28:17,22,5,0
C1549,P0090,2026-01-18 22:28:51,370,1,1
C1472,P0001,2025-10-16 07:35:56,323,9,1
C1058,P0103,2025-06-27 11:12:34,270,4,0
C0775,P0056,2026-01-12 02:53:43,84,5,0
C0413,P0012,2026-05-11 08:08:24,405,4,1
C0282,P0112,2026-01-20 21:51:16,382,12,0
C1941,P0042,2026-04-21 22:58:31,321,10,0
C0509,P0182,2026-04-10 11:28:09,550,7,0
C0365,P0035,2025-10-06 22:55:53,275,1,0
C1498,P0025,2026-05-05 14:18:18,238,11,1
C1275,P0079,2025-11-07 16:55:29,90,11,1
C0390,P0180,2026-05-13 05:26:23,153,7,0
C0121,P0093,2026-05-04 00:51:26,260,14,0
C0864,P0032,2026-01-10 09:48:50,313,11,0
C1022,P0069,2026-04-16 11:26:55,450,4,1
C1110,P0018,2026-05-09 12:39:37,231,1,0
C1650,P0184,2026-02-03 05:16:22,326,13,0
C1342,P0054,2025-10-14 10:53:42,403,5,1
C0899,P0037,2025-07-31 00:55:47,297,5,1
C1923,P0191,2026-03-19 07:10:07,416,12,0
C1758,P0018,2026-02-20 12:10:14,248,4,0
C1953,P0192,2025-12-20 02:10:18,158,8,0
C0273,P0168,2025-08-27 11:42:14,524,5,0
C0568,P0126,2025-08-18 00:18:57,163,11,0
C1594,P0140,2025-06-22 03:07:24,180,12,0
C0211,P0191,2025-09-16 05:46:30,590,7,0
C0460,P0148,2025-11-07 16:45:26,361,9,0
C1351,P0116,2025-10-24 09:59:58,186,10,0
C1358,P0199,2026-06-04 23:03:11,33,10,0
C1117,P0073,2025-10-10 19:08:31,334,3,0
C1208,P0095,2026-05-20 06:27:05,357,2,0
C0941,P0009,2025-07-29 11:47:59,23,7,0
C0646,P0114,2025-10-21 15:07:14,503,11,0
C1661,P0061,2025-08-26 15:22:45,529,12,1
C0255,P0085,2025-07-30 18:07:35,462,4,1
C1586,P0164,2026-03-26 02:31:52,96,8,1
C1093,P0037,2025-06-21 07:49:30,144,10,0
C0867,P0125,2026-01-19 15:14:14,570,2,0
C1202,P0041,2026-05-06 13:28:18,141,14,0
C1664,P0086,2025-12-26 21:02:00,563,5,1
C0972,P0001,2025-11-24 14:29:40,247,3,0
C1744,P0159,2026-04-02 09:34:29,347,10,0
C1403,P0082,2026-04-27 03:20:13,150,3,0
C0122,P0087,2026-03-29 13:26:43,315,9,0
C0475,P0058,2025-09-12 02:58:37,496,11,0
C0820,P0126,2025-10-14 23:51:08,284,8,0
C0521,P0110,2026-04-28 21:36:35,98,5,0
C0339,P0181,2026-04-01 16:32:45,340,8,0
C1516,P0149,2025-12-21 11:55:43,44,7,0
C0574,P0198,2025-08-04 12:56:46,585,14,1
C1781,P0109,2025-11-28 22:56:51,174,2,0
C0701,P0004,2026-04-06 02:44:29,588,8,0
C0459,P0017,2025-07-09 16:08:46,345,9,0
C0218,P0107,2026-04-20 01:51:00,468,7,0
C0730,P0117,2026-04-09 08:43:37,421,6,0
C0108,P0072,2026-01-08 23:55:20,422,12,0
C0821,P0142,2025-09-14 06:18:23,276,11,0
C1140,P0073,2025-07-12 01:14:06,590,1,0
C0780,P0128,2025-10-28 20:12:10,239,9,1
C0181,P0157,2025-08-17 19:38:40,458,11,0
C0857,P0192,2025-06-16 00:15:28,28,9,0
C1424,P0180,2025-09-17 07:14:44,596,6,1
C0421,P0132,2025-07-17 22:02:59,486,12,1
C0166,P0169,2025-07-30 14:46:23,352,1,0
C0398,P0071,2025-11-14 13:06:10,439,1,0
C1245,P0052,2026-04-17 13:18:08,470,3,0
C1266,P0158,2025-07-30 05:43:06,558,11,0
C1819,P0152,2026-05-09 06:34:54,231,7,0
C1096,P0018,2026-02-18 18:52:41,593,13,0
C1496,P0115,2026-03-06 10:42:37,96,6,0
C0172,P0092,2025-07-23 23:23:52,196,13,0
C1305,P0108,2026-03-29 23:03:46,183,14,1
C1159,P0109,2026-03-25 04:57:45,284,3,0
C1619,P0115,2026-03-16 07:58:36,116,11,1
C1700,P0102,2026-01-16 22:52:47,225,8,0
C0304,P0191,2026-05-22 12:58:25,329,5,1
C0438,P0170,2025-10-08 17:14:35,379,13,0
C0381,P0014,2026-02-21 04:29:45,504,6,0
C1415,P0037,2025-06-28 22:53:00,569,2,0
C0492,P0038,2025-06-12 13:52:20,389,4,0
C0755,P0044,2025-06-09 03:17:37,551,7,0
C0731,P0060,2025-12-23 00:56:46,312,12,0
C1032,P0107,2026-03-25 00:15:24,212,9,0
C0131,P0197,2025-08-15 13:36:44,30,6,0
C0635,P0186,2025-12-09 03:37:37,488,8,0
C1075,P0123,2026-02-28 18:34:45,9,13,0
C1184,P0001,2026-01-09 17:05:13,209,6,0
C0011,P0181,2025-09-09 08:25:47,12,9,1
C0936,P0032,2025-12-01 01:42:06,544,14,1
C1005,P0131,2025-07-30 18:16:36,232,11,0
C1748,P0062,2026-04-14 07:59:22,561,9,0
C0348,P0025,2026-05-17 08:07:47,238,13,1
C1068,P0174,2025-10-14 01:58:15,146,8,0
C0176,P0142,2025-09-11 04:20:08,453,2,0
C0135,P0088,2026-04-02 08:22:33,181,3,1
C1591,P0141,2025-09-19 05:14:17,461,8,0
C1080,P0015,2025-07-27 20:20:33,423,8,0
C1633,P0144,2025-09-08 02:49:02,12,13,0
C0215,P0173,2026-06-04 18:36:30,556,1,0
C1718,P0014,2025-10-02 01:43:44,249,14,1
C0309,P0127,2026-03-08 06:16:01,159,3,0
C1414,P0055,2025-10-19 21:29:27,304,2,0
C0784,P0012,2025-10-04 00:29:26,408,13,0
C1728,P0187,2026-03-12 14:51:46,282,1,0
C1018,P0047,2026-03-02 02:59:00,545,6,1
C0813,P0077,2025-10-01 07:15:28,525,8,0
C1039,P0164,2026-05-31 09:02:52,529,11,0
C0172,P0101,2025-07-14 14:52:51,331,8,0
C1509,P0122,2026-05-03 05:12:56,592,4,1
C0372,P0061,2025-07-16 19:18:31,428,5,0
C0477,P0126,2026-02-01 07:20:58,159,1,0
C1780,P0162,2025-08-24 12:23:13,72,8,1
C1301,P0161,2026-01-09 22:19:33,395,1,0
C0259,P0051,2025-08-25 11:55:58,99,6,0
C1488,P0123,2025-10-16 20:21:29,191,6,0
C0925,P0017,2025-11-08 23:11:32,377,12,0
C1430,P0152,2025-09-15 03:00:01,129,1,1
C0341,P0051,2025-06-09 21:33:39,182,11,0
C0952,P0071,2025-08-23 03:44:07,174,7,0
C0069,P0048,2025-08-04 09:01:46,385,9,1
C1301,P0082,2026-05-03 04:36:22,103,4,0
C1551,P0069,2026-04-04 01:19:46,465,3,0
C0844,P0062,2025-08-01 07:33:31,123,5,0
C0549,P0134,2025-11-26 11:32:50,459,10,0
C1514,P0008,2025-07-29 03:10:26,520,5,1
C1951,P0149,2025-09-09 22:58:31,492,9,1
C0655,P0163,2025-08-24 18:55:59,559,9,0
C0293,P0185,2026-02-14 23:49:14,558,12,0
C0317,P0142,2025-09-01 10:56:32,328,5,0
C0596,P0034,2026-02-16 07:51:55,80,1,0
C1944,P0148,2025-12-02 12:08:21,490,14,0
C1112,P0007,2026-01-01 01:24:04,554,4,0
C1679,P0174,2026-02-11 22:20:08,400,13,1
C1452,P0143,2026-01-17 14:32:35,367,14,1
C1585,P0021,2026-04-28 23:35:35,275,14,0
C0298,P0015,2025-07-02 00:23:58,238,4,0
C0027,P0093,2026-03-23 16:47:43,313,4,0
C0319,P0181,2025-11-25 10:46:30,573,8,0
C1844,P0107,2026-05-23 20:02:50,47,7,1
C1909,P0170,2025-08-09 23:46:17,264,5,0
C0645,P0080,2026-03-18 08:56:43,557,6,1
C0990,P0132,2026-03-25 17:47:31,259,2,0
C1731,P0149,2026-05-05 16:47:49,303,5,0
C1874,P0108,2025-10-23 11:19:15,457,9,0
C0212,P0156,2026-05-03 20:01:01,542,2,0
C1619,P0131,2025-10-25 08:50:40,333,4,1
C0256,P0049,2025-10-07 17:43:31,67,7,0
C0407,P0034,2025-09-26 16:29:13,109,9,0
C1861,P0015,2025-08-06 06:59:07,263,3,0
C1436,P0003,2025-08-10 09:56:25,264,8,0
C1695,P0045,2025-10-02 08:07:25,335,5,1
C1217,P0009,2025-09-30 10:34:17,405,6,0
C1089,P0131,2025-06-24 17:52:05,499,10,0
C1717,P0159,2026-01-22 22:12:16,34,10,0
C0328,P0064,2025-07-30 19:24:04,403,11,0
C0105,P0184,2026-01-31 05:27:22,334,4,0
C1641,P0047,2026-04-17 22:46:16,318,3,1
C1982,P0072,2025-10-15 16:32:42,490,12,0
C0410,P0027,2025-09-22 14:22:02,33,14,0
C0501,P0129,2026-06-07 11:12:54,64,11,1
C0220,P0185,2026-01-02 22:35:38,568,12,0
C0546,P0096,2025-07-09 01:25:24,93,12,0
C1946,P0200,2025-07-05 17:10:18,279,6,0
C0111,P0022,2025-12-18 18:47:00,481,1,0
C0678,P0128,2025-09-20 20:43:02,241,14,0
C0803,P0107,2025-10-12 13:02:22,132,3,0
C0851,P0138,2025-09-12 10:27:22,479,11,0
C0111,P0090,2025-12-04 00:47:28,284,13,0
C1248,P0101,2026-05-08 03:58:25,136,13,0
C0457,P0185,2025-08-29 16:32:15,102,8,0
C0293,P0048,2026-03-02 10:16:31,5,12,0
C0250,P0140,2025-09-29 09:35:23,153,11,0
C0044,P0115,2026-03-31 06:35:53,48,14,1
C1250,P0162,2025-08-31 20:39:19,257,4,0
C1472,P0116,2026-03-19 08:27:47,478,10,0
C1133,P0194,2025-08-17 15:15:59,39,3,0
C1926,P0019,2026-01-06 05:03:06,191,5,0
C0243,P0008,2025-09-03 03:49:49,526,3,1
C1702,P0029,2025-06-10 21:34:17,91,7,0
C0210,P0046,2025-11-14 08:29:04,471,12,0
C0026,P0010,2025-11-02 23:51:39,179,4,1
C1335,P0066,2026-01-02 04:16:09,583,7,1
C0055,P0031,2026-05-11 04:49:18,590,3,1
C1180,P0081,2026-05-09 22:21:22,151,5,0
C0599,P0020,2026-05-19 12:46:23,273,13,0
C1579,P0139,2026-01-26 14:22:35,405,6,0
C1330,P0028,2026-04-11 14:52:17,471,4,0
C1558,P0119,2026-05-27 05:20:48,105,7,0
C0802,P0097,2026-05-29 17:50:49,304,10,1
C0296,P0097,2025-07-27 20:43:10,134,11,0
C1180,P0074,2026-02-27 17:49:36,346,1,0
C1114,P0067,2026-03-09 10:38:30,459,12,0
C0712,P0076,2026-04-03 14:01:01,352,9,0
C1802,P0086,2025-07-23 09:24:06,106,9,0
C0481,P0108,2026-05-01 05:47:25,169,13,1
C1627,P0192,2025-12-03 13:19:27,339,6,0
C0734,P0107,2026-04-26 02:06:46,428,5,0
C1762,P0108,2026-05-26 04:46:35,64,2,0
C1274,P0048,2026-06-06 13:06:49,121,3,0
C0874,P0147,2025-08-02 14:08:00,549,12,0
C0509,P0165,2026-04-10 10:31:14,372,9,1
C1316,P0081,2026-02-06 22:24:16,290,12,0
C0684,P0012,2026-03-09 08:31:50,125,1,1
C1780,P0152,2026-02-02 08:02:26,192,11,1
C0013,P0091,2026-04-15 14:10:09,204,10,0
C1792,P0200,2025-12-09 03:56:22,452,4,0
C1864,P0073,2026-01-10 05:34:03,75,14,1
C1820,P0130,2025-06-29 20:46:06,47,8,0
C1037,P0111,2025-12-26 09:05:34,539,14,0
C1790,P0015,2025-12-03 04:14:35,577,3,1
C0460,P0064,2025-11-03 08:05:24,509,4,0
C0932,P0195,2026-04-03 17:30:29,329,3,1
C0761,P0175,2025-12-12 01:06:06,518,12,1
C0960,P0078,2025-06-15 01:15:10,288,11,1
C1078,P0067,2025-08-02 20:36:21,424,6,1
C0632,P0191,2026-05-23 15:03:58,413,6,1
C1328,P0167,2026-03-19 09:40:14,563,14,0
C1557,P0158,2026-01-31 04:24:12,352,9,0
C1908,P0154,2026-02-28 09:09:27,239,6,1
C0405,P0001,2026-04-02 14:04:40,593,5,0
C0558,P0137,2026-03-27 08:43:30,51,5,0
C0479,P0059,2026-05-09 08:19:02,570,6,0
C0524,P0192,2025-08-18 18:56:49,507,6,0
C0821,P0144,2025-09-28 00:31:48,265,9,0
C0686,P0014,2025-07-06 09:46:41,451,10,0
C1246,P0052,2026-04-29 06:31:51,120,10,0
C1589,P0109,2025-08-04 02:05:24,545,3,0
C0815,P0136,2025-07-10 21:33:39,423,5,1
C1763,P0096,2026-01-22 03:49:33,190,5,0
C1552,P0017,2025-12-03 23:51:15,164,6,1
C0762,P0180,2026-04-06 06:14:43,24,8,0
C1730,P0111,2026-03-11 20:49:04,214,1,1
C0058,P0093,2025-07-02 10:54:05,225,3,1
C1964,P0006,2026-04-07 22:02:36,368,7,0
C0562,P0118,2025-11-26 08:54:46,460,8,0
C1044,P0014,2026-05-24 14:26:12,137,9,0
C1832,P0034,2025-10-13 00:30:12,212,13,0
C1223,P0080,2026-03-09 14:41:07,587,11,0
C1614,P0078,2025-08-07 21:14:43,176,1,0
C1569,P0044,2026-03-17 04:31:19,424,7,0
C1184,P0195,2025-10-27 21:58:33,427,13,0
C0536,P0070,2026-02-27 20:22:16,220,8,1
C1751,P0054,2025-12-12 22:19:38,334,11,0
C1312,P0045,2026-01-02 06:18:47,202,8,0
C1505,P0053,2025-08-15 14:45:54,439,12,0
C0696,P0027,2026-02-19 16:16:11,170,14,0
C1298,P0127,2025-09-05 10:17:15,369,7,0
C0960,P0077,2025-07-28 21:13:36,377,8,0
C1950,P0049,2026-04-29 15:33:14,173,4,1
C1677,P0162,2025-08-26 18:45:16,360,14,0
C0125,P0025,2025-10-24 03:46:40,406,5,0
C0531,P0170,2025-08-09 20:25:15,258,9,0
C1056,P0149,2025-06-29 11:54:22,41,1,0
C1366,P0013,2025-08-28 09:48:19,187,1,0
C1289,P0088,2025-06-13 02:59:16,466,14,0
C1416,P0119,2026-05-20 09:51:16,535,12,1
C1966,P0094,2025-10-03 15:43:24,50,6,0
C1532,P0046,2026-03-19 06:03:36,530,5,0
C1855,P0072,2026-04-27 12:01:19,7,12,0
C1405,P0157,2026-04-01 02:21:43,515,13,0
C1868,P0175,2026-05-18 07:24:27,118,5,0
C1511,P0075,2026-04-26 00:38:39,254,11,0
C0715,P0059,2025-08-17 10:26:11,243,10,0
C0303,P0095,2025-12-23 10:04:52,338,1,0
C1645,P0106,2026-03-21 11:26:54,101,14,0
C1871,P0016,2026-01-14 16:15:10,560,10,0
C0376,P0134,2025-12-15 23:30:26,221,4,1
C0824,P0064,2025-10-30 23:36:44,200,14,0
C0418,P0095,2026-01-31 16:01:34,572,12,1
C0231,P0116,2025-12-25 21:47:02,525,9,1
C1224,P0078,2026-01-15 17:20:43,25,7,0
C0588,P0185,2026-04-30 15:15:07,438,3,0
C1584,P0123,2025-08-24 20:49:17,82,14,0
C1309,P0136,2025-11-20 15:27:03,144,9,1
C0998,P0026,2026-05-11 11:58:28,566,2,1
C1847,P0104,2026-01-09 01:54:47,444,14,0
C1158,P0128,2025-12-10 02:22:32,108,14,0
C0095,P0081,2025-08-27 04:45:55,577,12,0
C1265,P0013,2025-08-21 13:13:14,151,12,1
C1776,P0089,2025-07-07 09:34:57,99,11,0
C0293,P0025,2025-08-24 14:24:28,276,9,1
C1190,P0171,2025-09-23 20:33:20,91,14,0
C1670,P0023,2026-04-13 02:33:16,495,12,0
C1165,P0100,2025-08-03 23:23:36,107,2,0
C1926,P0063,2026-05-17 23:52:38,298,2,0
C1278,P0180,2025-08-13 07:23:10,44,8,0
C1725,P0008,2026-01-14 01:36:37,550,12,0
C0463,P0188,2026-02-28 06:19:41,487,14,0
C1046,P0087,2025-07-09 06:56:58,44,13,1
C1463,P0179,2026-02-18 08:22:54,137,13,1
C1564,P0084,2026-04-29 18:51:06,468,14,0
C0861,P0087,2025-08-18 08:35:47,284,2,0
C1287,P0166,2025-09-25 04:45:58,297,13,0
C1604,P0170,2025-10-13 06:57:16,452,2,1
C1002,P0087,2025-11-16 10:39:00,506,12,0
C1551,P0123,2025-08-15 02:47:23,205,11,0
C0250,P0181,2025-12-21 16:53:04,413,9,1
C0125,P0113,2025-08-05 02:33:55,141,7,1
C1520,P0166,2026-04-28 14:40:58,154,11,0
C0343,P0177,2025-07-13 17:31:11,584,13,1
C0783,P0065,2025-10-13 08:27:33,536,1,1
C1513,P0100,2026-01-18 02:44:10,256,6,1
C1101,P0135,2025-10-16 00:21:46,396,12,0
C0173,P0107,2025-10-04 13:33:41,205,9,0
C0376,P0074,2026-02-06 21:24:17,15,12,0
C0892,P0078,2025-08-06 22:10:36,439,12,1
C1632,P0050,2025-11-20 17:41:17,377,1,0
C0931,P0129,2025-07-15 00:36:44,580,13,1
C1156,P0087,2026-04-01 09:11:59,323,12,0
C1973,P0085,2026-02-26 17:59:38,172,13,0
C1204,P0058,2026-04-11 07:59:15,484,5,0
C1615,P0061,2026-05-10 05:42:05,373,9,1
C0719,P0034,2025-06-26 22:50:51,586,1,0
C0496,P0020,2026-03-20 16:50:27,319,5,0
C1751,P0161,2025-12-30 21:22:10,149,9,0
C1619,P0129,2025-11-07 17:10:56,273,14,1
C1947,P0198,2025-10-08 19:48:01,522,1,1
C0350,P0110,2026-02-25 20:19:36,487,7,0
C0650,P0051,2026-02-04 05:48:36,407,3,0
C1500,P0087,2025-07-19 00:26:45,72,4,0
C0979,P0042,2026-02-03 13:32:28,61,2,0
C0196,P0166,2025-07-31 05:55:35,66,7,0
C0112,P0199,2025-08-22 06:57:48,182,4,0
C0026,P0154,2025-12-30 10:14:28,535,9,1
C1341,P0020,2025-12-02 00:47:01,110,13,0
C1842,P0081,2025-09-13 20:40:28,400,10,0
C1857,P0158,2025-10-13 08:14:26,268,5,0
C0790,P0018,2026-01-09 13:07:11,176,9,0
C1987,P0054,2025-08-31 12:54:40,30,5,0
C1886,P0100,2025-06-29 08:48:55,30,2,1
C0264,P0138,2026-06-02 18:38:43,570,14,0
C1192,P0119,2025-08-30 21:22:06,85,5,0
C1938,P0096,2026-04-16 14:58:22,411,14,0
C1070,P0087,2026-02-27 17:27:44,57,8,1
C0704,P0191,2025-08-18 19:56:49,480,8,0
C0487,P0070,2025-08-25 12:31:56,506,13,1
C0620,P0047,2025-06-28 08:20:00,451,2,1
C0209,P0157,2025-12-29 18:44:52,431,6,1
C1395,P0064,2025-11-04 14:49:34,294,12,0
C0151,P0097,2026-01-29 21:05:36,381,13,0
C0855,P0102,2026-04-21 04:00:24,374,3,0
C0705,P0047,2025-09-15 10:36:15,393,9,0
C0973,P0118,2026-02-11 19:59:28,9,12,0
C1376,P0021,2025-06-17 21:59:15,128,2,1
C1301,P0054,2025-07-08 20:16:14,398,8,0
C0360,P0111,2025-11-03 04:27:16,473,9,0
C1652,P0188,2025-08-19 02:25:31,61,11,0
C1920,P0151,2025-10-07 00:10:50,154,4,0
C1186,P0120,2026-05-03 18:25:29,586,12,0
C1375,P0099,2025-11-22 12:35:43,171,10,0
C1687,P0070,2026-03-21 08:14:16,518,8,0
C0401,P0109,2025-07-06 11:39:38,581,6,1
C0581,P0121,2026-04-21 13:55:46,251,2,1
C1117,P0012,2025-06-29 01:51:03,325,11,0
C1840,P0088,2026-05-30 21:22:40,66,12,0
C0403,P0187,2026-04-05 00:12:03,571,12,0
C1327,P0002,2025-10-16 12:15:29,257,14,0
C0478,P0113,2026-01-16 17:15:38,164,1,0
C1190,P0011,2025-07-25 18:55:17,142,11,1
C0858,P0055,2025-11-20 16:06:22,21,4,1
C0133,P0188,2026-02-18 03:19:01,434,4,0
C0650,P0174,2026-05-15 00:21:48,416,1,0
C1707,P0154,2026-04-25 10:35:59,246,13,0
C1051,P0146,2026-01-09 01:54:28,364,12,0
C0202,P0106,2026-01-08 19:34:37,585,10,0
C0370,P0021,2025-09-07 21:19:20,156,6,0
C0899,P0095,2025-10-26 07:34:34,450,9,1
C1253,P0125,2026-01-11 02:02:09,240,2,0
C0554,P0020,2025-07-12 08:03:18,357,4,0
C1197,P0075,2025-12-01 09:08:40,563,5,0
C0217,P0049,2026-06-02 18:52:45,128,5,0
C1186,P0198,2026-05-27 06:12:07,406,14,0
C0275,P0040,2025-07-13 10:38:40,277,12,1
C0867,P0093,2026-02-27 21:20:22,46,1,1
C0379,P0107,2026-01-13 20:49:14,332,1,0
C0365,P0053,2025-11-23 21:51:04,488,7,0
C1925,P0024,2025-09-08 04:35:38,544,14,0
C0491,P0017,2025-10-07 14:05:23,233,4,0
C0003,P0165,2025-10-21 20:42:03,311,8,1
C1933,P0176,2026-02-27 01:51:17,519,1,1
C1609,P0159,2026-04-04 14:37:48,122,10,0
C0209,P0184,2025-11-25 11:56:00,38,9,0
C1342,P0120,2025-12-12 03:47:53,529,5,0
C1961,P0077,2026-05-30 21:54:49,93,4,0
C0740,P0191,2025-06-24 19:37:06,526,12,1
C1401,P0126,2026-03-28 09:48:15,138,11,0
C0248,P0140,2025-06-15 21:56:26,322,4,0
C1200,P0067,2025-10-28 12:57:27,590,7,0
C0804,P0142,2025-09-05 00:24:48,373,5,0
C1646,P0114,2026-03-10 21:35:31,583,14,0
C1110,P0019,2026-04-01 05:05:05,464,6,0
C1349,P0010,2026-01-13 02:23:36,493,1,0
C0397,P0128,2025-07-24 19:42:13,359,3,0
C0288,P0112,2026-04-05 02:59:32,540,3,0
C0851,P0070,2025-09-27 12:40:58,172,6,1
C0621,P0172,2025-10-31 19:13:30,494,3,0
C0196,P0033,2025-11-20 08:58:14,15,6,0
C1280,P0140,2026-02-18 06:00:38,413,10,0
C1283,P0003,2025-10-04 06:13:29,88,12,1
C1687,P0176,2025-08-03 21:18:42,476,11,0
C1448,P0134,2026-02-10 20:25:03,384,11,0
C0277,P0114,2025-12-25 04:28:52,17,6,1
C0035,P0047,2025-08-17 08:43:24,218,12,0
C0405,P0146,2026-03-06 09:00:49,163,12,0
C1661,P0110,2026-04-04 23:51:54,553,5,0
C1550,P0091,2026-05-14 06:58:35,283,12,0
C1949,P0175,2025-08-23 10:03:43,546,3,1
C1114,P0038,2025-10-07 00:05:10,599,11,1
C1753,P0104,2025-08-17 08:45:04,490,4,1
C1239,P0015,2026-05-20 18:44:40,263,10,0
C1487,P0120,2025-12-02 00:00:46,132,3,0
C0523,P0176,2025-07-18 14:34:36,329,10,0
C1550,P0050,2026-01-07 17:06:17,588,5,0
C0391,P0127,2026-01-12 10:16:50,20,7,0
C0846,P0101,2025-06-23 03:50:04,572,9,0
C0132,P0048,2025-12-05 10:33:05,252,1,1
C1647,P0164,2025-06-11 05:44:40,353,4,0
C0550,P0101,2026-05-31 08:56:49,322,9,0
C1072,P0010,2025-10-22 19:49:56,237,4,0
C0413,P0004,2025-09-23 22:39:39,48,8,0
C1578,P0114,2025-11-24 16:55:43,401,14,0
C1279,P0161,2026-01-02 00:22:20,281,6,0
C0441,P0069,2026-03-15 12:48:11,513,6,0
C1766,P0067,2025-07-06 23:13:37,308,12,1
C0484,P0161,2025-11-01 02:46:17,552,1,0
C1183,P0149,2026-05-23 05:52:34,31,11,0
C0584,P0101,2025-07-10 06:44:57,100,10,0
C0322,P0140,2025-06-23 15:28:49,282,1,0
C0263,P0107,2025-11-13 04:10:15,584,5,0
C0294,P0096,2025-08-03 21:08:19,399,1,0
C0921,P0042,2026-03-08 00:38:58,184,8,0
C0693,P0184,2026-01-28 10:42:55,341,8,1
C1467,P0173,2025-09-02 12:49:42,543,4,0
C1682,P0091,2025-08-23 06:01:27,276,2,0
C1029,P0082,2025-11-28 00:25:32,223,6,1
C0593,P0070,2025-08-11 18:11:15,119,7,0
C1330,P0142,2025-07-25 04:14:50,426,8,0
C0207,P0111,2025-11-19 10:43:10,307,1,0
C1579,P0091,2025-12-13 08:34:44,289,9,0
C1765,P0133,2025-11-21 11:38:49,225,12,1
C1141,P0070,2025-09-13 07:54:50,74,14,0
C0427,P0132,2026-03-16 03:23:20,572,13,0
C0443,P0089,2026-01-25 07:35:27,141,8,0
C0131,P0176,2026-01-11 02:59:21,175,11,0
C0612,P0129,2026-02-16 01:30:02,61,5,0
C0246,P0144,2026-03-24 09:30:59,55,11,0
C0218,P0104,2026-01-18 16:43:39,571,1,0
C1882,P0156,2025-12-06 16:44:31,569,10,0
C0841,P0188,2026-01-31 05:46:01,29,6,0
C1877,P0152,2026-04-13 13:34:20,540,12,1
C1084,P0178,2025-07-28 13:07:25,70,14,0
C0565,P0160,2026-05-13 14:44:37,110,12,0
C1712,P0039,2026-04-29 09:56:54,172,10,0
C1903,P0104,2026-01-09 12:37:08,208,8,0
C1999,P0026,2025-07-16 11:47:47,47,3,1
C1134,P0100,2025-11-27 19:26:52,53,3,0
C1179,P0137,2025-07-26 02:13:32,507,7,1
C1857,P0199,2025-08-22 15:10:27,75,4,0
C1543,P0200,2025-09-15 03:04:48,340,3,0
C1517,P0138,2025-06-10 10:02:14,217,5,0
C1790,P0101,2025-08-26 08:33:13,252,6,0
C0359,P0126,2025-06-26 17:13:51,520,8,0
C0663,P0176,2025-07-04 12:49:44,430,3,1
C1627,P0003,2025-08-21 17:19:48,85,10,0
C1457,P0094,2026-01-30 08:37:49,130,1,0
C1941,P0100,2026-02-20 10:57:45,313,7,1
C1254,P0089,2025-09-12 21:14:46,314,9,1
C1044,P0113,2025-09-10 05:04:34,565,10,0
C1671,P0029,2026-03-30 13:09:08,564,13,0
C0269,P0003,2026-03-31 21:13:41,20,14,0
C1382,P0134,2025-08-04 09:13:11,137,8,0
C1991,P0127,2026-03-23 02:20:16,548,1,0
C0269,P0158,2025-11-28 16:21:48,29,5,0
C0316,P0059,2026-05-24 21:39:26,280,2,1
C0389,P0188,2025-11-24 05:30:25,431,9,0
C0697,P0054,2025-09-24 17:14:14,372,13,1
C0342,P0037,2025-08-08 00:27:09,308,12,0
C1398,P0182,2026-03-11 08:36:01,116,14,1
C1030,P0162,2025-12-30 23:09:16,283,14,1
C1876,P0013,2025-11-18 18:47:04,307,12,0
C1641,P0160,2025-07-04 08:34:05,158,2,1
C0181,P0014,2025-08-08 23:48:04,184,9,1
C1828,P0008,2026-05-11 06:58:55,172,6,0
C1174,P0016,2025-12-28 23:51:07,95,8,0
C1980,P0060,2026-03-03 00:31:46,270,9,1
C0031,P0021,2025-08-10 03:28:30,597,1,0
C1567,P0149,2026-04-04 02:11:33,552,1,0
C0132,P0068,2026-04-11 01:26:05,136,1,0
C0521,P0030,2025-12-11 16:00:46,305,4,0
C1349,P0023,2025-12-13 19:45:58,20,6,0
C0997,P0072,2026-01-27 17:37:00,450,1,1
C1527,P0188,2026-06-02 19:17:00,234,11,0
C1744,P0133,2025-10-13 04:09:26,267,3,0
C1089,P0009,2025-07-20 19:21:30,342,13,0
C0378,P0175,2025-06-15 08:22:03,156,12,0
C1290,P0073,2026-04-01 09:15:18,167,6,0
C1367,P0111,2025-08-02 10:23:48,469,14,0
C1223,P0016,2025-06-16 14:13:32,300,4,1
C0511,P0020,2025-10-17 10:33:15,243,5,0
C1325,P0006,2025-08-30 16:54:14,224,11,0
C1790,P0197,2025-11-15 07:19:34,437,7,0
C1894,P0130,2026-03-05 16:49:18,299,6,0
C0405,P0168,2026-03-12 19:58:29,598,6,0
C0752,P0110,2025-07-01 06:17:07,16,1,0
C0165,P0110,2026-05-01 19:34:16,298,7,0
C0078,P0178,2025-06-24 04:52:04,581,6,1
C1987,P0101,2026-04-17 20:06:26,81,2,0
C1919,P0189,2025-07-19 06:31:15,526,13,0
C1328,P0190,2025-12-27 14:55:34,494,13,0
C1452,P0047,2026-02-04 04:55:04,363,11,0
C1077,P0092,2026-01-06 20:13:49,593,12,0
C0556,P0156,2025-07-10 04:23:55,6,5,0
C0825,P0057,2025-06-23 06:14:23,62,14,0
C1204,P0157,2026-04-21 22:23:40,39,11,0
C0944,P0033,2025-11-02 13:00:42,375,11,1
C0329,P0078,2025-07-04 04:06:47,308,3,1
C0221,P0164,2025-12-15 04:13:52,484,7,0
C0375,P0172,2025-10-22 15:27:25,258,2,0
C0188,P0191,2025-08-08 19:36:01,393,7,0
C1399,P0086,2025-10-25 01:35:31,478,10,0
C0844,P0040,2026-01-06 10:36:53,535,1,0
C0963,P0146,2026-06-04 07:12:28,386,2,1
C0517,P0093,2025-09-08 20:43:50,430,4,0
C1118,P0106,2025-08-03 04:58:54,137,2,0
C1365,P0058,2026-05-21 18:58:06,595,4,1
C1544,P0159,2025-12-11 14:39:19,272,5,0
C1886,P0190,2025-08-18 22:15:07,478,1,0
C0410,P0100,2026-03-23 00:15:37,197,11,0
C1295,P0114,2025-12-27 17:15:57,527,7,0
C1794,P0065,2026-05-05 00:39:01,276,6,0
C1686,P0106,2025-08-12 02:37:51,150,1,0
C1310,P0010,2025-09-21 01:10:34,190,14,0
C1621,P0134,2026-05-17 18:36:37,175,5,0
C1997,P0018,2025-10-19 14:16:32,506,12,0
C1624,P0027,2025-09-12 19:52:27,72,6,1
C0408,P0040,2025-12-26 07:30:10,113,10,1
C0578,P0168,2025-12-05 18:12:01,266,2,0
C0849,P0102,2025-08-09 08:09:10,241,7,0
C1390,P0030,2026-01-20 17:51:58,382,5,0
C0830,P0138,2025-11-18 20:45:57,380,11,0
C0653,P0076,2025-08-09 23:00:52,13,4,0
C0807,P0024,2026-03-06 00:53:25,294,7,0
C1085,P0169,2026-01-24 12:36:19,393,2,0
C1924,P0051,2026-02-27 22:10:45,568,10,0
C0679,P0008,2026-02-09 02:53:40,373,13,0
C0344,P0028,2025-09-24 13:41:15,379,11,0
C1051,P0193,2026-02-15 10:52:18,361,14,0
C1086,P0166,2025-10-07 14:04:40,555,12,0
C1301,P0094,2025-07-08 22:56:55,435,3,1
C1712,P0121,2026-04-18 14:58:06,529,5,1
C0899,P0160,2026-01-05 08:48:11,167,3,0
C0910,P0176,2025-06-17 21:34:20,341,11,0
C1348,P0173,2026-02-02 19:48:07,68,5,1
C1346,P0066,2025-12-17 08:07:08,561,7,0
C0458,P0067,2025-10-04 01:00:38,457,3,0
C1958,P0170,2026-04-26 11:08:01,182,3,0
C0280,P0088,2026-03-20 23:56:57,21,8,1
C0202,P0194,2025-08-27 12:05:36,198,5,0
C0375,P0120,2025-12-29 23:55:29,39,1,0
C0029,P0007,2025-12-25 09:12:23,225,5,0
C1957,P0023,2025-12-27 11:08:05,357,8,0
C0076,P0176,2025-08-05 02:41:37,526,5,1
C0280,P0175,2026-05-31 13:26:16,299,10,1
C1475,P0066,2025-09-30 05:41:58,522,5,0
C1097,P0074,2025-07-21 13:21:15,40,11,1
C1923,P0170,2026-05-23 00:43:15,48,11,1
C1953,P0060,2025-12-09 22:24:45,474,13,1
C1491,P0083,2025-11-28 17:45:09,458,13,0
C0595,P0077,2026-05-06 06:19:30,511,10,0
C1494,P0021,2025-08-17 00:35:23,232,8,0
C1154,P0175,2025-11-30 12:31:40,418,11,1
C1095,P0148,2026-01-02 19:27:58,566,7,0
C1421,P0081,2025-12-16 13:41:21,509,14,1
C0276,P0124,2025-09-24 12:31:58,17,3,0
C0978,P0175,2026-05-21 11:49:55,389,10,0
C1944,P0035,2026-04-30 22:15:36,18,3,0
C1421,P0175,2026-05-05 03:04:56,310,14,0
C0725,P0154,2026-01-16 03:45:50,7,3,0
C1576,P0196,2025-08-20 01:00:10,499,1,0
C1415,P0117,2026-05-23 16:07:07,56,8,0
C1419,P0155,2026-05-31 20:18:25,146,6,0
C1488,P0046,2026-03-15 10:55:57,242,10,0
C0664,P0061,2026-04-05 05:06:42,534,6,0
C0649,P0145,2025-10-29 11:21:38,182,5,1
C1030,P0085,2025-12-24 01:22:48,311,4,1
C0327,P0100,2025-09-15 05:19:47,399,12,0
C1550,P0029,2025-06-12 03:34:27,334,2,0
C0773,P0200,2025-07-06 12:40:54,382,12,1
C1624,P0057,2026-04-24 06:30:29,542,6,0
C1168,P0060,2026-03-27 03:10:34,79,3,1
C1599,P0192,2025-06-29 11:46:59,279,2,1
C1616,P0171,2025-07-18 14:26:01,489,9,0
C0255,P0131,2025-11-14 21:46:16,130,8,0
C1574,P0068,2026-05-26 23:50:57,208,12,1
C1759,P0080,2025-07-11 00:23:20,302,6,1
C0334,P0127,2025-12-22 11:20:56,203,12,0
C1189,P0132,2025-07-07 06:39:22,231,10,0
C1580,P0195,2026-01-31 14:15:36,200,6,0
C1228,P0062,2025-08-19 19:05:50,261,1,0
C1296,P0009,2025-09-21 03:44:44,205,11,0
C0887,P0137,2025-08-13 21:39:16,123,9,0
C0399,P0066,2026-01-04 04:03:41,335,11,0
C1544,P0183,2025-12-03 03:59:40,484,6,0
C1717,P0148,2026-05-27 14:46:01,359,8,0
C1522,P0113,2025-06-13 21:20:27,111,2,1
C0825,P0117,2025-12-15 07:12:41,151,7,0
C1439,P0040,2025-08-05 00:17:46,402,7,0
C0636,P0123,2026-02-23 18:18:44,213,5,0
C0428,P0137,2025-07-06 18:09:38,113,9,0
C0348,P0050,2026-04-12 09:17:16,109,4,0
C1397,P0027,2026-01-06 10:59:55,277,9,0
C0649,P0084,2025-07-19 05:30:44,305,2,0
C1568,P0045,2026-05-02 22:27:26,269,14,0
C1620,P0166,2026-04-29 23:04:48,320,1,0
C1020,P0005,2026-03-16 00:29:39,67,3,0
C1700,P0065,2026-03-12 02:07:33,205,14,0
C0152,P0132,2026-03-18 11:58:17,466,9,1
C0196,P0025,2026-03-28 10:16:20,206,3,1
C1015,P0135,2025-10-29 01:53:09,238,13,0
C0708,P0043,2026-02-03 10:24:22,61,4,1
C1528,P0142,2025-11-30 16:45:13,588,11,0
C0640,P0106,2025-10-11 00:02:37,169,7,1
C1095,P0153,2026-03-27 06:30:07,583,10,0
C1796,P0106,2025-11-27 03:06:29,232,13,0
C1866,P0126,2026-04-10 03:56:38,250,3,1
C1693,P0116,2026-01-06 02:22:34,439,2,0
C1466,P0172,2026-05-05 04:50:05,20,1,1
C1776,P0130,2026-02-13 01:58:21,60,7,0
C0284,P0193,2026-04-14 09:57:16,521,10,0
C1302,P0117,2025-10-28 03:47:24,273,1,0
C0400,P0086,2025-07-11 06:30:38,324,3,0
C1103,P0186,2026-05-08 15:37:26,178,4,0
C1642,P0063,2025-08-20 18:51:59,80,12,1
C1857,P0117,2025-08-11 05:30:32,85,9,0
C1664,P0183,2025-09-10 00:52:45,75,9,0
C0854,P0154,2025-12-04 07:31:44,75,14,0
C1071,P0079,2025-10-21 06:26:33,426,5,0
C0910,P0130,2025-07-13 16:31:44,460,13,1
C1655,P0198,2025-11-27 07:47:07,509,1,0
C1024,P0006,2026-05-22 23:59:06,248,10,0
C0382,P0103,2025-06-14 08:24:13,493,5,0
C1678,P0037,2025-10-13 21:13:37,524,7,0
C1357,P0141,2026-02-15 14:14:44,300,11,0
C0860,P0186,2025-07-05 14:56:50,534,9,0
C1107,P0166,2026-03-19 05:16:11,292,6,0
C0706,P0025,2025-09-03 17:17:58,463,1,0
C0344,P0194,2025-12-20 21:55:15,162,1,0
C0104,P0034,2026-04-19 10:19:58,106,6,1
C0325,P0176,2026-01-25 18:33:34,596,13,0
C0474,P0031,2025-07-22 05:47:48,67,7,0
C0304,P0061,2026-01-14 10:18:28,400,14,0
C1976,P0018,2026-01-30 04:12:02,415,12,0
C0466,P0080,2025-11-17 02:23:27,81,10,0
C0733,P0137,2026-01-21 04:06:56,544,9,0
C0077,P0164,2026-06-04 13:07:58,13,14,0
C1331,P0076,2026-04-02 05:09:23,249,10,0
C0185,P0032,2026-02-14 20:42:52,573,6,0
C1396,P0144,2025-12-09 07:18:38,60,7,0
C1297,P0166,2026-01-10 02:43:04,460,3,0
C0670,P0186,2026-03-12 04:24:22,82,6,0
C0108,P0017,2025-09-10 05:41:37,19,2,0
C1328,P0160,2025-06-11 12:10:52,209,5,1
C1137,P0168,2025-09-10 02:17:07,257,9,0
C1210,P0091,2026-01-31 17:33:17,231,12,0
C0354,P0111,2026-02-14 04:04:43,5,9,0
C1584,P0159,2026-02-07 11:09:16,424,12,0
C1185,P0161,2025-10-20 15:30:36,132,2,0
C1175,P0188,2026-03-15 10:32:29,475,10,0
C1054,P0045,2025-11-22 07:57:17,84,7,1
C0240,P0045,2025-06-13 11:53:32,594,1,0
C1932,P0093,2026-02-13 19:06:21,284,4,1
C0269,P0148,2025-08-28 02:09:28,339,8,0
C1077,P0068,2025-06-08 22:12:45,38,12,0
C1842,P0130,2026-05-28 00:00:21,253,14,0
C1434,P0179,2026-03-19 09:40:33,51,10,0
C0852,P0106,2026-04-14 15:35:33,380,4,0
C1611,P0122,2026-02-06 11:32:15,206,13,0
C1943,P0165,2025-08-06 10:34:07,301,4,1
C1747,P0082,2025-09-22 04:36:31,70,8,0
C1446,P0028,2025-06-27 20:11:10,497,2,1
C0962,P0061,2026-01-22 19:44:44,79,10,0
C0939,P0059,2025-12-29 21:10:54,390,7,0
C1641,P0165,2026-02-16 10:31:22,203,4,0
C1378,P0035,2026-01-25 14:21:35,166,5,0
C0982,P0031,2026-03-25 23:39:53,475,3,0
C1988,P0024,2025-12-26 10:05:37,427,12,0
C0694,P0167,2025-10-16 13:24:20,151,6,0
C1712,P0163,2025-06-11 07:00:19,420,14,0
C1583,P0192,2026-04-21 20:32:26,107,9,0
C0419,P0094,2025-07-26 09:41:35,46,13,0
C0966,P0124,2026-01-21 21:11:19,18,8,0
C1977,P0050,2025-11-19 19:37:37,489,13,0
C0872,P0039,2025-12-27 18:05:12,187,4,0
C1906,P0037,2025-12-05 22:17:14,18,11,1
C0635,P0083,2026-03-24 09:42:31,163,14,0
C1353,P0102,2026-04-17 00:35:56,87,12,0
C1604,P0048,2025-06-26 06:12:57,573,11,1
C1046,P0132,2026-04-27 03:46:36,469,8,0
C1326,P0187,2026-01-26 08:21:35,271,11,0
C1144,P0056,2025-07-20 07:01:55,42,5,0
C0021,P0110,2025-10-31 13:37:20,398,10,1
C0987,P0136,2026-01-27 14:48:17,12,12,0
C0328,P0119,2025-10-24 01:15:52,294,11,0
C0511,P0144,2026-05-22 06:33:40,365,13,1
C1623,P0150,2026-01-21 18:30:31,224,3,1
C0107,P0069,2025-11-22 21:52:28,290,13,0
C0008,P0038,2026-03-11 03:11:51,193,1,0
C0108,P0065,2026-01-31 15:28:36,583,14,0
C0346,P0095,2026-02-14 05:24:26,332,11,0
C1723,P0046,2025-12-02 08:53:56,204,13,0
C1443,P0039,2026-01-04 21:44:01,311,4,0
C1657,P0080,2026-01-25 14:14:24,81,4,0
C0179,P0133,2025-12-04 13:20:21,280,8,0
C1188,P0034,2026-03-23 21:34:41,382,13,0
C0638,P0054,2026-01-21 03:48:39,393,9,1
C1682,P0183,2025-12-15 01:09:52,310,8,0
C1243,P0173,2025-10-04 09:52:08,276,6,0
C1492,P0013,2025-08-25 14:36:04,24,2,0
C0995,P0047,2026-04-06 14:48:35,507,3,1
C1453,P0165,2025-12-08 01:10:47,314,6,1
C0014,P0132,2026-05-20 13:18:54,443,7,0
C0740,P0162,2025-09-24 04:08:16,267,3,0
C1967,P0002,2026-02-10 13:34:51,238,9,0
C1852,P0024,2025-10-10 15:30:09,275,14,0
C1718,P0134,2025-08-22 00:31:55,85,2,0
C0276,P0115,2026-05-17 08:51:38,469,8,1
C1063,P0180,2025-07-14 06:40:47,292,12,0
C0876,P0027,2026-01-24 12:03:35,184,1,1
C1215,P0074,2025-10-03 20:30:53,451,1,1
C1521,P0049,2026-04-10 08:54:07,488,1,0
C0722,P0116,2025-07-10 04:51:27,539,2,0
C1352,P0141,2025-09-19 05:52:06,411,9,0
C1726,P0182,2026-01-29 04:44:27,152,6,1
C0495,P0180,2025-12-24 08:21:27,27,9,0
C1699,P0067,2025-08-10 10:21:55,562,1,0
C0941,P0147,2026-04-30 18:18:16,226,7,0
C1039,P0123,2025-11-28 23:38:08,82,2,0
C0807,P0018,2026-02-23 22:09:06,458,11,0
C0928,P0021,2026-02-08 02:55:08,428,12,0
C1051,P0002,2026-02-27 06:06:02,468,7,0
C0824,P0107,2025-09-10 12:50:27,387,13,1
C1406,P0184,2025-11-02 00:56:39,198,14,1
C0056,P0028,2025-12-06 23:46:06,587,2,0
C1984,P0184,2026-05-14 00:56:40,429,7,1
C1892,P0041,2025-07-09 14:44:40,488,12,0
C0260,P0185,2026-03-09 08:07:20,88,14,0
C0440,P0159,2025-08-08 14:47:15,523,10,1
C1869,P0182,2026-01-05 01:07:32,140,7,0
C1733,P0172,2026-04-17 11:11:00,594,12,0
C0690,P0027,2025-07-12 23:00:15,124,9,0
C1332,P0196,2026-03-19 23:01:41,281,2,1
C0295,P0015,2025-12-27 17:40:00,57,6,0
C1456,P0052,2026-04-24 13:06:48,76,12,1
C0469,P0144,2025-06-11 03:59:42,551,1,0
C0201,P0099,2025-10-03 15:46:39,470,12,0
C1619,P0048,2026-01-30 08:22:44,383,8,0
C1919,P0177,2026-06-03 12:17:03,56,1,1
C0834,P0064,2025-10-09 15:17:07,12,6,0
C0025,P0194,2025-06-29 00:24:53,461,13,0
C0198,P0094,2026-05-18 23:31:18,441,2,0
C1991,P0122,2026-01-25 02:08:41,591,8,0
C1830,P0168,2026-03-06 06:20:51,43,10,1
C0364,P0017,2026-03-05 13:24:23,139,6,1
C1256,P0039,2025-09-08 13:54:31,51,4,0
C1856,P0095,2025-12-27 17:29:18,365,13,0
C1170,P0149,2026-04-07 06:44:45,372,1,1
C1252,P0008,2025-11-23 19:30:00,559,4,0
C0181,P0085,2026-03-27 23:57:35,159,3,0
C1559,P0115,2025-11-07 02:31:07,439,11,0
C1123,P0104,2025-06-22 07:07:57,376,3,0
C1386,P0112,2026-06-05 01:30:19,457,4,0
C1193,P0072,2025-09-29 09:50:43,143,7,0
C1263,P0180,2025-11-18 21:51:04,565,6,0
C1327,P0072,2025-06-09 01:45:33,267,2,0
C0222,P0077,2026-05-01 04:23:00,66,7,0
C1181,P0038,2025-10-28 09:54:50,129,5,1
C1876,P0161,2026-03-03 21:31:19,545,2,1
C1615,P0023,2025-11-07 01:52:03,110,3,1
C1381,P0173,2026-02-20 02:20:57,6,9,1
C0369,P0178,2025-11-07 05:51:38,112,4,0
C0180,P0037,2025-12-22 06:29:46,588,11,1
C0175,P0123,2026-02-18 08:34:41,231,6,0
C0444,P0045,2025-09-28 21:33:34,432,3,0
C0765,P0146,2025-09-21 09:11:38,69,9,0
C1819,P0135,2026-01-29 16:23:22,432,10,0
C0925,P0044,2026-03-23 09:07:39,111,4,0
C0659,P0006,2026-05-19 14:36:06,163,9,0
C1492,P0165,2026-02-07 10:24:11,159,13,1
C1321,P0128,2025-06-29 20:30:48,502,5,1
C0993,P0024,2025-06-24 09:00:05,249,12,0
C1386,P0098,2025-12-03 05:34:13,525,2,1
C0759,P0056,2026-04-18 17:31:27,418,6,0
C1774,P0081,2025-09-08 20:18:39,360,13,0
C0839,P0016,2026-02-09 08:39:02,49,1,0
C0651,P0070,2026-05-09 05:12:17,152,3,0
C1260,P0191,2026-03-24 02:38:18,109,10,0
C1786,P0140,2026-04-10 14:54:13,450,14,1
C1244,P0042,2026-02-13 05:20:28,446,5,0
C0873,P0155,2026-02-01 04:15:53,32,10,0
C0475,P0116,2026-01-01 14:06:49,309,10,1
C1429,P0001,2026-03-17 10:35:39,506,12,0
C1264,P0058,2026-05-23 05:45:43,341,10,0
C1433,P0077,2026-04-04 01:35:02,221,8,1
C0837,P0006,2025-10-22 09:20:33,27,4,0
C0670,P0054,2026-01-30 19:54:02,271,6,0
C1291,P0077,2026-05-27 03:53:55,454,5,0
C1635,P0036,2026-02-16 15:28:08,405,12,0
C0220,P0150,2026-05-30 13:11:53,275,11,0
C0792,P0195,2025-10-18 17:38:06,290,6,1
C1786,P0066,2025-07-26 00:47:38,321,14,0
C1321,P0082,2025-12-27 15:02:45,311,12,0
C0351,P0013,2026-02-20 08:36:05,496,12,0
C1618,P0009,2025-07-11 07:34:00,501,5,0
C1584,P0049,2026-03-02 02:56:35,444,8,0
C1899,P0024,2025-11-25 23:53:37,112,5,0
C1279,P0033,2025-11-24 18:41:46,27,13,0
C0566,P0053,2025-11-07 18:07:23,53,14,0
C0590,P0080,2026-03-15 21:47:48,362,10,0
C1468,P0103,2025-10-08 22:14:44,350,1,1
C1440,P0121,2026-02-06 17:46:13,467,4,1
C1685,P0146,2026-04-26 12:24:58,482,12,0
C0890,P0141,2025-11-16 07:52:52,412,14,0
C1922,P0083,2025-11-26 04:06:11,115,12,0
C1903,P0025,2025-06-16 01:48:47,54,14,0
C1158,P0076,2025-09-12 10:06:37,347,14,0
C1310,P0166,2025-07-01 05:59:32,318,14,0
C0297,P0094,2025-11-06 19:55:32,573,10,0
C1188,P0064,2025-08-28 19:18:15,501,2,0
C0016,P0088,2025-12-14 21:11:50,82,10,0
C0072,P0014,2026-02-10 05:11:42,291,2,0
C0880,P0068,2025-08-27 22:21:34,197,7,0
C0980,P0123,2025-08-14 05:41:52,172,9,0
C0508,P0025,2026-01-15 14:16:37,106,6,0
C0794,P0040,2025-12-23 01:11:17,426,4,0
C0775,P0158,2025-06-25 18:57:04,124,3,0
C1767,P0035,2026-02-22 03:38:59,492,1,1
C1697,P0078,2026-06-03 03:32:18,42,10,0
C0441,P0028,2025-12-05 15:44:10,466,4,0
C1318,P0144,2026-05-21 12:34:19,96,1,0
C0006,P0169,2025-08-14 17:43:52,275,12,0
C1923,P0043,2025-07-06 06:35:47,563,3,1
C0526,P0194,2025-07-27 00:46:52,161,4,1
C1690,P0115,2025-10-09 07:03:17,400,2,0
C1681,P0035,2025-12-14 19:18:36,526,6,1
C0745,P0171,2025-10-19 03:34:17,537,3,0
C0368,P0126,2026-03-25 22:38:17,217,12,0
C1708,P0005,2026-02-22 11:49:52,235,9,0
C1909,P0146,2025-10-15 03:56:03,153,8,1
C1516,P0074,2025-10-14 15:37:19,173,9,1
C0792,P0152,2025-07-17 02:07:59,228,8,1
C1761,P0038,2026-01-04 02:50:00,48,9,0
C0504,P0187,2026-04-27 18:55:19,245,2,0
C0843,P0095,2025-09-12 08:32:46,27,12,0
C0598,P0043,2026-02-16 17:34:46,470,8,0
C0303,P0169,2025-10-23 00:45:48,179,7,0
C1556,P0109,2026-04-28 19:21:48,197,4,0
C0836,P0024,2025-07-28 07:46:52,40,13,0
C0898,P0028,2025-09-18 21:13:07,158,7,0
C0719,P0164,2025-10-18 00:48:34,95,6,0
C1955,P0103,2026-01-25 04:03:00,554,3,0
C1252,P0094,2025-12-07 02:38:40,42,13,0
C0500,P0187,2026-05-17 08:08:59,47,7,0
C1650,P0004,2025-09-25 11:17:14,521,4,0
C1764,P0123,2026-01-22 15:59:27,340,9,1
C0974,P0011,2025-09-05 03:32:23,166,6,0
C1934,P0120,2025-07-10 11:30:17,447,7,0
C1562,P0171,2025-07-02 16:38:23,234,11,0
C0096,P0006,2025-11-06 09:24:18,358,8,1
C1160,P0094,2025-10-23 06:28:46,477,8,0
C0430,P0169,2025-07-11 00:49:50,541,6,0
C1170,P0012,2026-06-01 09:09:51,91,3,0
C0109,P0167,2025-07-28 22:58:17,349,10,0
C1758,P0074,2026-05-12 16:45:45,498,13,0
C0822,P0157,2025-10-08 16:46:57,195,13,0
C0933,P0142,2026-04-02 16:09:02,77,8,0
C1191,P0168,2026-03-13 04:16:43,570,3,1
C1463,P0111,2026-06-08 01:35:12,535,2,0
C0974,P0050,2025-09-24 06:38:37,514,14,0
C1720,P0185,2025-09-17 00:27:33,343,14,0
C0819,P0054,2026-06-03 04:27:44,511,10,1
C1105,P0118,2025-10-18 06:30:06,160,3,0
C0795,P0176,2025-08-31 08:47:15,504,9,1
C0147,P0179,2025-09-24 04:03:30,523,13,0
C1707,P0069,2025-10-11 10:12:15,190,8,1
C0682,P0042,2026-04-22 14:54:26,17,10,0
C1298,P0042,2025-09-03 15:54:46,55,4,0
C0369,P0144,2025-11-20 16:36:01,361,3,0
C1278,P0079,2026-01-28 20:58:49,510,2,0
C1709,P0150,2025-09-22 08:37:45,492,7,0
C1083,P0190,2025-08-24 19:53:02,117,4,0
C0755,P0054,2025-12-13 08:29:29,573,9,1
C1431,P0111,2026-01-14 19:26:49,64,9,0
C0728,P0055,2025-11-05 21:57:05,67,8,1
C1023,P0055,2026-05-29 01:07:00,542,1,0
C1599,P0173,2026-03-20 09:32:48,77,7,0
C1249,P0065,2026-05-13 21:36:03,585,8,0
C0009,P0198,2025-07-22 16:58:17,32,8,1
C1935,P0134,2026-05-15 19:14:28,31,6,0
C1220,P0085,2025-11-16 00:48:18,34,2,1
C1123,P0131,2025-08-15 11:09:58,194,12,0
C1627,P0030,2025-06-21 21:05:19,42,5,0
C0572,P0038,2026-04-28 19:43:28,364,2,1
C0180,P0029,2026-05-07 16:11:41,116,6,0
C1468,P0021,2025-06-19 03:12:46,149,9,0
C1523,P0146,2026-03-01 14:22:56,445,7,0
C0421,P0060,2026-05-26 00:26:52,170,12,0
C1227,P0113,2026-04-02 04:21:09,472,9,1
C0385,P0058,2025-06-22 05:38:58,259,5,1
C0023,P0137,2026-04-04 05:59:46,343,13,1
C0823,P0110,2025-06-20 06:09:53,376,3,0
C1854,P0087,2025-11-05 00:23:25,223,11,1
C1447,P0100,2025-09-04 08:00:15,464,7,0
C0027,P0174,2025-07-01 04:59:59,227,2,0
C1172,P0168,2025-12-15 07:18:57,355,10,0
C0415,P0038,2025-10-01 02:02:58,433,9,0
C0905,P0137,2026-03-24 13:51:18,83,13,0
C1920,P0022,2026-01-02 02:43:22,548,2,1
C0474,P0142,2026-05-02 12:01:25,255,6,1
C0610,P0136,2025-10-17 18:43:38,488,5,0
C1336,P0046,2026-04-17 08:33:53,559,8,0
C1756,P0046,2025-07-22 22:10:03,240,6,1
C0084,P0031,2025-09-06 07:07:00,165,12,0
C0071,P0008,2026-02-14 21:37:15,56,13,0
C0293,P0170,2026-03-18 17:51:07,469,5,1
C1574,P0099,2025-10-15 02:18:20,384,7,0
C1502,P0006,2026-03-01 13:19:37,584,3,0
C0357,P0163,2025-12-02 10:03:23,205,6,0
C1037,P0187,2025-12-28 12:10:55,290,4,1
C1892,P0002,2026-02-08 14:18:50,574,4,0
C0840,P0173,2026-02-10 17:19:40,494,2,1
C1929,P0126,2025-10-09 06:28:49,337,2,1
C1999,P0032,2025-12-31 09:24:12,47,13,1
C1375,P0078,2026-06-01 09:35:20,563,14,0
C1968,P0055,2026-04-21 23:48:39,417,3,0
C1371,P0137,2026-04-04 23:08:40,41,11,0
C0092,P0052,2025-08-02 16:01:32,189,8,0
C1052,P0036,2026-01-14 00:27:44,376,2,0
C0345,P0163,2026-01-20 09:49:54,200,14,1
C0167,P0090,2026-04-17 21:52:44,268,8,0
C1232,P0015,2026-05-07 03:30:21,267,10,0
C1809,P0086,2025-08-26 01:37:48,580,12,0
C0722,P0056,2026-04-06 11:20:21,178,5,0
C1040,P0197,2026-04-10 15:44:26,262,4,1
C1372,P0105,2026-04-24 00:34:13,291,9,1
C1444,P0047,2026-01-19 18:02:20,47,1,1
C0818,P0001,2026-05-29 15:25:29,445,10,1
C1052,P0086,2026-03-23 11:52:05,557,12,1
C0659,P0089,2026-01-31 21:28:25,171,11,0
C1610,P0007,2026-02-04 07:39:42,361,4,0
C1724,P0052,2026-04-10 22:37:38,238,8,0
C1050,P0125,2026-05-20 15:29:54,350,10,1
C0522,P0017,2026-01-18 20:04:39,249,14,0
C0770,P0112,2025-09-25 22:20:12,543,9,0
C1607,P0176,2025-08-08 07:02:38,206,8,0
C0118,P0009,2026-05-09 09:47:23,27,7,0
C0240,P0073,2026-03-12 03:52:14,31,8,1
C1885,P0081,2026-01-30 09:55:27,203,11,1
C0775,P0092,2025-08-23 21:34:07,88,12,0
C1959,P0040,2026-03-17 13:23:00,458,9,0
C1001,P0059,2026-04-09 11:20:33,346,1,0
C1489,P0112,2025-08-08 04:12:51,346,2,0
C0062,P0008,2025-09-10 01:26:58,433,2,0
C1752,P0060,2025-12-18 21:11:17,351,14,0
C1328,P0103,2026-01-12 15:29:37,249,5,0
C0824,P0012,2025-09-12 00:40:40,416,14,0
C1241,P0004,2025-09-03 06:07:04,478,4,1
C1202,P0131,2026-02-25 06:28:02,21,7,0
C0830,P0048,2026-05-20 00:53:07,66,5,0
C1683,P0103,2026-01-23 11:54:04,370,2,0
C1763,P0177,2025-09-10 00:24:01,492,2,0
C0431,P0091,2025-06-29 19:38:47,493,6,0
C0370,P0178,2025-07-13 23:58:08,414,8,0
C1614,P0014,2026-01-08 10:58:37,210,9,0
C1764,P0132,2025-09-14 20:29:22,86,14,0
C0762,P0193,2026-01-13 22:31:01,193,4,0
C1098,P0010,2026-01-03 03:06:32,220,2,1
C0445,P0155,2025-08-25 09:48:34,556,1,0
C1663,P0033,2025-11-07 23:27:51,587,9,0
C1168,P0133,2025-11-03 05:24:27,411,11,0
C1394,P0089,2025-10-21 14:40:38,445,3,0
C0781,P0128,2026-05-28 06:42:23,568,3,0
C1553,P0165,2025-06-14 01:44:38,17,14,1
C0987,P0084,2025-10-27 23:54:33,316,13,0
C1128,P0083,2025-08-05 20:36:44,202,12,0
C1468,P0103,2025-07-15 03:02:19,372,9,0
C1173,P0042,2025-07-21 07:42:47,206,10,0
C1268,P0157,2025-06-16 02:05:28,468,1,0
C0913,P0030,2025-08-16 08:07:23,441,13,0
C1774,P0019,2025-12-12 05:44:51,569,5,1
C1297,P0174,2026-06-02 12:07:25,217,5,1
C1897,P0104,2025-10-23 09:47:01,196,13,0
C1713,P0147,2026-01-18 12:00:42,384,7,0
C1105,P0193,2026-01-14 03:13:01,553,9,0
C1862,P0154,2026-02-14 04:33:55,575,9,0
C0240,P0118,2025-10-13 22:30:20,208,3,0
C1374,P0176,2026-06-07 06:22:11,147,13,0
C0272,P0020,2025-11-26 23:24:46,304,10,0
C0046,P0095,2025-08-19 05:57:17,68,13,0
C1667,P0009,2025-12-20 15:09:26,463,11,0
C1433,P0042,2025-09-06 10:55:53,510,14,0
C1097,P0084,2025-09-08 10:12:48,63,5,1
C1482,P0150,2026-06-03 08:27:34,161,9,1
C1597,P0064,2026-05-25 11:50:18,207,1,0
C1781,P0106,2025-12-13 16:13:55,126,14,0
C1206,P0103,2026-05-26 03:49:09,320,14,0
C1797,P0113,2025-11-27 11:26:41,410,10,0
C0949,P0070,2026-05-25 05:56:23,164,11,0
C1162,P0167,2025-12-26 01:33:48,251,2,1
C1567,P0012,2025-07-21 22:20:34,247,12,0
C1360,P0166,2025-09-12 11:04:16,198,4,0
C1669,P0139,2025-12-22 03:20:08,510,9,0
C1827,P0163,2025-11-18 18:01:06,443,11,0
C0608,P0117,2025-10-17 14:07:01,196,4,1
C0618,P0004,2025-07-01 15:10:44,534,3,0
C1988,P0020,2025-10-19 12:26:12,126,9,0
C0592,P0154,2025-06-26 16:42:11,541,4,0
C1193,P0059,2025-06-26 20:41:55,305,9,1
C1574,P0117,2025-12-14 01:19:21,131,5,0
C0399,P0003,2026-02-09 17:00:34,502,14,0
C0528,P0142,2025-06-13 08:12:48,269,7,0
C1422,P0134,2026-03-24 04:51:56,531,4,1
C0840,P0162,2025-10-30 03:49:26,364,1,0
C0864,P0122,2026-03-10 17:55:24,245,3,0
C1733,P0148,2025-07-04 20:42:44,596,7,0
C0135,P0050,2026-02-26 22:27:27,390,14,1
C1311,P0050,2025-07-04 08:22:03,193,9,1
C1550,P0133,2025-10-19 05:15:51,463,8,0
C1285,P0192,2025-08-16 09:10:25,117,6,1
C0864,P0036,2025-11-19 18:30:11,83,3,0
C1984,P0022,2025-09-28 19:46:58,316,1,0
C0204,P0184,2026-01-19 05:25:59,21,10,1
C0476,P0146,2026-05-10 02:21:02,433,14,0
C1592,P0080,2025-09-03 03:36:00,310,10,1
C1554,P0135,2026-05-09 04:03:11,526,5,0
C1877,P0131,2026-04-15 04:05:22,87,13,0
C1068,P0198,2026-05-14 13:41:01,497,3,1
C1042,P0093,2025-09-04 16:24:27,298,4,0
C1496,P0172,2026-05-22 14:25:04,567,3,1
C1144,P0068,2026-05-06 18:04:28,70,13,1
C0446,P0189,2025-10-03 22:16:51,162,2,0
C0670,P0179,2026-05-06 08:02:55,250,8,0
C0944,P0033,2026-02-25 09:35:02,365,1,1
C0330,P0082,2026-05-10 05:41:41,75,9,0
C1939,P0079,2026-04-09 09:53:56,173,10,0
C0983,P0180,2026-01-12 15:38:37,264,6,1
C1796,P0005,2025-10-17 22:52:39,301,12,0
C0855,P0104,2025-07-26 15:21:20,121,5,1
C0957,P0075,2025-11-06 13:13:54,443,11,0
C1549,P0142,2025-10-30 11:27:12,192,8,1
C1305,P0115,2026-03-13 21:11:22,240,2,0
C0522,P0199,2026-03-08 22:58:36,54,12,0
C1166,P0015,2026-03-01 09:39:57,532,2,0
C0670,P0030,2025-08-29 07:11:22,86,12,0
C1008,P0077,2025-12-02 20:36:00,181,2,0
C0547,P0023,2025-07-24 00:01:17,110,1,0
C0230,P0115,2026-02-20 10:35:44,104,13,0
C1492,P0055,2025-06-16 15:21:10,199,8,0
C0424,P0059,2025-10-18 20:20:29,132,13,1
C0519,P0002,2025-10-06 09:56:48,224,10,0
C1572,P0160,2025-07-16 01:07:29,561,10,0
C1333,P0110,2026-02-03 09:29:46,525,11,0
C0599,P0114,2025-10-25 16:36:03,335,1,1
C1666,P0195,2025-09-07 15:15:34,15,2,1
C1531,P0163,2025-08-09 08:11:25,126,11,0
C1355,P0031,2026-05-05 17:35:01,352,14,0
C0412,P0153,2025-08-04 16:27:25,216,12,1
C1945,P0075,2025-07-27 22:23:36,471,12,0
C1665,P0187,2025-08-21 15:12:13,558,14,1
C0930,P0194,2026-03-19 20:04:24,534,13,0
C1267,P0133,2025-12-17 23:28:50,280,2,0
C0639,P0075,2025-09-06 10:22:19,578,14,0
C0480,P0032,2025-12-09 10:14:11,544,10,0
C0470,P0081,2026-01-05 21:20:10,538,11,0
C0467,P0164,2026-05-30 06:03:38,126,8,1
C0762,P0123,2026-03-10 12:46:08,312,4,0
C0924,P0078,2025-07-01 09:06:49,424,6,0
C1022,P0137,2025-07-19 12:48:28,577,10,0
C1119,P0040,2025-06-30 23:40:21,188,4,1
C0799,P0155,2025-06-19 01:53:26,190,9,1
C1433,P0069,2025-11-05 14:24:06,12,9,0
C0783,P0105,2025-11-23 12:04:55,375,5,0
C1107,P0039,2025-10-18 06:15:58,215,9,0
C1628,P0081,2026-03-23 17:58:12,494,3,1
C0639,P0191,2026-05-29 13:37:33,339,10,1
C1643,P0087,2026-04-02 00:44:46,583,14,0
C0387,P0146,2025-08-08 07:55:25,157,11,0
C1684,P0186,2026-02-18 14:00:28,353,6,1
C0178,P0121,2025-08-03 16:42:05,491,10,0
C1685,P0029,2026-05-17 05:36:34,356,10,1
C0013,P0047,2025-07-15 18:52:33,155,2,0
C1239,P0132,2025-09-09 23:40:34,376,1,0
C0252,P0195,2025-12-02 10:12:04,345,5,0
C1154,P0068,2026-03-08 23:19:18,197,9,0
C0097,P0198,2025-08-01 09:51:50,151,12,0
C1599,P0065,2025-08-09 00:19:08,299,3,0
C1645,P0026,2025-11-22 05:25:53,16,6,1
C0333,P0142,2025-07-05 01:01:32,346,14,0
C0512,P0172,2026-04-10 10:56:23,472,12,0
C1190,P0187,2026-02-14 11:02:15,174,4,1
C0512,P0063,2026-05-26 00:21:02,193,8,1
C0105,P0162,2025-11-12 13:33:19,45,9,0
C0876,P0165,2025-08-21 10:56:21,325,6,1
C0335,P0160,2026-01-09 20:45:20,268,1,0
C1554,P0173,2026-01-27 18:30:25,481,1,1
C1797,P0127,2026-05-15 20:16:26,386,4,1
C1505,P0151,2026-05-06 16:49:26,9,2,0
C1816,P0145,2025-09-22 17:14:05,355,7,0
C0465,P0092,2026-02-11 21:24:42,129,6,0
C1295,P0101,2025-06-09 11:48:31,531,2,1
C0498,P0153,2025-07-30 17:01:04,57,5,0
C0503,P0102,2026-04-06 19:53:10,454,11,0
C1649,P0032,2026-05-24 22:24:49,281,4,0
C1452,P0083,2026-01-29 09:50:58,222,2,0
C1806,P0015,2025-08-20 19:01:52,408,2,0
C0420,P0083,2025-09-03 20:39:54,423,13,0
C1231,P0174,2025-09-20 15:15:42,269,13,0
C1782,P0036,2026-04-29 10:08:57,377,8,0
C1283,P0019,2025-08-11 11:09:22,27,8,0
C0241,P0135,2026-05-21 08:42:46,257,14,0
C0814,P0143,2025-09-12 12:18:12,455,3,1
C1524,P0110,2026-03-18 02:26:34,12,5,1
C1726,P0179,2026-04-18 23:40:18,579,4,0
C1742,P0144,2025-12-08 02:14:33,412,6,0
C1143,P0057,2025-12-05 22:21:12,35,6,0
C0483,P0157,2025-07-10 19:41:22,583,11,0
C0387,P0156,2026-03-05 01:19:07,374,1,1
C1968,P0080,2025-10-29 23:00:21,293,4,0
C0963,P0197,2025-12-28 01:05:50,144,9,0
C0300,P0013,2025-10-25 05:18:20,432,9,1
C1888,P0144,2025-06-16 17:30:37,113,5,0
C1912,P0100,2026-04-06 21:45:13,153,12,0
C0307,P0021,2025-11-08 17:57:07,64,3,1
C0021,P0107,2026-03-15 16:12:19,386,5,0
C1926,P0073,2025-08-04 04:35:17,453,12,0
C0698,P0078,2026-01-16 04:53:52,394,1,0
C1366,P0034,2025-10-21 14:04:36,572,11,0
C0259,P0170,2025-07-31 07:35:11,10,6,0
C0191,P0148,2026-05-27 01:09:41,409,2,0
C0730,P0090,2026-04-02 21:49:37,14,7,1
C1786,P0070,2025-10-01 05:20:20,155,12,0
C0625,P0030,2025-07-12 19:42:15,132,14,0
C0421,P0055,2026-03-22 10:02:43,484,1,0
C0546,P0105,2026-01-13 05:01:12,176,3,1
C0022,P0031,2026-01-25 15:01:41,395,9,0
C0149,P0016,2025-10-23 01:45:55,303,12,0
C0047,P0114,2025-09-15 09:17:09,211,5,0
C1419,P0157,2025-12-10 04:50:23,305,4,0
C1009,P0164,2026-02-19 11:39:29,180,7,0
C0783,P0110,2026-03-02 04:51:46,206,8,0
C1638,P0086,2025-09-21 19:16:03,55,10,0
C0271,P0065,2025-06-23 15:38:45,348,7,0
C0503,P0076,2025-09-19 13:22:30,14,14,0
C1258,P0042,2025-08-07 08:26:33,248,13,1
C1375,P0011,2026-04-20 19:16:54,205,14,0
C0915,P0159,2026-02-07 12:40:45,488,5,0
C0246,P0090,2026-04-26 15:27:47,12,8,1
C1416,P0111,2025-10-12 13:54:43,574,6,0
C1079,P0122,2025-07-11 03:40:17,450,12,0
C0304,P0132,2025-07-22 20:55:13,425,8,0
C1409,P0198,2025-12-31 07:22:16,51,4,0
C0757,P0005,2025-08-21 09:00:18,28,2,0
C0340,P0156,2025-08-26 04:45:51,265,14,0
C1537,P0086,2025-08-10 18:43:43,434,5,0
C0031,P0198,2026-01-15 08:32:01,444,9,0
C1373,P0127,2026-03-29 14:36:30,416,6,0
C0949,P0140,2025-07-04 01:26:37,342,2,0
C0437,P0192,2025-10-15 23:18:27,369,11,0
C0113,P0017,2026-01-04 14:05:13,180,5,1
C1202,P0168,2025-12-28 07:28:26,386,3,0
C1809,P0189,2025-09-03 09:34:39,310,10,0
C0602,P0087,2026-05-29 14:50:34,160,8,1
C1079,P0186,2025-07-01 16:02:55,204,3,0
C0614,P0029,2025-06-30 06:12:48,181,1,0
C0743,P0029,2026-03-31 12:02:33,305,3,0
C0307,P0101,2025-12-04 11:27:14,271,6,0
C1618,P0128,2025-07-18 10:42:23,487,6,0
C1091,P0062,2025-09-30 17:20:28,137,9,0
C1564,P0038,2025-12-02 02:15:29,47,5,0
C1429,P0190,2025-12-20 22:04:22,50,6,0
C1702,P0049,2025-10-17 16:51:18,237,5,0
C1745,P0039,2025-08-13 03:41:30,387,14,1
C1429,P0001,2025-06-21 20:49:49,221,11,0
C0761,P0136,2026-04-28 10:58:37,585,14,0
C0627,P0008,2025-11-13 18:29:13,279,12,0
C0827,P0183,2025-10-19 17:05:13,40,7,0
C1068,P0155,2026-02-10 18:01:18,81,14,0
C1637,P0182,2025-12-31 18:00:13,436,14,1
C0039,P0013,2025-11-23 01:48:09,126,12,1
C0455,P0112,2026-02-01 01:21:44,251,11,1
C1069,P0119,2026-01-26 17:31:28,295,12,0
C0519,P0190,2026-01-08 10:10:10,246,14,0
C1138,P0051,2026-04-05 06:43:14,306,4,0
C1120,P0038,2025-12-25 03:24:03,364,10,0
C1594,P0167,2025-08-23 07:41:53,54,4,1
C0854,P0115,2025-07-06 09:41:33,569,5,1
C1090,P0117,2026-04-07 14:54:09,324,9,1
C1161,P0113,2026-02-07 11:24:54,570,1,1
C1538,P0132,2025-06-30 13:46:41,338,4,0
C0898,P0104,2026-01-13 16:54:49,502,3,0
C1216,P0142,2025-12-15 17:10:12,565,8,0
C0988,P0191,2025-06-13 22:35:29,153,7,0
C1440,P0008,2026-03-22 20:01:38,20,8,0
C1130,P0027,2026-05-10 21:16:27,108,9,0
C1682,P0035,2025-12-21 14:34:46,117,4,0
C1935,P0191,2026-05-31 18:12:46,57,11,0
C1105,P0104,2026-03-08 09:02:21,373,2,1
C0031,P0061,2025-08-18 16:38:38,365,9,1
C1634,P0034,2025-11-10 15:55:06,247,7,1
C0059,P0003,2025-12-20 20:22:11,533,14,0
C0718,P0046,2025-11-08 23:48:48,116,13,0
C1924,P0061,2025-11-30 01:43:59,149,12,1
C0690,P0090,2026-04-16 18:25:33,22,11,0
C1179,P0016,2025-10-27 10:59:50,510,10,0
C0360,P0076,2025-08-17 13:12:02,532,12,0
C1099,P0179,2025-11-06 01:56:12,287,3,0
C0780,P0030,2026-02-27 19:19:56,13,5,1
C1469,P0054,2026-05-07 19:20:34,430,1,0
C1796,P0192,2025-12-21 11:13:57,595,3,1
C0091,P0200,2025-08-22 18:19:00,448,7,0
C0079,P0159,2025-11-04 21:54:47,107,8,0
C0990,P0058,2026-02-25 12:27:24,251,10,1
C1618,P0132,2025-11-27 16:11:32,239,6,0
C0387,P0079,2025-06-09 12:46:45,42,1,0
C1486,P0176,2026-02-07 12:19:32,453,5,0
C0241,P0026,2025-08-06 00:04:50,566,6,0
C1930,P0042,2025-10-19 11:01:17,158,12,1
C1676,P0049,2025-07-11 08:55:20,50,3,0
C1309,P0012,2025-07-14 11:52:06,86,12,0
C1730,P0002,2026-03-25 09:52:36,277,10,0
C1810,P0022,2026-04-14 04:05:37,599,10,0
C0565,P0001,2026-06-03 19:44:53,220,13,0
C1252,P0159,2025-10-30 02:31:15,291,2,0
C0915,P0053,2025-09-11 12:42:05,462,13,0
C0765,P0150,2026-01-06 06:06:46,27,4,0
C1239,P0143,2025-07-11 15:03:15,414,3,0
C0855,P0148,2026-05-25 17:28:32,385,13,0
C0552,P0121,2026-05-20 06:02:54,299,8,0
C0456,P0018,2025-08-30 05:10:03,173,6,0
C1947,P0143,2026-05-23 08:21:34,41,10,1
C1285,P0073,2026-05-12 23:17:05,301,4,1
C0010,P0190,2025-09-06 05:00:06,234,8,0
C0078,P0169,2026-02-05 17:45:51,197,1,0
C0109,P0024,2026-03-26 10:58:17,267,9,0
C0363,P0099,2025-06-16 16:31:15,382,12,0
C1365,P0003,2025-11-10 08:20:09,339,5,0
C1546,P0033,2025-12-20 22:42:12,575,4,1
C0262,P0130,2025-10-03 20:22:02,456,11,1
C0324,P0157,2025-11-25 11:51:52,233,14,1
C1852,P0124,2025-06-28 00:10:30,301,7,0
C1261,P0113,2025-12-14 03:33:27,221,1,1
C1270,P0192,2025-09-15 21:32:28,323,2,0
C1456,P0148,2025-07-13 21:07:16,41,11,0
C1366,P0133,2025-11-15 04:41:47,38,7,0
C1603,P0062,2026-04-12 02:49:36,156,3,0
C1389,P0199,2025-06-25 01:26:07,83,13,0
C0434,P0029,2025-07-30 10:53:59,36,7,0
C1575,P0137,2025-08-07 00:59:49,248,8,0
C0910,P0068,2026-05-29 06:51:27,196,4,0
C1564,P0014,2026-04-08 11:25:40,81,1,1
C0884,P0167,2025-12-06 18:18:54,288,9,0
C0544,P0137,2025-10-04 03:15:38,160,10,0
C0095,P0017,2026-06-05 14:21:40,121,7,1
C0333,P0055,2025-06-25 14:41:49,526,6,0
C1456,P0116,2026-02-22 23:36:16,224,13,0
C1193,P0079,2025-09-17 04:51:04,320,13,0
C0810,P0116,2026-02-02 18:32:03,587,12,0
C0614,P0013,2025-11-02 06:11:13,512,1,0
C0783,P0036,2026-05-18 20:49:50,224,14,0
C0117,P0075,2025-09-05 14:11:14,60,4,0
C1250,P0052,2025-07-22 12:21:01,479,10,0
C0222,P0173,2026-02-03 12:21:43,344,13,0
C1530,P0053,2026-02-07 20:25:05,161,7,0
C1721,P0178,2026-05-09 10:16:57,537,11,0
C1162,P0076,2025-11-20 10:12:14,546,13,1
C1331,P0161,2025-11-01 01:23:14,406,14,1
C0278,P0064,2026-03-12 07:11:43,537,1,0
C0497,P0107,2025-09-28 11:31:13,376,12,0
C0655,P0036,2025-09-15 04:12:14,307,6,0
C0726,P0032,2025-10-06 07:55:12,190,14,0
C1590,P0161,2026-01-07 02:47:52,254,9,0
C1787,P0167,2026-05-04 23:02:35,283,11,0
C1719,P0002,2025-12-16 13:14:49,198,6,0
C1783,P0157,2025-07-05 16:58:43,114,12,1
C0835,P0071,2025-09-19 06:51:07,289,7,0
C0421,P0113,2025-12-26 07:17:06,232,7,0
C1837,P0016,2026-04-09 01:07:45,500,2,0
C1842,P0193,2026-02-15 22:47:27,382,14,1
C0744,P0171,2026-01-10 17:37:57,508,1,0
C0721,P0172,2025-09-29 22:46:16,536,6,0
C1544,P0173,2025-06-28 22:23:19,38,13,0
C0736,P0179,2026-01-24 23:53:41,494,4,0
C1644,P0167,2026-01-17 09:42:04,472,8,0
C1240,P0055,2025-06-26 09:25:10,30,9,0
C0804,P0071,2025-09-10 10:31:43,190,12,0
C1665,P0116,2025-10-04 06:14:14,438,9,1
C0208,P0133,2025-07-22 00:46:48,343,4,0
C1286,P0026,2025-07-08 07:14:11,373,7,1
C1656,P0183,2025-10-28 18:29:49,427,9,0
C1581,P0014,2025-11-23 02:05:24,571,9,0
C0527,P0037,2026-04-22 23:51:01,182,5,0
C0852,P0072,2025-09-22 09:59:19,356,5,0
C1721,P0105,2026-04-19 18:49:12,225,10,0
C0863,P0118,2025-11-27 00:39:57,522,4,0
C0299,P0093,2026-01-16 00:28:55,46,3,0
C0897,P0183,2025-09-17 02:57:12,51,5,0
C1710,P0058,2025-09-30 00:36:15,213,8,0
C1235,P0039,2026-01-12 14:38:41,256,3,0
C0926,P0035,2026-05-29 23:58:59,417,2,0
C1470,P0052,2025-11-29 14:43:40,378,14,0
C0931,P0156,2026-05-30 14:18:19,546,10,1
C1927,P0167,2025-10-24 10:37:01,355,5,0
C1187,P0127,2025-12-25 20:25:49,56,14,0
C0063,P0036,2026-05-05 02:32:52,95,8,0
C1448,P0157,2025-11-05 17:13:28,369,6,0
C1864,P0015,2025-07-26 20:43:14,585,4,0
C0704,P0004,2025-11-03 01:54:56,591,2,0
C1834,P0030,2026-04-03 21:32:56,147,6,0
C1719,P0181,2025-07-11 23:45:31,20,8,1
C0713,P0107,2025-08-20 20:54:54,383,2,0
C0283,P0013,2026-04-04 11:56:19,488,11,0
C1097,P0197,2025-06-15 00:50:25,247,6,0
C0799,P0003,2025-10-15 22:25:40,153,3,0
C0390,P0160,2025-12-14 20:10:18,430,5,0
C1726,P0160,2025-10-24 20:09:04,90,8,1
C0423,P0064,2026-01-29 16:06:51,122,14,0
C0959,P0114,2026-05-17 20:43:36,419,7,0
C0040,P0161,2025-07-06 07:48:47,541,4,0
C0664,P0095,2025-12-14 09:04:04,446,7,0
C1582,P0138,2025-10-29 02:32:55,470,1,0
C1700,P0156,2025-08-25 13:20:27,404,2,0
C0136,P0075,2025-08-20 23:55:08,5,14,0
C0381,P0038,2025-11-10 15:36:37,480,13,1
C0954,P0081,2025-08-07 15:00:34,36,8,0
C0118,P0040,2026-03-05 17:03:18,188,11,0
C1774,P0074,2025-09-23 10:16:58,107,7,1
C0586,P0164,2026-05-12 00:24:35,477,12,0
C0114,P0123,2025-07-08 06:36:34,317,10,0
C0339,P0173,2025-07-01 17:30:14,83,2,0
C0605,P0196,2026-03-16 13:20:37,505,2,1
C0285,P0081,2025-08-02 22:43:32,270,11,0
C0373,P0143,2025-10-23 22:23:52,240,5,0
C0828,P0058,2025-06-30 03:57:53,384,10,1
C0614,P0051,2025-09-26 22:06:51,424,4,0
C1745,P0051,2026-05-26 00:40:35,513,14,0
C1969,P0001,2025-08-30 03:28:08,189,1,1
C1714,P0014,2025-12-04 06:58:50,250,7,0
C0187,P0081,2025-07-16 09:39:02,263,2,0
C0040,P0089,2025-12-01 06:30:25,422,10,0
C1375,P0009,2026-03-01 22:25:50,354,4,0
C0533,P0025,2025-11-06 05:14:06,362,10,0
C0172,P0025,2026-02-14 08:17:17,397,7,0
C0702,P0154,2025-07-18 00:47:15,553,5,0
C0332,P0152,2026-03-20 12:40:31,536,9,0
C0983,P0103,2025-12-26 04:50:14,33,3,0
C1172,P0027,2025-06-09 04:02:01,117,7,1
C1686,P0074,2026-05-16 20:51:12,259,7,0
C1423,P0094,2025-07-08 23:02:27,512,4,0
C0466,P0056,2026-02-04 23:21:38,411,1,0
C1122,P0034,2026-02-03 20:13:26,160,14,0
C0162,P0112,2026-03-04 23:10:09,101,9,1
C0567,P0194,2026-03-06 21:08:36,121,13,0
C1829,P0196,2026-03-31 07:31:05,510,13,1
C1500,P0067,2026-05-08 07:12:37,184,2,0
C1205,P0191,2026-01-30 10:36:57,291,11,0
C0618,P0129,2025-06-20 09:14:55,266,11,1
C0162,P0191,2026-05-20 16:44:23,185,5,0
C0469,P0018,2025-09-02 22:29:42,25,3,0
C0260,P0077,2026-04-11 19:30:57,470,4,0
C1437,P0025,2025-10-31 00:19:17,261,8,0
C1873,P0021,2025-07-30 03:51:06,19,2,0
C0999,P0048,2025-07-23 17:13:43,491,1,0
C0196,P0108,2025-12-27 23:34:23,392,5,1
C1985,P0097,2025-06-17 07:16:40,459,9,1
C0705,P0080,2026-05-30 19:52:26,314,6,0
C1090,P0137,2025-09-26 01:51:14,369,7,0
C0758,P0107,2026-01-17 19:17:59,175,3,0
C1352,P0103,2026-01-16 17:09:59,596,3,0
C1169,P0018,2026-03-13 21:47:48,159,12,0
C1873,P0107,2025-11-22 03:19:10,329,10,0
C0494,P0034,2026-05-13 01:58:20,308,3,0
C0904,P0138,2026-04-22 08:09:59,521,4,1
C1200,P0117,2025-08-07 03:38:40,414,6,0
C1388,P0023,2025-12-26 13:16:23,322,13,0
C0905,P0020,2025-11-17 19:14:20,233,8,1
C1132,P0033,2026-01-15 10:11:49,180,14,1
C0876,P0073,2025-09-22 05:28:39,360,14,1
C1299,P0071,2025-12-18 05:03:38,199,1,1
C1836,P0160,2025-06-26 00:51:10,527,10,1
C0770,P0125,2025-07-10 23:12:00,200,1,0
C1756,P0094,2026-05-16 08:14:02,428,7,0
C1710,P0093,2025-06-13 00:58:53,264,6,0
C0575,P0029,2025-11-30 13:21:33,289,8,0
C0484,P0163,2025-07-13 00:15:22,376,6,1
C0379,P0023,2026-02-05 04:21:29,306,12,1
C0944,P0180,2025-12-24 00:15:40,268,7,0
C0834,P0168,2025-12-12 14:01:27,217,4,0
C1968,P0100,2025-06-10 20:33:54,116,4,0
C0678,P0036,2026-01-04 22:23:21,116,7,0
C0183,P0085,2025-12-14 22:50:54,169,10,1
C0455,P0022,2025-12-04 06:37:37,62,14,1
C1938,P0106,2026-03-24 11:58:48,406,14,0
C0842,P0167,2026-01-31 16:38:57,523,5,1
C1857,P0046,2025-12-13 16:00:32,534,13,0
C1689,P0008,2025-09-06 07:37:06,78,1,0
C1638,P0079,2026-02-15 00:34:59,579,8,0
C1108,P0015,2025-08-06 16:19:43,138,14,0
C0633,P0063,2025-12-07 21:42:31,396,13,0
C0378,P0180,2025-10-22 17:11:47,467,2,0
C0013,P0024,2025-12-09 23:38:04,172,14,0
C1995,P0070,2025-10-04 02:34:53,322,8,0
C1113,P0189,2026-06-04 17:20:58,261,9,0
C0450,P0126,2025-11-08 04:05:46,548,13,0
C1185,P0032,2025-10-01 01:20:42,156,11,0
C1284,P0023,2026-05-16 02:08:25,289,2,0
C0917,P0030,2026-02-10 05:03:40,152,3,0
C1969,P0101,2026-02-07 14:53:31,574,8,1
C1964,P0025,2026-04-17 21:54:14,283,12,1
C0443,P0129,2025-12-14 15:13:50,403,1,0
C0482,P0180,2026-03-12 19:47:13,190,9,1
C1708,P0004,2026-01-02 19:39:05,562,11,0
C0521,P0161,2025-11-29 13:36:46,293,4,0
C1924,P0065,2026-04-13 21:45:10,506,10,0
C1826,P0085,2026-05-03 23:01:33,467,3,0
C0704,P0153,2026-03-11 08:41:28,153,12,0
C1677,P0131,2025-07-04 04:55:18,456,4,0
C1515,P0007,2025-11-28 18:27:28,542,11,0
C0536,P0010,2025-12-24 18:56:14,299,3,0
C1459,P0019,2026-04-19 01:44:16,592,4,0
C0726,P0175,2026-03-26 18:48:12,380,14,0
C1838,P0149,2025-11-26 17:01:58,79,12,1
C0741,P0048,2026-01-21 11:52:35,66,10,0
C0786,P0108,2026-02-09 10:02:21,191,11,0
C0229,P0048,2026-01-17 14:44:37,272,7,0
C0802,P0189,2026-02-07 15:34:27,91,5,0
C1049,P0190,2026-05-12 19:05:36,392,14,0
C0990,P0141,2026-01-17 15:56:03,515,1,1
C0846,P0184,2026-04-10 23:40:23,179,8,0
C0311,P0018,2026-01-14 15:57:10,39,9,0
C0721,P0160,2025-11-16 19:45:16,412,7,0
C0269,P0126,2026-04-18 23:34:22,479,5,1
C1380,P0090,2025-08-08 22:11:34,46,13,1
C1695,P0110,2026-06-07 04:33:24,292,11,0
C0481,P0125,2025-07-05 02:52:34,505,14,1
C0052,P0148,2026-04-27 19:41:12,107,9,1
C1448,P0187,2026-05-01 13:35:03,209,14,1
C1964,P0104,2025-06-22 09:06:55,474,2,0
C1328,P0093,2025-12-21 16:48:22,431,14,0
C1699,P0053,2025-09-10 08:00:08,519,4,1
C1270,P0133,2026-03-31 21:56:12,312,13,0
C1376,P0031,2025-10-22 11:18:10,70,12,0
C0347,P0069,2025-09-09 04:23:40,37,4,0
C0187,P0192,2025-10-17 17:01:16,217,8,1
C0428,P0095,2026-04-16 18:06:49,112,8,0
C0177,P0053,2026-02-26 22:19:19,334,1,0
C0881,P0114,2025-08-27 02:40:55,454,9,1
C1668,P0179,2025-08-09 08:30:22,399,1,1
C0876,P0194,2025-12-18 10:18:04,202,9,0
C1861,P0084,2025-08-27 20:13:46,89,9,0
C1500,P0119,2026-02-13 08:33:53,76,4,1
C1819,P0008,2026-01-10 12:29:07,250,5,0
C0573,P0156,2026-02-20 19:52:33,475,6,0
C1795,P0197,2025-08-07 10:39:48,11,12,0
C0004,P0133,2026-04-10 14:10:27,129,2,0
C0525,P0118,2026-05-27 13:24:40,244,7,0
C0360,P0006,2026-05-05 12:55:41,324,7,0
C1970,P0030,2026-05-09 19:59:47,538,9,0
C1180,P0118,2025-07-31 05:38:46,403,10,0
C1219,P0168,2025-10-01 17:43:43,381,9,1
C1775,P0106,2025-07-05 18:59:17,486,4,0
C1605,P0095,2025-09-04 09:23:16,593,11,0
C1537,P0150,2025-12-25 10:01:18,578,10,0
C1810,P0048,2025-07-28 18:43:04,5,11,1
C1929,P0151,2026-02-04 05:22:52,111,13,0
C0506,P0130,2025-10-06 04:34:49,402,6,0
C0552,P0191,2025-06-18 22:14:06,20,5,0
C1373,P0134,2025-10-30 00:46:11,530,12,0
C1090,P0095,2025-07-04 14:02:23,463,6,1
C1731,P0114,2026-05-06 02:34:18,163,1,0
C1278,P0129,2026-02-16 04:55:28,531,5,0
C0155,P0176,2025-11-18 05:39:39,31,12,1
C1036,P0067,2026-01-27 11:22:15,546,7,0
C0194,P0135,2025-12-22 22:50:28,294,5,1
C0039,P0096,2025-09-02 00:26:07,210,3,0
C0942,P0160,2025-06-29 12:59:52,559,4,0
C1361,P0003,2026-01-22 02:47:17,253,10,0
C0373,P0063,2025-07-04 17:18:35,142,4,1
C0457,P0046,2025-09-04 19:52:19,448,1,1
C0996,P0026,2025-11-07 16:06:01,415,6,0
C1814,P0026,2026-04-18 01:06:15,457,3,0
C0450,P0073,2025-07-16 03:23:28,119,3,1
C1393,P0146,2026-01-01 09:23:46,519,2,0
C0888,P0135,2026-05-22 02:18:43,439,9,0
C1251,P0151,2026-04-25 23:44:29,272,4,1
C1624,P0062,2026-04-25 00:33:06,364,9,0
C1869,P0040,2026-02-17 04:23:45,186,10,1
C1233,P0135,2026-03-13 09:49:54,277,7,0
C1406,P0178,2025-06-16 01:33:02,540,2,0
C1507,P0092,2026-02-22 10:34:40,165,5,0
C0117,P0053,2025-12-27 21:54:13,49,9,1
C0774,P0051,2025-12-28 04:42:10,238,7,0
C1571,P0082,2025-12-13 20:00:35,201,9,0
C0395,P0017,2026-03-10 06:53:15,40,10,0
C0223,P0096,2025-11-11 02:42:49,534,12,0
C1426,P0001,2026-02-24 17:14:29,140,2,1
C1843,P0079,2025-07-04 22:55:28,448,2,1
C1316,P0062,2025-06-16 03:58:38,133,3,0
C0341,P0042,2025-07-12 23:02:01,261,4,1
C1590,P0175,2025-10-22 11:29:52,104,7,1
C1950,P0007,2025-06-23 19:40:46,154,9,1
C0690,P0045,2025-07-15 12:55:40,334,8,0
C1608,P0138,2025-11-15 20:22:25,127,4,0
C0886,P0075,2026-05-15 02:38:07,522,5,1
C0190,P0147,2026-05-28 20:49:34,470,3,0
C0830,P0107,2025-08-27 21:01:47,87,5,0
C1688,P0056,2026-04-27 08:28:04,26,4,1
C0185,P0010,2025-10-25 12:31:51,582,8,0
C1249,P0123,2025-10-12 04:31:42,42,11,1
C0123,P0062,2025-07-03 10:34:12,160,10,0
C0301,P0065,2025-09-24 15:09:51,71,9,0
C0645,P0106,2025-11-01 06:50:05,398,12,0
C1618,P0058,2026-06-01 14:17:14,409,1,0
C1155,P0069,2025-10-24 03:15:41,349,10,1
C0320,P0177,2026-06-03 05:50:56,588,1,1
C1865,P0160,2025-12-23 04:11:25,586,1,0
C1768,P0021,2026-05-10 13:08:01,139,7,0
C0111,P0027,2026-02-13 18:00:58,524,9,0
C1820,P0194,2025-11-16 06:10:27,51,2,0
C0342,P0010,2025-06-25 08:19:29,374,1,0
C0903,P0131,2025-12-12 02:14:13,274,12,0
C0814,P0061,2025-11-22 12:10:07,168,13,1
C0272,P0133,2026-03-13 05:14:09,248,9,1
C1830,P0178,2025-09-27 07:53:17,42,7,0
C1592,P0063,2026-03-11 23:39:06,514,8,1
C1584,P0105,2026-02-28 04:43:30,478,11,0
C0589,P0172,2025-10-19 13:10:28,503,10,0
C1919,P0055,2025-09-06 01:11:58,571,1,0
C0904,P0127,2026-05-11 11:04:01,392,5,1
C1534,P0115,2025-11-16 15:40:45,441,10,1
C0293,P0049,2026-05-19 00:46:56,71,3,0
C0129,P0029,2026-05-03 13:34:46,347,1,0
C1143,P0180,2026-01-31 07:23:04,137,7,0
C1209,P0134,2026-03-27 16:49:13,538,1,0
C1613,P0004,2026-04-25 05:32:00,169,5,1
C1664,P0045,2026-04-17 07:24:13,222,11,0
C1672,P0168,2026-03-26 01:36:10,9,12,0
C0757,P0104,2025-10-23 15:31:25,85,7,0
C0855,P0137,2025-09-18 22:14:52,390,3,0
C0628,P0113,2026-02-25 05:34:54,547,7,0
C1950,P0186,2025-12-10 05:05:33,519,3,0
C0755,P0056,2025-06-22 19:16:21,77,10,0
C1597,P0050,2026-04-24 01:11:19,126,10,1
C0513,P0185,2025-06-17 20:02:58,42,14,0
C0591,P0089,2025-10-16 16:33:49,342,1,1
C1726,P0184,2026-01-08 08:58:57,71,1,0
C1407,P0112,2026-04-18 11:28:44,320,1,0
C1832,P0089,2026-06-08 10:02:42,557,12,0
C0989,P0115,2025-07-25 19:16:58,104,5,0
C0438,P0089,2026-02-02 22:10:10,353,11,0
C0828,P0068,2025-08-22 10:57:57,306,6,0
C1981,P0017,2026-04-26 02:10:42,296,10,1
C1799,P0016,2026-03-23 10:26:07,530,9,0
C1897,P0004,2026-04-14 20:55:40,131,8,0
C0518,P0129,2025-10-07 13:14:46,515,7,0
C0385,P0115,2025-06-22 20:47:17,236,9,0
C1219,P0065,2026-05-08 18:58:01,281,13,0
C1694,P0033,2025-07-01 08:50:24,282,14,0
C1718,P0110,2025-09-27 23:11:23,520,7,1
C0439,P0172,2025-12-31 13:20:29,400,1,1
C1525,P0074,2026-03-17 03:51:34,231,7,0
C1524,P0180,2025-11-21 11:07:13,97,12,0
C1601,P0065,2026-03-24 02:33:18,14,2,1
C1327,P0066,2025-06-21 01:13:44,460,6,0
C1622,P0026,2026-02-01 05:47:00,397,5,1
C0095,P0191,2026-03-26 12:23:29,111,6,0
C1784,P0014,2025-12-12 23:31:06,75,8,0
C0969,P0075,2026-05-21 15:11:14,380,7,0
C0368,P0051,2026-03-15 13:33:38,147,3,0
C1572,P0118,2025-10-20 04:25:07,171,12,0
C0260,P0192,2026-01-30 22:17:09,206,6,0
C1209,P0158,2025-06-23 08:50:40,103,1,0
C1515,P0122,2025-08-05 05:24:52,513,5,1
C1120,P0067,2026-02-11 17:27:24,222,1,0
C1243,P0018,2026-01-01 08:22:44,336,8,0
C0453,P0152,2025-12-20 19:53:08,351,14,0
C1551,P0175,2025-10-07 17:26:56,383,6,1
C0895,P0172,2025-11-09 21:08:04,88,9,1
C1888,P0068,2025-11-06 13:00:27,313,10,0
C0136,P0022,2026-03-07 16:09:59,110,7,0
C1942,P0046,2025-08-10 09:02:38,546,14,0
C1381,P0144,2025-09-11 08:09:11,83,5,0
C1603,P0023,2025-12-13 14:35:20,78,5,1
C1943,P0082,2025-10-01 06:07:11,541,8,0
C0991,P0149,2025-12-29 02:31:56,518,6,0
C0840,P0087,2025-08-15 06:52:22,228,8,0
C1092,P0064,2026-05-20 02:49:36,23,7,0
C1618,P0181,2025-08-09 20:08:38,347,1,0
C1076,P0175,2025-07-05 10:26:28,342,6,0
C1964,P0097,2026-05-03 01:14:24,395,3,0
C0348,P0001,2025-06-12 12:37:09,67,8,1
C1767,P0167,2025-12-16 04:58:59,23,13,0
C0633,P0024,2025-08-28 09:25:45,215,1,1
C0161,P0059,2026-04-01 22:36:06,118,8,0
C1953,P0160,2025-08-21 17:05:30,224,5,0
C0169,P0012,2025-12-19 18:27:56,246,7,0
C0139,P0097,2025-10-30 11:43:24,151,6,0
C1081,P0042,2026-01-20 21:47:54,547,4,1
C1026,P0166,2025-09-17 10:55:01,292,10,0
C1641,P0136,2025-08-01 18:55:32,226,11,0
C0617,P0148,2025-06-08 07:49:41,512,4,0
C1151,P0009,2026-01-08 08:18:39,19,2,0
C0984,P0097,2025-12-12 07:26:54,109,9,1
C0493,P0063,2026-03-18 18:43:50,223,5,0
C0773,P0125,2026-05-17 03:47:58,345,4,0
C1393,P0176,2025-10-28 20:39:10,478,14,1
C0884,P0163,2026-01-09 09:59:37,499,7,0
C0162,P0121,2025-07-28 12:09:09,403,6,0
C1986,P0056,2026-02-05 15:41:32,565,12,0
C1153,P0065,2025-07-14 08:21:49,544,4,1
C0660,P0176,2026-04-28 12:08:02,69,10,0
C0563,P0171,2025-10-24 20:44:55,78,12,0
C1449,P0199,2025-11-02 19:21:01,196,13,0
C0012,P0104,2026-02-05 02:56:59,597,5,0
C0383,P0014,2026-02-17 02:52:52,52,13,0
C0209,P0035,2026-02-04 16:06:57,123,1,0
C0315,P0036,2026-02-25 22:31:11,467,12,0
C0915,P0042,2025-08-23 08:32:57,585,3,0
C1131,P0039,2026-04-05 19:23:35,585,4,0
C0012,P0083,2025-09-24 06:27:51,552,14,1
C0063,P0076,2025-07-01 09:47:04,86,1,1
C1843,P0043,2025-08-19 15:48:40,38,1,0
C0049,P0146,2025-06-24 13:41:05,61,13,1
C0109,P0005,2025-08-30 03:41:47,28,13,1
C1984,P0059,2025-07-04 01:18:36,298,1,0
C1034,P0165,2026-04-11 19:16:37,485,7,0
C1018,P0126,2025-06-27 12:17:40,271,8,0
C0088,P0199,2026-01-03 00:57:08,537,4,0
C0757,P0010,2026-04-23 23:21:35,435,4,0
C1776,P0175,2026-02-03 21:28:15,246,14,1
C0902,P0066,2025-06-21 06:52:03,382,4,0
C1815,P0013,2025-12-01 09:17:13,213,9,1
C0986,P0001,2025-06-12 21:33:26,371,12,1
C1253,P0119,2025-10-20 00:26:51,444,2,0
C1556,P0194,2026-04-04 06:25:46,40,6,0
C1942,P0108,2025-10-07 00:40:20,193,2,1
C0608,P0059,2026-03-07 04:33:22,24,4,0
C0382,P0097,2025-06-10 18:55:22,147,14,1
C1266,P0131,2026-04-09 23:26:09,127,8,0
C0927,P0086,2025-10-10 21:18:23,423,6,0
C0455,P0198,2025-08-31 11:43:51,286,6,1
C1025,P0007,2025-07-29 11:08:05,336,4,0
C0087,P0153,2025-08-02 16:21:50,65,13,0
C0095,P0018,2026-04-21 13:35:08,557,3,0
C1270,P0132,2026-05-04 22:02:04,301,11,0
C1679,P0182,2026-05-21 22:32:49,460,2,0
C1255,P0022,2025-06-29 23:29:42,406,2,0
C0292,P0020,2026-04-28 02:12:15,380,14,0
C0055,P0066,2025-09-17 20:05:24,30,9,1
C0765,P0197,2025-12-15 05:51:06,247,8,1
C0724,P0190,2025-11-25 03:21:22,572,7,0
C1300,P0050,2025-10-21 12:14:58,413,4,0
C0153,P0053,2025-11-30 05:27:32,402,12,0
C1647,P0171,2025-12-25 08:18:59,491,12,0
C1136,P0069,2025-06-18 06:21:43,262,6,1
C1552,P0183,2026-01-23 12:41:48,354,11,1
C0957,P0166,2026-01-18 12:34:20,439,10,0
C1304,P0115,2025-11-12 01:08:50,253,11,0
C0181,P0191,2026-05-22 22:46:44,82,7,1
C0885,P0080,2026-01-06 18:42:49,54,5,0
C1719,P0183,2025-06-11 09:36:49,8,1,1
C1974,P0061,2026-06-02 03:39:15,115,14,0
C1875,P0133,2025-11-25 14:43:08,123,14,1
C0917,P0175,2026-05-08 19:25:45,546,7,0
C0361,P0196,2025-07-17 20:23:15,457,9,0
C0685,P0074,2025-06-18 05:30:26,223,14,1
C0845,P0085,2025-09-28 11:23:57,249,8,0
C1023,P0173,2025-09-26 14:17:46,339,4,0
C0596,P0173,2025-09-27 10:05:10,187,11,0
C1157,P0124,2026-03-15 00:07:18,354,10,0
C0293,P0013,2026-05-31 14:39:59,201,9,0
C1677,P0020,2025-12-25 15:32:56,409,3,0
C1919,P0189,2026-05-31 11:08:06,30,6,1
C1706,P0139,2026-05-09 06:50:38,385,11,1
C1563,P0094,2026-03-15 20:01:05,87,2,0
C0550,P0189,2026-05-07 11:43:45,91,5,0
C0833,P0131,2025-10-19 03:58:02,402,4,1
C0286,P0186,2025-11-05 12:07:09,373,6,0
C1742,P0142,2026-01-25 09:13:41,447,1,0
C1544,P0072,2025-08-31 06:00:07,292,13,0
C0041,P0075,2026-06-05 12:48:22,159,8,0
C0275,P0154,2026-04-03 12:18:11,569,3,0
C1957,P0137,2026-04-10 11:09:39,184,6,1
C1283,P0096,2025-09-18 12:39:34,201,8,0
C0526,P0120,2025-11-09 03:46:34,391,8,1
C1293,P0171,2025-07-11 05:23:42,588,3,1
C0170,P0159,2025-12-28 07:26:27,513,10,1
C1938,P0082,2026-05-20 00:17:37,61,7,0
C0112,P0048,2026-01-25 11:55:59,596,7,1
C0376,P0060,2025-10-02 09:24:50,37,8,0
C0627,P0128,2025-08-14 13:42:08,7,6,0
C1540,P0100,2025-12-30 03:54:29,46,9,1
C1000,P0051,2025-09-03 20:22:49,146,6,0
C1460,P0027,2025-11-17 21:12:55,47,3,0
C1240,P0094,2025-09-06 20:12:01,524,6,0
C1369,P0138,2025-12-21 18:01:00,417,8,1
C1270,P0193,2026-03-11 00:28:26,25,7,0
C1432,P0188,2026-05-22 20:54:42,269,4,0
C0184,P0036,2025-10-01 10:32:50,552,6,1
C1097,P0150,2025-12-14 08:46:22,517,5,1
C0969,P0037,2026-01-11 12:26:58,234,3,1
C1096,P0107,2026-02-27 20:27:22,401,4,1
C0740,P0043,2025-07-04 23:16:42,297,14,0
C1994,P0025,2025-09-03 17:24:11,220,7,0
C0405,P0169,2025-12-03 04:27:27,333,10,0
C1578,P0002,2026-02-12 10:00:02,200,8,0
C0608,P0061,2026-02-06 19:40:05,530,1,0
C0077,P0021,2025-11-03 11:44:22,470,13,1
C1472,P0064,2026-04-17 17:27:53,164,12,0
C0313,P0119,2025-08-16 02:47:14,165,4,0
C1887,P0146,2025-10-27 16:51:48,400,3,0
C0089,P0010,2025-08-14 19:18:42,312,2,0
C0371,P0195,2025-12-20 15:39:22,171,8,1
C1661,P0157,2025-07-17 19:15:00,154,4,0
C1990,P0189,2025-08-19 10:57:17,47,1,0
C0029,P0106,2025-10-13 19:39:45,35,5,0
C1698,P0128,2025-08-07 10:44:54,298,9,1
C0869,P0132,2026-03-24 22:33:03,528,3,0
C1734,P0110,2026-04-28 22:50:15,332,5,0
C1269,P0110,2026-01-13 01:03:11,167,7,1
C0399,P0134,2025-09-07 23:12:12,243,1,0
C1604,P0022,2025-11-24 05:41:27,36,11,0
C1558,P0155,2026-02-10 21:23:56,114,12,0
C0300,P0115,2025-10-29 11:35:40,253,9,1
C0034,P0073,2025-11-10 13:48:03,403,14,0
C0813,P0072,2026-06-01 12:26:33,574,12,0
C1395,P0019,2025-07-07 03:24:54,532,11,0
C1642,P0136,2026-05-22 00:34:21,78,14,0
C1042,P0163,2025-07-30 17:55:47,47,2,0
C0515,P0059,2026-02-10 07:24:38,580,6,0
C1327,P0142,2025-12-28 00:56:49,206,13,0
C1386,P0081,2025-09-25 12:06:35,567,13,1
C0369,P0143,2026-04-14 01:53:17,350,12,1
C1049,P0189,2025-07-27 07:53:45,557,5,0
C0516,P0105,2026-04-28 15:15:42,445,3,1
C1653,P0195,2026-04-12 20:42:19,326,8,0
C1739,P0024,2025-07-15 09:53:19,359,7,0
C0928,P0105,2026-01-20 11:56:15,326,12,1
C1907,P0194,2025-07-03 22:44:44,531,8,0
C1109,P0163,2025-09-29 21:05:15,239,11,0
C1880,P0007,2026-04-21 20:02:16,10,14,0
C1917,P0033,2025-07-21 23:31:42,574,1,0
C1681,P0110,2025-07-31 21:36:11,558,14,1
C1224,P0168,2026-04-20 06:21:12,339,9,0
C0623,P0097,2025-08-21 17:59:37,329,5,0
C1252,P0145,2025-11-04 06:47:10,312,14,0
C1658,P0029,2026-03-30 20:01:04,396,2,1
C0360,P0001,2026-03-07 10:22:05,169,13,1
C0581,P0053,2025-12-16 09:23:27,228,12,1
C1972,P0088,2025-11-30 03:25:13,528,4,0
C0129,P0135,2025-06-20 08:16:17,131,2,1
C0939,P0071,2026-05-13 17:13:58,277,11,0
C1027,P0029,2026-01-21 13:50:30,26,6,0
C1334,P0107,2025-12-13 04:35:02,481,2,0
C0434,P0069,2025-08-09 09:37:03,380,10,1
C1270,P0047,2025-06-27 20:52:00,409,4,1
C1687,P0196,2026-05-04 00:10:38,25,1,0
C0399,P0017,2026-03-31 22:17:27,55,14,0
C0827,P0083,2025-09-01 16:17:30,266,13,1
C1073,P0006,2025-12-03 08:15:59,122,5,0
C0775,P0097,2026-05-14 23:56:11,401,11,0
C1051,P0199,2025-10-14 10:49:32,376,3,1
C1850,P0089,2026-01-29 15:08:24,101,8,1
C0529,P0173,2025-09-21 14:01:26,190,8,1
C1974,P0029,2025-06-10 08:17:23,106,11,0
C0054,P0027,2026-03-02 20:03:52,121,8,0
C0557,P0114,2026-01-07 15:50:58,547,4,0
C0977,P0189,2026-04-30 10:31:43,297,3,0
C0292,P0119,2025-07-13 21:26:57,265,14,0
C1231,P0052,2025-07-24 06:49:02,53,6,0
C0379,P0138,2026-05-13 07:53:04,228,7,0
C1008,P0145,2025-10-25 11:26:56,114,4,1
C1836,P0041,2025-10-07 18:47:57,403,12,0
C1006,P0186,2025-11-25 09:01:54,310,4,0
C1606,P0196,2025-12-07 18:59:07,155,12,0
C0621,P0118,2026-03-28 19:25:52,560,4,1
C0067,P0156,2025-09-09 13:19:41,210,2,0
C0155,P0179,2026-04-11 05:36:18,513,12,0
C1098,P0049,2026-02-17 19:02:12,471,9,0
C0708,P0143,2026-05-06 20:16:29,183,8,0
C0113,P0129,2025-09-21 09:12:34,163,2,0
C1804,P0048,2026-03-17 17:20:11,34,1,1
C0251,P0007,2025-06-27 23:23:02,96,1,1
C0259,P0107,2026-04-03 13:51:27,579,6,0
C0991,P0102,2025-09-20 00:59:53,203,11,0
C1502,P0091,2025-10-31 00:31:13,507,2,0
C0918,P0061,2025-10-01 02:37:54,124,13,0
C1333,P0026,2026-05-06 14:47:19,479,8,1
C0344,P0116,2025-07-07 08:44:55,140,5,0
C1835,P0021,2025-06-27 05:00:32,35,7,1
C0411,P0027,2026-05-17 10:44:00,77,9,0
C1121,P0161,2025-09-02 14:29:25,350,12,0
C1324,P0043,2025-07-01 22:45:55,291,5,0
C1473,P0076,2026-01-15 07:15:48,405,2,0
C0498,P0080,2025-10-12 00:27:23,520,8,0
C0098,P0110,2025-09-18 20:59:12,467,12,0
C0713,P0130,2026-02-23 07:27:15,277,10,0
C1151,P0009,2026-01-22 20:04:32,291,2,0
C1112,P0062,2026-01-25 20:40:34,23,1,0
C1131,P0055,2026-05-05 06:12:20,416,6,0
C0624,P0123,2025-09-23 18:13:19,502,4,0
C0690,P0065,2025-08-27 11:38:16,384,3,0
C0207,P0180,2025-10-20 16:45:10,398,5,0
C1829,P0015,2026-01-13 11:32:34,347,14,0
C1999,P0120,2026-04-23 07:52:38,393,9,1
C1848,P0121,2025-06-22 15:09:20,324,8,1
C0982,P0180,2025-12-17 01:39:26,372,12,0
C0649,P0138,2025-09-19 13:42:07,500,10,0
C1225,P0062,2025-10-27 11:59:06,350,3,0
C1243,P0060,2025-12-08 16:25:56,554,6,0
C1935,P0047,2026-04-02 05:11:10,506,5,0
C0846,P0053,2025-10-03 11:05:06,454,14,1
C1047,P0044,2025-12-20 09:56:21,562,3,0
C0728,P0084,2025-08-30 01:43:57,51,11,0
C0820,P0024,2025-06-11 10:06:38,93,14,0
C1600,P0119,2026-01-05 12:50:30,182,11,0
C1856,P0156,2025-06-14 02:26:43,346,8,0
C1083,P0133,2026-01-02 22:14:31,442,12,0
C0426,P0200,2025-09-17 11:19:46,385,6,0
C1756,P0185,2025-06-22 04:48:31,563,12,0
C1913,P0153,2026-03-24 03:48:20,106,12,0
C1039,P0105,2025-07-14 15:44:31,55,5,1
C1058,P0124,2025-10-25 15:38:59,593,8,1
C0635,P0070,2026-03-11 08:29:16,234,5,0
C0108,P0108,2026-03-15 08:50:15,245,11,0
C0135,P0090,2025-11-30 21:33:32,595,8,0
C0689,P0042,2025-08-14 19:01:47,411,4,0
C0102,P0105,2026-02-02 23:43:27,532,5,0
C1170,P0148,2026-03-20 16:51:56,6,7,1
C0855,P0094,2025-06-10 15:55:08,195,3,1
C0942,P0111,2026-04-17 19:39:02,181,1,0
C0873,P0022,2025-07-28 19:55:38,481,14,1
C1520,P0173,2026-04-06 08:16:39,394,6,0
C1601,P0021,2025-10-08 07:52:37,264,3,1
C1137,P0030,2025-08-02 18:10:20,24,7,1
C1334,P0126,2025-12-06 16:33:57,413,6,0
C1431,P0180,2026-01-11 08:12:37,198,9,0
C0313,P0079,2026-06-05 02:02:15,184,12,0
C0675,P0014,2025-11-21 10:01:57,250,14,0
C1038,P0099,2026-02-14 18:28:17,37,4,0
C0257,P0034,2025-08-22 18:55:08,23,8,0
C1284,P0164,2025-09-02 12:55:50,593,10,0
C1440,P0137,2026-04-16 09:56:59,363,2,0
C1603,P0116,2025-08-06 15:47:36,408,10,0
C1400,P0190,2026-04-10 18:08:28,282,3,0
C1867,P0176,2026-01-12 12:32:47,396,9,0
C0143,P0032,2025-11-20 23:22:35,185,3,0
C1540,P0030,2026-04-13 23:11:09,273,12,1
C1301,P0041,2025-08-04 09:05:17,279,7,1
C1840,P0086,2025-09-06 16:54:36,67,4,0
C0192,P0037,2026-01-30 09:59:48,35,10,0
C1682,P0107,2025-06-13 12:47:38,280,2,0
C0651,P0086,2025-11-29 04:37:39,560,2,0
C1088,P0122,2026-05-15 18:44:50,571,10,0
C0885,P0129,2026-02-28 18:21:53,260,6,1
C0231,P0137,2026-04-07 16:39:20,459,1,0
C0355,P0112,2025-11-01 08:50:50,489,4,0
C0146,P0191,2026-01-17 10:39:06,37,4,0
C0087,P0075,2025-10-23 22:19:16,269,14,0
C0392,P0133,2026-04-01 03:35:47,592,1,0
C1295,P0089,2026-03-02 17:17:00,470,6,0
C1194,P0128,2025-08-02 14:55:21,178,5,1
C1050,P0061,2026-05-17 21:10:09,515,8,0
C0891,P0067,2026-05-16 23:34:25,410,10,0
C1107,P0108,2026-04-28 05:55:15,371,12,0
C0551,P0123,2025-09-12 13:26:31,296,5,0
C1961,P0118,2025-10-22 00:53:33,195,13,0
C1828,P0152,2025-11-27 14:53:04,237,10,0
C1429,P0146,2026-04-20 23:47:05,275,6,1
C0171,P0159,2025-07-18 03:43:24,32,8,0
C0925,P0149,2025-09-30 08:11:22,509,1,0
C0856,P0186,2025-12-29 22:33:49,448,2,0
C1252,P0031,2025-07-05 22:52:21,307,2,0
C1026,P0106,2025-11-30 15:09:20,199,14,0
C1864,P0052,2025-11-07 11:06:54,254,3,0
C1370,P0092,2025-10-01 13:45:33,258,14,0
C1200,P0125,2026-02-04 21:33:34,402,3,0
C1586,P0093,2026-05-11 19:05:24,411,12,0
C1870,P0078,2026-02-02 10:13:07,24,13,0
C1627,P0188,2026-01-06 23:46:04,359,13,0
C1213,P0056,2025-06-15 20:20:21,6,9,0
C0941,P0168,2025-11-08 22:20:14,372,8,0
C1949,P0195,2026-03-19 16:46:03,584,2,1
C1730,P0084,2026-01-07 00:49:37,441,1,1
C0544,P0061,2026-04-02 05:36:50,133,6,0
C0035,P0051,2025-11-22 13:58:35,203,13,0
C0077,P0113,2026-05-04 21:21:43,530,13,0
C0506,P0131,2025-12-14 17:02:32,242,8,0
C1601,P0176,2026-04-02 19:06:37,142,13,0
C1764,P0142,2026-02-03 22:59:39,359,2,1
C0847,P0073,2025-11-26 10:59:39,563,1,0
C1918,P0052,2026-03-09 08:35:18,150,8,1
C1815,P0140,2025-08-09 00:55:00,25,14,0
C0064,P0072,2025-06-24 06:35:57,166,2,1
C0581,P0159,2026-05-21 12:29:44,229,6,0
C0580,P0198,2025-07-27 03:34:14,388,11,0
C0621,P0072,2025-07-31 15:39:26,107,13,0
C0577,P0134,2026-02-14 14:25:37,203,14,1
C0667,P0079,2026-05-04 12:08:09,486,10,0
C0889,P0087,2025-10-15 01:37:24,487,4,0
C0172,P0101,2025-07-03 03:20:58,21,6,1
C0394,P0054,2026-02-27 03:35:21,502,11,0
C0234,P0134,2025-09-08 22:54:55,252,6,1
C0052,P0015,2026-05-04 13:56:13,328,9,0
C1136,P0184,2025-11-05 18:32:15,11,3,1
C0826,P0192,2025-12-29 15:15:11,369,10,0
C1722,P0031,2025-10-29 03:53:24,110,13,0
C1170,P0119,2025-09-04 00:29:40,119,13,1
C1176,P0057,2025-10-05 17:21:25,386,13,0
C0952,P0054,2025-10-25 23:12:10,137,3,1
C0275,P0183,2025-10-03 17:22:27,81,5,0
C0044,P0038,2026-01-11 16:13:53,322,6,0
C1609,P0168,2025-06-11 02:18:44,158,13,1
C0893,P0005,2025-12-29 12:23:08,225,6,0
C1622,P0177,2025-08-15 02:10:30,224,6,0
C0654,P0175,2025-07-15 05:45:34,207,9,0
C1830,P0192,2025-09-17 07:20:57,499,12,0
C0125,P0070,2026-02-02 20:26:45,69,9,0
C0784,P0015,2026-04-17 20:56:48,230,1,0
C0643,P0195,2025-06-25 22:31:50,297,1,0
C1975,P0125,2025-11-04 05:15:28,170,1,1
C1863,P0103,2025-09-20 16:19:33,279,4,0
C1398,P0158,2026-05-08 02:31:56,367,7,0
C1038,P0013,2025-08-15 18:58:48,344,10,1
C1563,P0089,2026-04-15 05:15:52,45,12,0
C1162,P0006,2025-08-21 00:59:39,246,2,0
C1019,P0180,2025-11-20 21:04:24,522,2,1
C0783,P0145,2025-08-28 01:55:52,160,5,1
C1736,P0010,2025-12-25 03:18:39,142,2,0
C0906,P0156,2025-10-03 15:05:40,412,3,0
C1249,P0068,2026-04-24 05:53:53,188,3,0
C0554,P0140,2026-05-10 09:16:11,138,5,1
C1890,P0042,2025-08-18 23:25:17,546,9,0
C0987,P0170,2026-03-07 08:52:05,294,8,0
C1368,P0145,2026-01-30 00:57:19,417,4,1
C1842,P0076,2026-02-20 00:57:40,461,13,0
C0979,P0046,2025-12-15 08:41:36,50,14,0
C1041,P0066,2026-05-30 18:10:31,364,5,0
C1147,P0182,2026-06-05 10:05:38,116,1,0
C1270,P0091,2025-11-10 16:46:16,395,4,0
C0392,P0072,2026-04-09 07:15:30,219,11,0
C0367,P0082,2025-09-30 13:23:08,80,12,0
C1527,P0178,2026-01-20 17:17:05,483,4,0
C1289,P0008,2025-06-12 15:17:18,114,3,0
C0307,P0200,2025-09-03 20:53:59,230,9,1
C0964,P0031,2025-11-18 20:27:02,103,3,0
C0811,P0029,2026-05-09 08:02:53,270,12,0
C0814,P0030,2025-12-04 01:22:23,354,12,0
C0978,P0032,2025-06-12 22:03:21,461,8,0
C1087,P0154,2025-08-22 07:46:38,391,7,0
C1483,P0074,2025-11-13 03:41:16,273,14,0
C0797,P0166,2025-11-30 08:57:54,350,4,0
C0901,P0148,2025-08-28 08:29:13,82,13,1
C1038,P0136,2026-01-16 13:14:48,308,13,0
C0792,P0079,2026-05-29 20:56:09,422,2,0
C1075,P0003,2025-07-01 20:08:32,388,7,0
C1754,P0058,2026-04-22 23:46:46,493,13,0
C1992,P0113,2025-09-23 14:35:45,315,7,1
C0632,P0080,2025-07-12 16:49:20,46,5,1
C0522,P0057,2026-02-18 20:02:36,157,8,0
C1318,P0086,2025-07-25 19:48:37,117,13,0
C1136,P0175,2026-02-23 11:15:53,306,4,0
C1540,P0194,2026-04-02 05:19:23,225,11,1
C0318,P0124,2026-03-20 06:01:18,217,5,0
C1540,P0065,2026-04-23 19:48:09,322,10,0
C1656,P0130,2025-09-23 21:27:28,141,7,0
C0441,P0045,2026-05-01 04:27:41,558,9,0
C0971,P0089,2025-11-12 11:58:02,232,10,0
C1315,P0166,2026-05-21 06:47:29,71,11,0
C1065,P0099,2025-08-16 03:38:27,310,8,0
C1878,P0200,2025-10-05 21:22:37,595,13,1
C1223,P0147,2025-09-27 20:45:26,492,10,0
C1425,P0193,2026-05-29 05:52:18,481,10,1
C1101,P0056,2026-01-28 07:08:23,116,13,1
C0809,P0170,2025-10-11 17:45:57,522,5,1
C1122,P0073,2026-02-22 00:04:45,234,8,0
C1833,P0009,2025-07-10 13:30:10,12,12,1
C1978,P0104,2025-09-12 04:26:56,199,13,0
C1043,P0098,2025-12-20 14:49:27,53,4,1
C0850,P0158,2025-10-18 05:33:42,70,13,0
C0859,P0059,2025-09-12 11:45:01,312,1,0
C1695,P0015,2025-06-30 08:40:12,125,14,1
C1428,P0005,2026-02-05 05:38:09,572,11,0
C0096,P0114,2025-08-23 21:23:14,433,12,0
C1842,P0002,2026-05-01 09:12:55,216,4,0
C1664,P0077,2026-01-07 17:49:33,28,13,0
C1392,P0176,2025-07-13 22:22:52,433,7,0
C0733,P0186,2025-08-15 08:16:34,552,2,0
C0895,P0105,2026-02-17 22:44:23,278,1,0
C1288,P0186,2025-11-22 12:31:07,531,9,0
C0913,P0023,2026-03-08 03:14:54,202,13,0
C1947,P0165,2026-01-30 07:20:45,309,2,1
C0018,P0064,2025-07-23 01:11:44,334,6,1
C0763,P0172,2025-11-13 05:43:45,21,11,0
C0141,P0052,2025-08-29 00:00:18,448,10,0
C1499,P0064,2026-05-20 10:26:22,249,2,0
C1826,P0095,2025-08-29 18:18:34,165,12,1
C1517,P0076,2025-08-15 15:48:14,535,9,0
C0842,P0145,2025-10-11 14:35:45,54,8,0
C1319,P0169,2026-02-18 16:25:02,16,12,0
C0388,P0036,2025-09-28 19:07:35,254,12,0
C1529,P0098,2025-09-17 06:17:26,341,7,0
C1062,P0044,2025-06-26 22:53:20,183,1,0
C0892,P0026,2025-10-06 01:02:04,168,5,1
C0097,P0001,2025-10-18 15:56:12,313,6,1
C0293,P0002,2025-09-12 01:17:47,253,5,0
C0251,P0123,2026-03-17 13:33:03,329,10,1
C1705,P0179,2026-04-22 11:44:05,505,13,1
C1740,P0069,2026-04-29 10:26:28,70,11,0
C0836,P0059,2025-09-10 15:03:02,502,5,0
C0266,P0141,2025-07-30 00:09:03,240,2,1
C0218,P0015,2025-06-17 14:04:31,445,10,0
C1430,P0089,2025-07-30 01:43:34,593,8,0
C0917,P0150,2025-11-28 13:52:29,114,1,0
C1837,P0091,2025-08-01 11:26:31,418,14,0
C0073,P0173,2025-08-31 10:40:23,551,2,0
C1322,P0133,2026-01-07 20:37:37,287,9,0
C1222,P0190,2026-05-10 17:28:35,36,8,1
C0760,P0103,2026-03-20 02:31:31,345,2,0
C1358,P0143,2026-05-01 17:46:30,414,5,0
C0044,P0032,2025-09-15 04:14:51,32,12,1
C0423,P0160,2025-09-13 14:15:01,211,2,0
C1127,P0070,2026-05-05 10:04:04,236,4,0
C1889,P0168,2026-02-01 14:18:50,551,5,0
C0894,P0099,2025-11-13 19:01:18,243,14,1
C0149,P0111,2026-01-10 11:15:22,412,1,0
C0914,P0140,2025-11-26 12:03:09,264,9,0
C0674,P0092,2026-06-07 06:47:48,178,11,0
C0205,P0159,2026-04-18 05:30:07,512,9,0
C1127,P0024,2025-09-24 07:31:01,69,13,0
C1141,P0153,2025-09-09 09:36:42,160,4,1
C1106,P0006,2025-07-18 01:15:12,71,14,0
C1608,P0095,2025-08-08 18:33:28,330,14,0
C0067,P0176,2025-12-31 03:43:20,482,14,0
C0403,P0192,2026-02-03 06:06:32,333,7,0
C0878,P0178,2025-10-28 10:41:25,67,9,0
C0245,P0007,2025-12-22 22:41:47,397,4,0
C1625,P0177,2025-09-11 13:48:24,208,6,0
C1618,P0021,2025-08-20 22:16:18,132,3,0
C1218,P0184,2026-02-26 23:26:55,251,9,0
C1896,P0068,2025-07-15 05:36:52,164,2,1
C0622,P0157,2026-01-23 01:15:29,70,2,0
C0254,P0027,2025-10-12 16:28:59,64,6,0
C0423,P0044,2026-03-26 13:09:02,40,3,0
C0091,P0045,2026-03-21 09:41:07,221,11,1
C0098,P0200,2026-01-22 02:50:29,535,9,0
C0538,P0028,2025-08-28 08:47:25,580,4,1
C1247,P0080,2025-09-28 08:08:38,567,10,0
C0614,P0176,2025-12-04 22:23:29,526,13,0
C1481,P0167,2026-04-25 08:51:12,104,3,0
C1914,P0147,2026-02-01 01:44:53,580,12,0
C0531,P0076,2026-01-27 04:54:40,322,13,0
C1561,P0089,2025-10-29 12:11:07,515,10,0
C0885,P0039,2025-07-21 14:00:17,393,1,0
C0402,P0107,2026-02-24 20:10:45,115,5,0
C1238,P0050,2026-02-21 16:35:28,510,9,1
C1158,P0050,2026-01-27 21:57:22,375,1,1
C1721,P0030,2025-06-17 07:07:53,184,5,1
C1072,P0087,2025-08-01 13:32:06,23,14,1
C0451,P0130,2026-05-09 02:19:46,60,5,0
C1681,P0092,2026-03-22 14:45:12,86,1,0
C0079,P0150,2025-07-22 01:00:38,287,7,0
C0997,P0160,2025-06-16 19:58:13,320,13,0
C1692,P0156,2026-04-13 04:30:16,472,9,1
C0853,P0086,2026-03-25 10:44:22,121,10,0
C0364,P0075,2026-04-22 06:30:02,470,7,0
C0184,P0192,2025-11-08 10:46:52,170,11,1
C1772,P0058,2026-04-30 04:16:12,276,3,0
C0503,P0027,2026-02-25 02:02:44,567,11,0
C0656,P0087,2025-12-01 02:49:33,255,8,0
C0835,P0130,2025-10-09 23:16:41,362,4,0
C1432,P0093,2026-04-06 11:34:52,499,14,0
C0482,P0082,2025-06-11 20:28:03,82,2,0
C1538,P0065,2025-10-27 11:20:28,294,9,0
C1705,P0023,2026-01-07 21:21:56,176,3,0
C0318,P0140,2025-06-25 09:30:39,197,9,1
C0916,P0118,2026-03-06 10:15:24,10,11,0
C0483,P0132,2025-07-11 09:06:47,97,11,0
C1546,P0051,2025-06-27 09:36:00,298,1,1
C1000,P0136,2026-03-01 15:58:38,253,6,0
C1873,P0083,2025-08-02 14:22:43,421,13,1
C0287,P0021,2025-06-10 10:05:45,391,14,1
C0450,P0035,2026-01-09 23:27:11,173,11,0
C0656,P0184,2026-01-16 04:15:50,49,3,0
C0827,P0178,2025-07-23 01:55:50,272,12,0
C0253,P0140,2026-05-23 09:08:21,293,4,0
C1000,P0177,2026-04-05 15:20:37,25,12,0
C0564,P0182,2025-10-07 09:16:12,427,9,1
C1969,P0123,2025-12-28 18:45:17,218,10,1
C0839,P0135,2025-08-25 01:43:33,44,12,0
C0943,P0136,2025-08-16 04:45:35,186,9,1
C0771,P0182,2026-04-17 13:43:56,537,8,0
C1220,P0191,2025-07-04 14:14:14,532,10,0
C0875,P0093,2025-09-11 03:54:45,137,11,1
C0669,P0079,2026-03-01 19:44:50,74,11,0
C1236,P0034,2025-12-15 22:37:07,64,12,0
C0446,P0002,2026-01-06 11:15:39,340,3,0
C0561,P0078,2026-03-20 03:28:41,476,12,0
C0560,P0096,2025-09-16 20:21:00,169,10,1
C0945,P0109,2025-11-07 07:53:36,180,9,0
C0984,P0100,2026-04-05 21:42:55,33,12,0
C0669,P0058,2025-10-24 09:37:03,283,11,0
C1503,P0007,2026-04-16 05:22:50,309,6,0
C0109,P0068,2025-09-28 12:47:05,210,10,1
C1962,P0187,2026-04-01 04:56:58,486,10,0
C1431,P0073,2025-09-28 08:14:00,513,5,0
C0520,P0053,2025-12-31 08:17:25,402,7,0
C0391,P0137,2025-07-20 06:00:27,502,12,0
C0086,P0046,2026-06-04 01:15:06,190,12,0
C1517,P0142,2026-02-26 00:43:59,525,3,0
C0666,P0130,2025-11-30 03:37:07,85,2,0
C1683,P0039,2025-08-26 09:08:52,273,5,0
C1586,P0023,2025-06-17 13:21:54,382,8,0
C0088,P0157,2025-11-12 03:53:40,115,8,0
C1178,P0057,2025-06-15 21:24:49,160,1,0
C1342,P0047,2025-10-12 23:38:29,242,14,0
C0106,P0187,2025-06-08 21:00:05,386,1,0
C0261,P0031,2025-09-01 03:53:28,297,4,0
C0709,P0139,2025-07-02 08:33:38,559,6,0
C0663,P0040,2026-03-07 21:41:19,579,2,0
C1791,P0087,2025-07-23 00:56:48,218,9,0
C0943,P0104,2026-02-02 21:46:24,162,11,0
C1262,P0047,2025-11-09 02:06:20,525,1,0
C0059,P0102,2026-04-15 01:55:12,255,11,0
C0436,P0146,2026-02-10 10:29:19,356,10,0
C1713,P0032,2026-05-01 10:41:13,249,13,1
C0438,P0100,2026-05-21 17:10:22,104,5,0
C0814,P0159,2025-10-11 23:18:05,169,14,0
C1662,P0046,2026-01-11 18:11:09,125,8,0
C1241,P0061,2025-12-07 06:37:35,183,14,0
C0163,P0081,2026-04-09 00:56:11,174,13,0
C0374,P0196,2026-04-04 14:56:39,207,14,0
C0408,P0194,2026-03-16 03:58:54,431,2,1
C1815,P0061,2026-05-27 09:48:57,483,5,0
C1293,P0199,2025-07-30 20:08:42,267,10,1
C0166,P0180,2026-01-23 14:35:02,432,13,0
C1240,P0028,2025-07-16 09:17:29,111,2,1
C0098,P0112,2025-08-18 17:24:02,486,3,0
C1254,P0001,2025-09-18 09:29:55,47,2,1
C1578,P0095,2025-09-07 00:07:11,192,1,0
C0819,P0144,2026-05-13 01:42:03,510,7,1
C1807,P0125,2025-09-10 17:20:24,91,5,1
C0489,P0145,2025-06-18 13:02:18,349,8,1
C1898,P0006,2025-12-16 19:52:20,35,5,0
C1768,P0040,2025-10-15 16:47:22,418,5,0
C1996,P0135,2025-11-23 16:08:07,529,1,1
C0004,P0178,2026-03-10 20:07:16,263,12,0
C1089,P0027,2026-02-22 06:13:03,367,2,0
C1741,P0017,2025-06-28 04:39:38,204,4,0
C0435,P0017,2025-08-09 23:02:58,294,3,0
C0483,P0152,2025-09-11 15:02:42,150,2,0
C0430,P0176,2026-03-31 12:57:39,549,1,0
C0983,P0089,2025-09-20 09:10:19,415,1,0
C1877,P0059,2025-11-27 11:17:23,245,10,1
C0223,P0153,2025-11-22 02:02:14,472,9,0
C1346,P0119,2026-04-24 09:54:25,116,12,0
C0269,P0114,2026-03-12 19:09:19,256,4,1
C1398,P0142,2025-06-26 10:31:34,454,2,0
C1893,P0025,2025-09-13 09:14:33,372,6,0
C0255,P0012,2025-09-08 16:12:59,130,9,0
C0762,P0031,2026-03-20 14:32:48,338,13,0
C0565,P0112,2025-12-28 14:23:30,559,6,1
C1578,P0124,2026-02-06 13:03:53,460,3,0
C1090,P0144,2025-08-28 10:01:38,599,14,0
C0617,P0144,2025-07-24 05:25:51,291,6,1
C0186,P0028,2026-04-26 03:30:48,520,10,0
C0691,P0018,2026-03-04 16:13:30,418,4,0
C0009,P0164,2025-12-27 04:00:18,33,12,1
C0661,P0064,2025-06-25 09:04:44,454,12,1
C0699,P0110,2026-05-19 02:41:09,231,6,1
C0412,P0183,2026-03-15 14:55:49,360,14,0
C1567,P0161,2025-09-27 12:26:43,448,9,0
C1105,P0046,2026-05-24 19:49:26,53,1,0
C0810,P0151,2026-04-04 13:00:22,287,9,0
C0416,P0088,2025-10-29 14:50:50,125,3,0
C1340,P0079,2025-11-18 05:20:13,548,7,1
C1747,P0071,2025-07-18 14:37:48,201,10,0
C1448,P0112,2025-11-23 01:28:20,52,3,0
C1209,P0111,2025-12-15 13:27:46,169,7,0
C1355,P0074,2026-03-30 10:00:57,125,5,1
C1847,P0041,2025-08-19 00:31:44,172,3,1
C1570,P0062,2026-05-08 08:11:42,431,5,0
C1727,P0010,2026-02-25 12:47:29,124,11,0
C1271,P0104,2025-10-12 13:11:44,225,5,0
C1530,P0058,2025-09-23 13:09:30,464,11,0
C0717,P0086,2025-07-03 02:12:36,108,13,0
C0641,P0038,2025-07-20 19:19:12,367,13,0
C1333,P0052,2025-10-01 17:25:42,5,11,0
C1850,P0128,2026-06-06 10:06:08,218,3,0
C0956,P0044,2025-08-19 19:00:40,522,12,0
C1439,P0008,2025-09-22 04:31:40,9,10,0
C0694,P0112,2025-08-08 02:22:20,277,6,0
C0265,P0078,2026-02-24 10:05:59,225,1,1
C0958,P0091,2026-03-04 20:43:30,29,4,0
C1378,P0161,2025-12-28 03:51:02,519,7,0
C1931,P0112,2025-12-11 18:16:24,563,9,0
C0428,P0187,2026-05-23 16:24:38,566,5,0
C0216,P0157,2025-10-27 02:13:25,384,10,0
C0232,P0067,2025-08-10 01:09:00,262,9,1
C1280,P0147,2026-01-05 18:42:45,428,2,0
C0065,P0190,2025-09-26 07:25:41,177,7,1
C1792,P0116,2025-09-02 10:20:03,565,3,0
C1001,P0069,2026-03-24 22:54:49,392,1,0
C0638,P0181,2025-12-12 05:54:48,217,5,0
C0624,P0159,2025-11-16 09:41:08,143,2,0
C1649,P0143,2025-09-17 13:59:22,513,10,0
C0486,P0181,2026-02-08 04:31:04,547,5,0
C1644,P0028,2025-10-19 07:26:29,18,10,0
C1751,P0016,2026-01-16 04:53:14,29,7,0
C0322,P0038,2025-07-20 18:31:44,107,2,1
C0883,P0040,2025-08-28 01:00:49,239,9,0
C1124,P0144,2026-02-04 19:35:50,86,13,0
C1595,P0091,2025-11-07 14:09:27,399,1,1
C1805,P0030,2025-09-12 16:08:20,201,2,0
C0590,P0141,2026-03-27 12:36:19,587,8,0
C1586,P0199,2025-11-05 00:34:04,376,1,0
C1104,P0031,2026-01-20 03:18:27,576,1,0
C1461,P0127,2026-03-28 11:29:06,421,14,0
C0041,P0019,2026-05-18 06:47:32,473,9,0
C1621,P0089,2025-11-02 01:59:10,46,8,0
C1303,P0033,2026-03-31 01:42:50,280,9,1
C1114,P0104,2025-11-14 17:17:56,528,1,0
C0458,P0196,2025-08-04 17:10:30,403,3,0
C1798,P0091,2025-11-27 21:46:16,585,2,1
C0220,P0163,2026-03-11 13:58:18,383,6,0
C0930,P0191,2025-09-30 10:33:19,150,9,1
C1395,P0154,2026-05-23 14:08:33,238,6,0
C0367,P0061,2025-06-27 16:24:48,367,14,0
C1535,P0095,2026-02-24 11:57:44,220,5,0
C1840,P0200,2026-03-11 22:25:41,547,2,0
C1879,P0135,2025-08-10 10:02:46,87,7,0
C1071,P0136,2025-07-15 15:26:53,389,13,0
C1101,P0003,2025-08-26 18:47:49,403,4,0
C1525,P0127,2025-07-03 04:02:05,196,4,1
C1925,P0090,2025-07-02 13:57:24,349,10,0
C0264,P0012,2025-12-13 20:37:36,575,3,0
C0562,P0151,2026-02-13 18:02:59,300,10,1
C0097,P0127,2025-08-01 05:38:50,91,13,1
C1913,P0146,2025-11-29 23:00:30,115,10,1
C1665,P0166,2025-10-19 03:18:17,301,10,1
C1673,P0023,2025-12-21 08:01:24,338,11,0
C0583,P0159,2025-08-05 09:02:10,542,14,0
C1186,P0174,2026-05-05 02:13:44,73,5,0
C0189,P0166,2025-08-30 19:22:35,577,10,1
C0279,P0174,2025-08-22 13:02:18,546,3,1
C1185,P0131,2025-10-04 12:57:14,457,9,0
C0851,P0170,2025-07-23 12:28:44,61,1,0
C0358,P0188,2025-12-09 08:55:19,306,10,0
C1826,P0101,2025-12-22 03:44:24,101,9,0
C0938,P0029,2025-10-25 18:39:04,510,9,0
C1462,P0123,2025-11-06 02:41:24,77,14,1
C1987,P0143,2026-02-05 04:05:25,520,13,1
C1574,P0020,2025-10-02 09:09:59,539,5,0
C0446,P0111,2026-02-20 02:33:58,140,9,0
C1957,P0045,2025-06-23 15:32:48,37,7,0
C1791,P0022,2025-11-28 22:53:40,137,14,0
C1551,P0021,2026-05-31 07:05:29,130,9,0
C0017,P0056,2025-12-18 09:42:21,566,7,0
C0630,P0122,2025-12-17 05:05:55,64,13,0
C0467,P0116,2026-01-18 02:11:10,395,8,0
C0685,P0187,2025-06-17 07:44:10,502,8,1
C1739,P0105,2026-03-25 20:40:15,453,6,0
C1888,P0168,2025-08-27 20:11:57,185,12,0
C1983,P0130,2025-07-15 17:39:49,153,8,0
C0818,P0111,2025-12-19 22:23:24,504,9,0
C1379,P0148,2025-08-26 07:54:45,215,2,0
C1620,P0030,2026-03-10 17:07:34,581,8,0
C0984,P0175,2026-03-21 08:44:42,226,10,0
C1642,P0172,2026-03-02 18:45:56,593,4,0
C1901,P0145,2025-08-07 13:11:16,516,8,1
C1489,P0050,2025-09-05 03:09:13,107,8,0
C1516,P0046,2026-01-18 06:38:16,272,13,0
C1344,P0008,2026-01-17 12:49:11,453,9,0
C1500,P0130,2026-01-28 15:06:08,594,13,1
C1264,P0002,2026-05-06 00:02:34,394,7,0
C0773,P0131,2025-06-09 02:15:43,398,11,0
C1683,P0014,2026-01-25 06:44:13,153,12,0
C0811,P0028,2026-05-06 07:28:04,153,4,1
C0280,P0182,2025-06-24 05:59:49,170,1,0
C1174,P0083,2026-03-25 14:24:21,49,6,0
C0842,P0189,2026-04-29 05:23:48,65,6,0
C1858,P0033,2026-03-16 03:16:17,303,3,0
C1573,P0175,2026-03-30 07:21:36,499,4,0
C1047,P0164,2026-03-08 09:30:13,428,7,0
C1754,P0089,2026-01-17 07:34:20,213,5,0
C1773,P0132,2025-06-08 22:49:19,410,1,0
C0278,P0078,2025-10-10 10:36:12,332,2,1
C0858,P0109,2025-10-08 19:35:12,340,14,0
C0592,P0038,2026-03-05 17:08:33,232,3,0
C1158,P0196,2025-12-27 05:58:47,394,10,1
C1637,P0169,2026-04-29 19:55:47,591,6,1
C1534,P0083,2026-05-17 00:18:56,431,5,0
C0655,P0056,2025-09-11 14:56:27,365,8,0
C1823,P0185,2025-07-07 22:29:04,183,8,1
C1082,P0073,2025-12-30 02:37:40,219,4,1
C1802,P0191,2025-10-15 08:08:27,77,3,0
C1295,P0098,2025-10-22 22:26:08,238,3,1
C0625,P0063,2026-04-16 20:58:14,376,8,0
C1301,P0162,2025-07-12 14:18:24,149,2,1
C1105,P0066,2025-08-18 21:01:03,439,1,0
C1067,P0057,2025-11-28 08:40:16,297,8,0
C0069,P0056,2026-01-27 07:17:27,208,4,0
C1951,P0055,2026-05-14 03:20:23,554,3,0
C1225,P0015,2025-09-02 05:20:21,81,9,0
C1502,P0053,2025-06-09 10:30:14,444,7,0
C1209,P0055,2025-09-16 23:17:13,312,4,0
C1323,P0040,2025-10-04 18:17:27,234,9,1
C1310,P0138,2026-03-08 18:13:01,482,7,1
C1031,P0164,2025-06-27 16:51:03,423,8,0
C1959,P0164,2025-07-20 07:03:46,280,1,0
C0608,P0059,2025-12-15 21:25:05,94,10,0
C1572,P0171,2026-04-21 01:08:06,359,12,0
C1313,P0100,2025-12-11 11:59:22,466,1,0
C0750,P0173,2026-05-03 10:19:49,305,8,1
C1935,P0095,2026-02-12 21:15:52,533,12,0
C1790,P0022,2026-01-09 01:24:50,515,10,0
C1870,P0140,2025-11-21 21:28:44,118,4,0
C1531,P0110,2026-01-28 07:41:33,401,9,0
C0823,P0082,2025-08-02 18:01:32,115,11,1
C0358,P0003,2025-09-15 07:06:06,408,9,0
C1867,P0184,2025-08-19 10:50:07,469,13,0
C1532,P0123,2025-06-10 02:52:52,501,7,0
C1187,P0187,2025-06-08 13:56:35,43,9,0
C1107,P0195,2026-04-13 22:13:56,550,10,0
C0113,P0169,2026-03-19 16:49:24,234,8,0
C1307,P0149,2026-03-15 12:57:38,291,11,1
C0165,P0194,2026-01-16 21:36:08,186,9,1
C1363,P0170,2025-08-18 06:58:53,516,4,0
C0266,P0187,2026-01-31 03:20:28,44,6,0
C1517,P0167,2026-02-14 16:05:34,395,4,1
C0655,P0176,2026-04-11 20:14:30,333,3,0
C1224,P0199,2026-05-28 15:00:30,200,10,0
C0589,P0019,2025-11-06 11:28:35,66,7,0
C1930,P0025,2025-12-18 03:21:24,231,10,0
C0921,P0120,2025-09-14 08:42:36,247,8,0
C1868,P0070,2026-04-01 18:30:59,256,10,0
C1346,P0120,2026-05-30 15:45:37,413,7,0
C1512,P0087,2025-11-14 07:53:19,244,11,0
C1146,P0164,2025-11-11 08:14:05,565,3,0
C0343,P0007,2026-04-23 06:52:17,593,3,0
C1169,P0160,2026-05-19 01:03:19,125,12,0
C0150,P0141,2025-09-30 07:40:20,385,12,0
C0839,P0001,2025-11-01 01:58:38,248,7,0
C1422,P0111,2025-06-24 04:11:49,580,11,0
C0760,P0186,2025-08-04 10:30:52,301,1,0
C1988,P0115,2025-11-07 22:10:10,5,9,0
C1709,P0088,2026-04-07 13:35:21,486,2,0
C0600,P0079,2026-03-11 19:12:52,469,13,1
C0583,P0137,2025-10-10 09:45:45,171,7,0
C1434,P0001,2026-04-30 01:28:27,69,5,0
C1091,P0177,2025-07-06 20:17:39,54,10,0
C1333,P0091,2025-09-10 14:17:47,119,6,1
C0569,P0086,2025-12-19 21:35:53,534,2,0
C0495,P0013,2026-04-22 06:30:19,84,8,1
C1323,P0200,2025-10-27 12:37:30,206,7,1
C1761,P0159,2026-03-28 15:35:32,489,9,1
C0560,P0018,2026-05-17 05:27:26,482,8,1
C0983,P0011,2025-08-06 20:20:26,450,4,0
C1555,P0100,2026-04-14 17:00:58,120,10,0
C0074,P0024,2025-10-16 14:51:26,273,13,0
C0116,P0174,2026-03-06 11:24:55,168,7,0
C1246,P0126,2026-05-28 21:02:31,180,13,0
C0664,P0182,2026-02-11 08:39:28,379,10,0
C0859,P0085,2026-04-27 18:51:07,387,9,0
C1665,P0195,2025-11-01 23:21:38,522,14,0
C0695,P0038,2025-07-18 04:06:25,120,6,0
C1032,P0078,2025-06-12 08:58:19,408,7,0
C0304,P0184,2025-06-12 18:08:52,92,10,1
C0308,P0178,2026-05-27 09:05:14,168,13,0
C0996,P0144,2025-10-11 23:17:20,339,2,0
C1095,P0175,2026-05-30 10:02:57,343,8,1
C0248,P0193,2026-03-08 02:35:21,423,5,0
C0306,P0012,2025-10-16 10:37:15,208,5,0
C1147,P0058,2026-02-03 19:02:46,451,9,1
C1515,P0177,2026-04-28 15:37:42,132,4,0
C1770,P0054,2026-05-31 20:10:57,51,9,1
C0115,P0160,2026-02-26 15:48:48,227,12,1
C1973,P0160,2025-10-24 20:13:28,100,11,0
C0632,P0101,2025-09-06 02:05:02,36,13,0
C0066,P0179,2025-09-26 19:57:17,447,4,0
C0549,P0102,2025-11-13 16:56:08,53,3,0
C0951,P0168,2025-07-01 23:44:19,267,5,0
C1834,P0088,2025-12-12 08:07:33,180,9,0
C1415,P0011,2025-10-24 11:04:52,205,1,0
C0926,P0041,2026-05-24 14:45:21,7,6,1
C0808,P0051,2025-11-23 18:41:23,548,7,0
C1788,P0199,2026-02-07 00:47:27,113,3,0
C0108,P0152,2025-06-18 20:36:12,556,13,0
C0052,P0112,2025-09-01 15:43:04,299,4,1
C1213,P0076,2025-12-21 07:36:39,69,14,0
C0465,P0002,2025-09-17 10:00:25,335,5,0
C1707,P0040,2025-07-15 02:21:28,93,7,0
C0028,P0080,2026-05-12 17:07:05,67,12,0
C1577,P0029,2026-03-01 02:06:22,473,5,0
C1075,P0112,2025-11-07 10:58:08,305,10,0
C0229,P0150,2025-11-17 03:04:31,142,7,0
C1481,P0089,2026-02-20 23:10:17,498,13,1
C1386,P0174,2026-01-17 15:51:25,217,7,0
C0061,P0108,2025-10-10 02:21:40,65,3,1
C1702,P0012,2025-06-20 12:46:39,220,13,0
C1768,P0112,2025-07-07 06:59:30,582,6,0
C0423,P0167,2025-08-31 21:51:17,375,14,1
C1310,P0105,2026-03-09 14:24:10,547,11,0
C0242,P0153,2025-07-13 04:01:54,502,3,0
C0781,P0191,2026-02-25 00:50:35,388,14,0
C0170,P0182,2026-01-06 20:20:27,327,10,0
C1256,P0184,2025-08-26 10:02:28,363,3,0
C1966,P0143,2025-06-15 06:38:04,36,1,1
C0917,P0065,2026-03-20 12:26:46,31,7,0
C1839,P0012,2025-11-27 14:15:46,70,5,0
C1929,P0148,2025-10-25 15:42:52,370,2,1
C1917,P0063,2026-05-30 21:08:37,332,2,1
C0585,P0071,2026-05-28 13:00:53,546,13,0
C0210,P0016,2026-03-11 19:16:14,137,7,1
C0157,P0047,2025-08-09 06:16:10,386,6,0
C0974,P0185,2025-10-23 15:54:44,599,3,0
C0472,P0060,2025-11-14 01:37:33,458,12,0
C1594,P0003,2026-03-19 23:06:16,166,13,0
C0306,P0002,2026-03-23 21:03:03,275,5,0
C1167,P0188,2025-08-28 00:23:43,539,3,0
C1061,P0107,2025-10-24 23:13:17,301,5,1
C1849,P0097,2025-08-27 08:43:12,285,14,1
C0549,P0040,2025-11-07 01:58:34,192,6,1
C1512,P0098,2026-05-19 17:34:04,23,11,0
C1417,P0069,2026-03-04 21:33:39,265,9,0
C0410,P0147,2025-12-04 04:30:24,488,7,0
C0018,P0184,2025-07-12 12:10:29,409,1,0
C1155,P0025,2025-09-20 19:07:06,12,1,0
C1342,P0135,2025-07-30 11:43:41,523,8,0
C0531,P0145,2025-11-02 17:08:30,371,9,1
C0689,P0011,2025-06-15 09:05:37,557,14,0
C1138,P0180,2025-06-18 21:44:25,200,2,0
C0860,P0075,2026-05-18 21:08:23,327,8,0
C1797,P0116,2026-02-15 14:38:02,169,12,0
C1803,P0044,2026-04-30 00:30:42,474,9,0
C0181,P0077,2025-11-20 16:09:17,378,4,1
C0957,P0067,2025-07-28 11:21:01,529,12,0
C1782,P0011,2025-07-09 06:22:17,248,5,1
C0903,P0017,2025-12-26 12:50:20,308,14,0
C0703,P0192,2025-08-31 15:14:41,101,11,1
C1229,P0193,2026-05-14 06:56:43,422,9,0
C0077,P0128,2025-11-24 11:02:48,553,14,0
C1449,P0173,2025-09-28 19:20:32,489,14,1
C0135,P0142,2026-03-17 05:16:21,258,6,1
C1826,P0101,2025-08-09 03:19:55,488,14,1
C1467,P0070,2026-02-04 17:48:16,583,4,0
C1760,P0001,2025-08-20 14:09:51,294,13,0
C1801,P0063,2026-03-16 19:03:35,464,10,0
C1162,P0178,2025-06-30 09:03:48,48,6,0
C1534,P0176,2026-03-23 03:05:07,266,8,0
C0633,P0152,2025-10-10 20:44:19,217,8,0
C1258,P0095,2025-08-19 16:10:46,365,14,0
C1976,P0140,2025-09-12 04:06:54,587,9,1
C1896,P0089,2025-06-17 09:47:36,468,12,1
C1648,P0196,2025-10-24 01:55:51,417,6,0
C1775,P0150,2026-02-12 14:14:17,131,8,0
C1855,P0141,2026-05-22 14:24:19,406,2,1
C0845,P0190,2025-06-25 17:15:27,143,7,1
C1266,P0117,2025-12-07 01:51:28,218,4,0
C0529,P0179,2025-06-30 11:18:41,228,14,1
C1849,P0093,2026-01-06 16:13:52,138,2,1
C1465,P0132,2025-11-01 06:44:56,369,8,0
C0458,P0119,2025-08-05 06:47:28,211,8,0
C1492,P0114,2025-12-21 17:51:03,447,5,0
C0321,P0093,2025-12-28 03:46:07,412,14,0
C0872,P0099,2025-10-07 00:54:36,229,4,0
C0441,P0073,2025-11-09 12:26:47,405,11,0
C1823,P0064,2026-02-23 11:19:23,564,7,0
C1734,P0158,2026-02-12 07:46:36,523,8,1
C0368,P0106,2025-06-26 18:18:56,102,12,0
C1084,P0052,2026-02-12 02:38:21,497,11,1
C1018,P0140,2025-07-21 12:05:32,332,14,0
C1661,P0157,2026-01-19 19:06:22,167,12,0
C1949,P0031,2026-04-25 09:18:51,337,12,0
C1779,P0061,2025-09-21 07:43:06,421,8,0
C0190,P0121,2025-11-24 18:02:08,319,8,0
C0501,P0177,2025-10-09 01:45:13,219,8,0
