transaction_id,customer_id,product_id,purchase_date,quantity,unit_price,total_amount,payment_method,returned
T00001,C1718,P0141,2025-11-14 19:50:13,1,343.56,343.56,Mobile Money,0
T00002,C1293,P0076,2026-04-03 16:20:27,4,498.15,1992.6,Mobile Money,0
T00003,C1778,P0039,2025-12-02 17:15:11,3,249.43,748.29,Cash on Delivery,0
T00004,C0348,P0110,2025-11-16 04:46:55,3,253.25,759.75,Card,0
T00005,C0792,P0142,2025-07-29 16:13:29,1,323.0,323.0,Cash on Delivery,1
T00006,C1314,P0186,2026-05-11 00:41:22,3,241.47,724.41,Cash on Delivery,0
T00007,C0214,P0179,2026-06-02 07:34:16,4,178.36,713.44,Cash on Delivery,0
T00008,C0200,P0138,2025-10-07 02:46:43,2,309.85,619.7,Mobile Money,0
T00009,C0007,P0149,2025-11-10 21:09:35,1,311.04,311.04,Mobile Money,0
T00010,C0592,P0090,2025-08-31 08:22:57,1,128.98,128.98,Mobile Money,0
T00011,C0389,P0030,2025-07-10 13:01:35,3,11.97,35.91,Cash on Delivery,1
T00012,C1007,P0160,2026-03-25 00:14:46,4,56.05,224.2,Cash on Delivery,0
T00013,C1015,P0150,2026-05-14 16:23:56,4,162.89,651.56,Mobile Money,0
T00014,C1005,P0172,2025-11-14 08:20:48,4,75.78,303.12,Card,0
T00015,C0272,P0037,2025-07-22 11:10:53,2,64.2,128.4,Cash on Delivery,0
T00016,C0319,P0043,2026-04-22 16:56:32,4,128.4,513.6,Mobile Money,1
T00017,C1196,P0015,2025-07-30 08:07:31,4,405.16,1620.64,Mobile Money,0
T00018,C0739,P0137,2026-02-02 07:47:58,1,235.01,235.01,Mobile Money,0
T00019,C1655,P0044,2025-12-30 10:30:50,4,105.52,422.08,Mobile Money,0
T00020,C1994,P0198,2025-08-15 06:30:38,2,118.55,237.1,Mobile Money,0
T00021,C0929,P0112,2026-04-08 09:08:36,3,445.55,1336.65,Mobile Money,0
T00022,C0774,P0080,2025-07-20 06:02:55,4,444.45,1777.8,Card,0
T00023,C0322,P0083,2025-07-18 15:26:00,3,333.43,1000.29,Mobile Money,0
T00024,C0540,P0018,2026-04-08 12:10:05,2,90.82,181.64,Card,0
T00025,C0449,P0068,2025-07-21 16:49:50,1,166.35,166.35,Cash on Delivery,0
T00026,C1965,P0114,2026-03-18 09:41:36,4,22.79,91.16,Cash on Delivery,1
T00027,C1730,P0058,2025-07-12 12:58:25,3,498.88,1496.64,Mobile Money,1
T00028,C0385,P0180,2025-11-19 13:28:23,4,389.69,1558.76,Cash on Delivery,0
T00029,C0986,P0039,2026-03-24 19:32:26,3,249.43,748.29,Mobile Money,1
T00030,C1099,P0106,2026-05-19 12:52:29,1,164.66,164.66,Cash on Delivery,0
T00031,C0142,P0088,2025-11-20 09:40:54,2,361.87,723.74,Card,0
T00032,C1195,P0199,2025-08-04 16:40:51,3,487.33,1461.99,Card,1
T00033,C0228,P0150,2026-06-03 02:24:41,4,162.89,651.56,Cash on Delivery,0
T00034,C0898,P0155,2026-01-24 21:54:27,4,214.62,858.48,Mobile Money,0
T00035,C0878,P0167,2025-09-01 08:23:36,3,279.08,837.24,Cash on Delivery,0
T00036,C1351,P0019,2026-05-06 05:30:41,2,332.95,665.9,Cash on Delivery,0
T00037,C0879,P0195,2026-03-10 13:25:32,3,475.45,1426.35,Mobile Money,0
T00038,C1614,P0133,2025-10-15 03:07:40,4,174.23,696.92,Mobile Money,0
T00039,C0071,P0189,2026-02-13 15:45:03,4,446.12,1784.48,Cash on Delivery,0
T00040,C0558,P0007,2026-02-06 23:03:37,2,95.79,191.58,Cash on Delivery,1
T00041,C0588,P0072,2026-04-22 19:08:28,2,339.47,678.94,Card,0
T00042,C0142,P0074,2025-12-31 05:49:05,3,118.13,354.39,Card,0
T00043,C1630,P0073,2025-08-06 07:28:21,2,462.72,925.44,Card,0
T00044,C0193,P0069,2025-06-09 05:27:37,1,258.49,258.49,Cash on Delivery,0
T00045,C1556,P0185,2025-08-30 02:33:44,2,342.11,684.22,Cash on Delivery,0
T00046,C1219,P0154,2026-04-07 10:02:29,4,402.72,1610.88,Card,0
T00047,C0619,P0198,2025-10-13 03:30:50,2,118.55,237.1,Card,0
T00048,C0779,P0125,2025-12-17 01:48:18,1,96.25,96.25,Card,0
T00049,C0202,P0200,2026-03-02 20:03:28,1,270.37,270.37,Mobile Money,0
T00050,C0302,P0162,2025-09-11 01:57:53,4,448.28,1793.12,Card,0
T00051,C0032,P0112,2025-12-17 13:34:20,1,445.55,445.55,Mobile Money,0
T00052,C1783,P0098,2026-05-15 14:28:52,4,476.77,1907.08,Card,1
T00053,C1565,P0005,2026-03-17 15:04:02,3,15.19,45.57,Mobile Money,0
T00054,C1274,P0048,2026-04-18 03:00:12,4,446.82,1787.28,Mobile Money,1
T00055,C1509,P0016,2025-09-03 16:28:12,1,119.29,119.29,Cash on Delivery,1
T00056,C1204,P0072,2026-05-20 12:43:51,1,339.47,339.47,Card,0
T00057,C0746,P0046,2025-06-27 23:34:44,1,314.06,314.06,Card,1
T00058,C0963,P0023,2026-03-29 04:28:56,2,461.33,922.66,Cash on Delivery,0
T00059,C1269,P0094,2025-07-28 20:18:22,2,118.94,237.88,Cash on Delivery,1
T00060,C0373,P0034,2025-12-18 17:35:39,4,52.23,208.92,Mobile Money,0
T00061,C1474,P0029,2026-05-17 17:30:51,1,387.26,387.26,Cash on Delivery,0
T00062,C0647,P0185,2026-04-27 20:31:47,3,342.11,1026.33,Mobile Money,0
T00063,C0136,P0110,2026-01-27 03:22:29,1,253.25,253.25,Mobile Money,0
T00064,C1398,P0096,2025-11-20 04:12:26,3,497.3,1491.9,Card,0
T00065,C0878,P0018,2026-05-26 20:32:01,2,90.82,181.64,Cash on Delivery,0
T00066,C1897,P0082,2026-03-08 02:50:32,1,292.44,292.44,Card,0
T00067,C1162,P0016,2025-06-27 04:07:58,1,119.29,119.29,Mobile Money,0
T00068,C1068,P0106,2026-03-13 14:55:07,4,164.66,658.64,Cash on Delivery,1
T00069,C1391,P0123,2026-02-11 12:35:52,4,25.33,101.32,Card,0
T00070,C1463,P0117,2025-11-11 05:58:22,2,155.12,310.24,Cash on Delivery,0
T00071,C1600,P0019,2026-02-12 14:53:44,3,332.95,998.85,Cash on Delivery,0
T00072,C0051,P0040,2025-10-08 15:53:50,4,59.89,239.56,Card,1
T00073,C0056,P0137,2025-08-04 03:33:10,2,235.01,470.02,Card,0
T00074,C0428,P0081,2026-01-03 13:16:27,4,85.01,340.04,Cash on Delivery,1
T00075,C1988,P0187,2025-08-19 21:02:19,3,115.68,347.04,Card,0
T00076,C1662,P0070,2026-05-09 15:02:11,4,52.61,210.44,Mobile Money,1
T00077,C0474,P0061,2025-06-12 12:18:19,4,76.72,306.88,Card,0
T00078,C0919,P0121,2025-09-27 19:10:48,1,351.26,351.26,Cash on Delivery,0
T00079,C1681,P0077,2025-10-02 03:02:20,3,450.71,1352.13,Mobile Money,1
T00080,C1718,P0185,2025-10-27 03:28:37,2,342.11,684.22,Mobile Money,0
T00081,C1509,P0180,2025-08-09 12:48:59,2,389.69,779.38,Card,0
T00082,C0141,P0083,2025-10-19 07:19:44,3,333.43,1000.29,Cash on Delivery,0
T00083,C1631,P0078,2025-07-15 13:02:20,4,143.04,572.16,Cash on Delivery,0
T00084,C0110,P0109,2026-02-21 03:16:08,2,434.2,868.4,Mobile Money,0
T00085,C0613,P0052,2026-04-19 06:51:51,3,257.82,773.46,Cash on Delivery,0
T00086,C1994,P0142,2025-06-16 11:40:49,1,323.0,323.0,Card,0
T00087,C0796,P0063,2026-01-13 17:18:56,3,382.0,1146.0,Card,0
T00088,C1564,P0046,2026-05-18 03:10:37,1,314.06,314.06,Cash on Delivery,0
T00089,C1041,P0002,2026-02-16 02:32:28,3,390.95,1172.85,Cash on Delivery,0
T00090,C1412,P0059,2025-08-10 21:42:24,4,253.83,1015.32,Cash on Delivery,1
T00091,C0899,P0077,2026-02-23 02:17:57,2,450.71,901.42,Mobile Money,0
T00092,C1633,P0115,2025-07-24 22:49:55,1,491.01,491.01,Cash on Delivery,0
T00093,C0712,P0105,2025-11-08 16:45:23,4,74.34,297.36,Mobile Money,0
T00094,C1825,P0035,2026-01-06 04:07:56,2,165.97,331.94,Cash on Delivery,0
T00095,C1485,P0076,2026-01-10 17:10:51,2,498.15,996.3,Mobile Money,1
T00096,C1598,P0138,2026-03-28 20:34:03,1,309.85,309.85,Cash on Delivery,0
T00097,C1913,P0043,2026-03-04 10:42:47,1,128.4,128.4,Mobile Money,0
T00098,C0333,P0059,2026-03-01 18:17:58,1,253.83,253.83,Cash on Delivery,1
T00099,C0820,P0188,2025-09-25 18:16:47,3,489.06,1467.18,Mobile Money,0
T00100,C1195,P0023,2025-07-03 09:48:16,2,461.33,922.66,Cash on Delivery,1
T00101,C0299,P0196,2026-04-06 22:54:06,1,57.84,57.84,Mobile Money,0
T00102,C0535,P0135,2026-03-09 01:23:18,4,91.79,367.16,Cash on Delivery,0
T00103,C0031,P0186,2026-02-20 06:19:10,3,241.47,724.41,Cash on Delivery,0
T00104,C1670,P0121,2026-03-16 04:26:26,1,351.26,351.26,Cash on Delivery,0
T00105,C0827,P0115,2026-01-30 18:36:01,1,491.01,491.01,Card,1
T00106,C0984,P0156,2026-01-08 10:30:43,2,495.3,990.6,Card,1
T00107,C1930,P0077,2025-12-26 02:54:52,1,450.71,450.71,Mobile Money,0
T00108,C1453,P0007,2025-11-04 07:27:03,1,95.79,95.79,Cash on Delivery,0
T00109,C0728,P0086,2025-11-13 21:48:10,4,13.95,55.8,Card,1
T00110,C0270,P0116,2025-10-05 17:01:42,2,20.1,40.2,Card,0
T00111,C0855,P0139,2025-09-16 21:09:49,3,134.14,402.42,Card,0
T00112,C1128,P0162,2026-05-14 02:59:31,4,448.28,1793.12,Cash on Delivery,0
T00113,C0300,P0141,2026-01-07 07:53:19,3,343.56,1030.68,Mobile Money,0
T00114,C1808,P0028,2025-07-07 20:50:47,4,86.81,347.24,Card,0
T00115,C0156,P0050,2025-09-14 19:51:14,3,117.83,353.49,Cash on Delivery,0
T00116,C1145,P0068,2025-10-03 12:15:55,4,166.35,665.4,Mobile Money,0
T00117,C1552,P0188,2026-04-20 23:21:05,4,489.06,1956.24,Cash on Delivery,0
T00118,C0561,P0053,2026-05-20 05:57:54,2,347.76,695.52,Card,0
T00119,C1364,P0164,2026-03-09 02:30:20,2,163.06,326.12,Card,0
T00120,C0376,P0154,2025-10-30 04:06:18,4,402.72,1610.88,Mobile Money,0
T00121,C1912,P0090,2026-04-16 23:47:46,2,128.98,257.96,Card,0
T00122,C0977,P0073,2025-10-14 13:32:23,1,462.72,462.72,Mobile Money,0
T00123,C0514,P0177,2026-03-13 23:22:36,2,432.25,864.5,Card,0
T00124,C1543,P0053,2026-06-07 12:17:57,3,347.76,1043.28,Mobile Money,0
T00125,C1438,P0148,2025-07-22 10:09:14,2,54.89,109.78,Card,0
T00126,C1530,P0075,2025-11-08 02:19:31,3,279.82,839.46,Mobile Money,0
T00127,C1474,P0195,2026-02-03 23:06:21,3,475.45,1426.35,Mobile Money,0
T00128,C1871,P0003,2026-03-30 04:39:48,4,82.22,328.88,Card,1
T00129,C0052,P0017,2025-08-16 10:05:35,4,65.41,261.64,Mobile Money,0
T00130,C0133,P0007,2025-09-25 14:38:24,4,95.79,383.16,Cash on Delivery,0
T00131,C1901,P0054,2026-02-20 20:47:15,1,471.74,471.74,Cash on Delivery,0
T00132,C0195,P0016,2026-04-06 19:11:30,1,119.29,119.29,Cash on Delivery,0
T00133,C1072,P0187,2025-07-05 02:36:02,3,115.68,347.04,Card,0
T00134,C0832,P0121,2026-02-14 13:50:51,3,351.26,1053.78,Card,1
T00135,C0041,P0050,2025-10-23 18:48:25,1,117.83,117.83,Card,0
T00136,C0371,P0200,2025-07-21 06:29:30,2,270.37,540.74,Mobile Money,0
T00137,C0657,P0182,2025-06-14 15:12:34,1,248.85,248.85,Mobile Money,0
T00138,C0231,P0101,2026-01-15 05:35:00,2,426.31,852.62,Cash on Delivery,1
T00139,C0479,P0041,2026-05-29 08:56:46,4,20.56,82.24,Mobile Money,0
T00140,C0278,P0163,2025-07-27 22:30:20,4,479.48,1917.92,Card,0
T00141,C1885,P0176,2026-01-03 00:33:26,1,46.99,46.99,Cash on Delivery,1
T00142,C1763,P0010,2025-07-25 21:49:33,2,487.01,974.02,Mobile Money,0
T00143,C0158,P0049,2025-09-30 11:17:34,3,181.37,544.11,Cash on Delivery,0
T00144,C1980,P0019,2025-10-09 01:07:14,3,332.95,998.85,Mobile Money,0
T00145,C1045,P0200,2025-07-30 07:03:06,1,270.37,270.37,Cash on Delivery,0
T00146,C1564,P0026,2026-04-20 15:28:31,1,295.44,295.44,Cash on Delivery,0
T00147,C0808,P0167,2025-09-25 15:12:44,1,279.08,279.08,Cash on Delivery,0
T00148,C1556,P0029,2025-11-26 05:48:34,4,387.26,1549.04,Mobile Money,0
T00149,C1420,P0074,2026-01-16 22:12:48,2,118.13,236.26,Cash on Delivery,0
T00150,C0120,P0120,2025-11-21 11:19:05,1,30.58,30.58,Mobile Money,0
T00151,C1269,P0025,2026-03-22 07:27:47,1,197.4,197.4,Cash on Delivery,0
T00152,C0393,P0004,2025-06-27 01:05:13,4,170.19,680.76,Cash on Delivery,0
T00153,C0794,P0143,2025-12-01 08:54:36,4,320.02,1280.08,Mobile Money,0
T00154,C0220,P0079,2025-08-28 14:09:57,2,449.07,898.14,Card,0
T00155,C1100,P0071,2026-05-01 19:47:04,4,196.43,785.72,Cash on Delivery,0
T00156,C0639,P0099,2025-10-10 19:52:34,4,483.49,1933.96,Cash on Delivery,1
T00157,C0334,P0032,2025-10-14 05:10:36,1,463.52,463.52,Card,0
T00158,C0892,P0013,2026-05-13 11:15:16,4,305.73,1222.92,Mobile Money,0
T00159,C0352,P0172,2026-03-03 02:37:45,1,75.78,75.78,Cash on Delivery,0
T00160,C1424,P0083,2025-10-13 00:47:34,2,333.43,666.86,Cash on Delivery,0
T00161,C1986,P0140,2025-08-02 05:14:39,2,254.05,508.1,Mobile Money,1
T00162,C1117,P0018,2025-09-16 14:28:21,1,90.82,90.82,Mobile Money,0
T00163,C1420,P0024,2026-05-31 20:04:19,2,262.81,525.62,Card,1
T00164,C0477,P0060,2025-07-25 10:16:23,4,175.81,703.24,Card,0
T00165,C1579,P0100,2025-07-14 09:08:30,1,42.3,42.3,Card,0
T00166,C0192,P0055,2025-07-20 23:45:22,4,281.26,1125.04,Card,0
T00167,C1712,P0034,2025-08-12 23:10:04,2,52.23,104.46,Mobile Money,0
T00168,C1182,P0161,2025-06-18 09:02:13,4,250.8,1003.2,Mobile Money,0
T00169,C0858,P0110,2026-02-19 18:42:31,4,253.25,1013.0,Mobile Money,0
T00170,C0327,P0079,2026-04-14 09:11:36,3,449.07,1347.21,Mobile Money,1
T00171,C0919,P0114,2025-10-02 18:21:31,1,22.79,22.79,Card,1
T00172,C1167,P0162,2025-11-15 17:07:53,4,448.28,1793.12,Card,0
T00173,C0401,P0097,2025-10-10 15:03:13,1,457.86,457.86,Cash on Delivery,1
T00174,C0317,P0064,2025-09-13 17:53:38,4,402.55,1610.2,Cash on Delivery,1
T00175,C1388,P0185,2025-12-10 12:07:29,1,342.11,342.11,Cash on Delivery,0
T00176,C0520,P0037,2025-10-25 03:58:47,3,64.2,192.6,Cash on Delivery,0
T00177,C0277,P0078,2026-01-22 18:39:20,4,143.04,572.16,Mobile Money,0
T00178,C0202,P0189,2025-10-14 18:55:08,2,446.12,892.24,Card,0
T00179,C0508,P0094,2025-07-05 04:20:52,2,118.94,237.88,Card,0
T00180,C0669,P0075,2025-07-27 21:11:51,2,279.82,559.64,Cash on Delivery,0
T00181,C0142,P0153,2025-06-11 01:14:46,2,468.64,937.28,Mobile Money,0
T00182,C1718,P0078,2025-12-09 06:09:53,2,143.04,286.08,Mobile Money,0
T00183,C1170,P0195,2025-08-22 21:22:01,2,475.45,950.9,Mobile Money,0
T00184,C0277,P0054,2026-05-23 19:10:51,4,471.74,1886.96,Mobile Money,0
T00185,C0400,P0053,2025-11-02 02:51:21,3,347.76,1043.28,Mobile Money,1
T00186,C1523,P0156,2026-03-23 17:14:18,4,495.3,1981.2,Mobile Money,1
T00187,C0576,P0055,2026-05-20 17:14:59,3,281.26,843.78,Mobile Money,0
T00188,C0239,P0193,2026-02-06 00:01:43,4,315.64,1262.56,Mobile Money,0
T00189,C1044,P0144,2026-01-28 07:30:39,2,197.14,394.28,Cash on Delivery,0
T00190,C1617,P0064,2025-11-27 04:17:10,1,402.55,402.55,Cash on Delivery,0
T00191,C1605,P0197,2026-03-26 05:57:37,2,98.12,196.24,Card,0
T00192,C1741,P0186,2025-08-06 07:56:18,3,241.47,724.41,Mobile Money,1
T00193,C1273,P0164,2025-07-05 02:23:38,2,163.06,326.12,Cash on Delivery,1
T00194,C1045,P0068,2026-05-15 21:18:16,3,166.35,499.05,Cash on Delivery,0
T00195,C0597,P0063,2025-07-02 10:12:46,4,382.0,1528.0,Cash on Delivery,0
T00196,C0111,P0134,2026-04-19 11:56:40,4,25.16,100.64,Cash on Delivery,0
T00197,C0595,P0181,2025-08-08 14:17:14,3,128.12,384.36,Cash on Delivery,0
T00198,C0460,P0102,2025-12-15 10:37:05,2,189.48,378.96,Card,0
T00199,C1404,P0078,2025-12-27 03:04:34,2,143.04,286.08,Mobile Money,0
T00200,C0888,P0140,2025-10-29 02:47:35,4,254.05,1016.2,Mobile Money,1
T00201,C0988,P0015,2025-08-24 15:49:23,3,405.16,1215.48,Card,0
T00202,C0709,P0168,2026-01-09 10:06:36,1,396.83,396.83,Cash on Delivery,1
T00203,C0727,P0197,2025-08-08 08:46:08,2,98.12,196.24,Cash on Delivery,0
T00204,C1185,P0067,2025-11-11 01:32:35,1,97.33,97.33,Cash on Delivery,0
T00205,C0149,P0171,2026-03-10 18:46:22,2,275.23,550.46,Cash on Delivery,0
T00206,C1767,P0084,2025-08-01 09:49:05,1,156.16,156.16,Card,0
T00207,C1245,P0111,2026-02-10 07:58:53,1,40.12,40.12,Mobile Money,0
T00208,C0638,P0136,2026-01-30 20:36:48,4,248.35,993.4,Card,0
T00209,C1498,P0028,2025-10-12 07:03:47,2,86.81,173.62,Card,0
T00210,C1509,P0141,2026-02-08 11:32:23,4,343.56,1374.24,Mobile Money,0
T00211,C1177,P0013,2025-12-28 23:28:19,2,305.73,611.46,Cash on Delivery,1
T00212,C1110,P0190,2025-11-20 17:26:09,3,459.96,1379.88,Card,0
T00213,C1343,P0021,2025-10-02 17:47:17,2,484.94,969.88,Mobile Money,0
T00214,C0964,P0158,2026-05-01 11:03:50,3,465.72,1397.16,Cash on Delivery,0
T00215,C0329,P0111,2026-03-04 18:48:49,4,40.12,160.48,Mobile Money,0
T00216,C1253,P0160,2025-06-15 15:43:40,3,56.05,168.15,Card,0
T00217,C0072,P0152,2025-11-13 08:31:34,3,63.49,190.47,Card,0
T00218,C0360,P0129,2025-06-30 17:42:34,3,467.63,1402.89,Card,0
T00219,C0609,P0028,2025-06-10 22:28:32,3,86.81,260.43,Mobile Money,0
T00220,C0678,P0046,2025-10-22 13:28:25,1,314.06,314.06,Card,0
T00221,C1482,P0102,2025-11-08 04:12:46,3,189.48,568.44,Cash on Delivery,0
T00222,C1816,P0054,2025-09-23 03:05:50,2,471.74,943.48,Cash on Delivery,0
T00223,C1005,P0156,2025-11-29 04:10:38,2,495.3,990.6,Mobile Money,1
T00224,C0356,P0016,2026-05-12 17:03:37,1,119.29,119.29,Cash on Delivery,0
T00225,C1963,P0100,2025-06-26 11:13:34,2,42.3,84.6,Card,0
T00226,C0928,P0087,2026-02-14 08:46:06,2,374.51,749.02,Mobile Money,0
T00227,C1747,P0067,2026-03-04 08:16:19,3,97.33,291.99,Mobile Money,0
T00228,C0965,P0185,2026-01-04 17:54:34,1,342.11,342.11,Mobile Money,0
T00229,C1139,P0177,2025-08-10 17:59:09,1,432.25,432.25,Card,0
T00230,C0499,P0019,2025-11-01 02:28:12,4,332.95,1331.8,Mobile Money,1
T00231,C1167,P0198,2025-07-19 11:00:23,4,118.55,474.2,Card,0
T00232,C1048,P0120,2025-10-22 18:42:59,1,30.58,30.58,Card,0
T00233,C1099,P0027,2026-05-05 08:38:15,1,273.63,273.63,Card,0
T00234,C1065,P0023,2025-08-30 05:35:24,1,461.33,461.33,Card,0
T00235,C0415,P0056,2026-04-23 12:51:09,1,486.03,486.03,Card,0
T00236,C0658,P0193,2025-12-06 22:40:00,2,315.64,631.28,Mobile Money,0
T00237,C1576,P0006,2026-04-20 13:22:40,4,469.58,1878.32,Card,1
T00238,C1066,P0193,2026-02-27 12:01:27,3,315.64,946.92,Mobile Money,0
T00239,C0010,P0196,2026-05-27 04:58:50,4,57.84,231.36,Cash on Delivery,0
T00240,C1605,P0069,2026-03-01 09:48:08,1,258.49,258.49,Cash on Delivery,0
T00241,C1891,P0189,2025-06-23 08:34:26,3,446.12,1338.36,Mobile Money,1
T00242,C1639,P0196,2025-09-07 17:23:03,2,57.84,115.68,Mobile Money,0
T00243,C0264,P0123,2025-12-04 23:34:43,2,25.33,50.66,Cash on Delivery,0
T00244,C0161,P0177,2026-01-10 12:44:47,4,432.25,1729.0,Card,0
T00245,C0311,P0019,2025-06-14 22:31:58,2,332.95,665.9,Mobile Money,0
T00246,C0273,P0139,2025-06-15 06:32:47,3,134.14,402.42,Card,1
T00247,C1923,P0170,2025-10-20 14:45:02,1,277.02,277.02,Mobile Money,0
T00248,C1493,P0086,2025-11-28 05:49:20,3,13.95,41.85,Card,1
T00249,C1793,P0103,2025-09-21 03:26:05,2,349.53,699.06,Card,0
T00250,C1451,P0135,2026-05-25 00:30:09,4,91.79,367.16,Mobile Money,0
T00251,C0567,P0119,2026-01-17 01:04:15,2,482.8,965.6,Card,0
T00252,C0252,P0100,2026-03-15 20:00:22,3,42.3,126.9,Card,0
T00253,C1454,P0021,2026-01-09 03:21:28,3,484.94,1454.82,Card,0
T00254,C0264,P0163,2025-11-26 18:40:50,4,479.48,1917.92,Cash on Delivery,0
T00255,C1424,P0068,2025-06-09 19:39:18,3,166.35,499.05,Card,0
T00256,C1216,P0067,2025-08-13 00:51:12,3,97.33,291.99,Cash on Delivery,0
T00257,C0442,P0002,2025-12-10 00:49:44,1,390.95,390.95,Mobile Money,0
T00258,C1139,P0001,2026-03-26 14:54:49,2,190.4,380.8,Mobile Money,1
T00259,C1221,P0135,2025-08-29 19:10:27,4,91.79,367.16,Card,1
T00260,C0856,P0092,2025-09-04 16:55:47,2,220.03,440.06,Card,0
T00261,C1569,P0160,2025-12-16 02:52:26,1,56.05,56.05,Cash on Delivery,0
T00262,C0929,P0073,2026-06-03 11:48:11,1,462.72,462.72,Card,1
T00263,C0796,P0199,2025-12-12 22:04:13,4,487.33,1949.32,Card,0
T00264,C1760,P0087,2025-10-15 23:29:55,1,374.51,374.51,Mobile Money,0
T00265,C1518,P0044,2026-02-14 21:09:58,4,105.52,422.08,Card,0
T00266,C1806,P0183,2025-09-18 17:44:59,2,287.88,575.76,Mobile Money,0
T00267,C1058,P0103,2025-09-03 16:32:08,4,349.53,1398.12,Cash on Delivery,0
T00268,C0016,P0088,2026-02-18 16:01:59,2,361.87,723.74,Mobile Money,0
T00269,C0767,P0165,2026-05-04 15:02:33,1,243.85,243.85,Card,0
T00270,C1032,P0025,2025-07-25 00:39:51,2,197.4,394.8,Cash on Delivery,0
T00271,C0852,P0112,2026-02-07 03:26:15,2,445.55,891.1,Card,0
T00272,C1200,P0146,2026-02-06 13:35:56,4,196.12,784.48,Cash on Delivery,0
T00273,C0914,P0198,2025-06-13 02:34:18,3,118.55,355.65,Mobile Money,0
T00274,C0018,P0111,2025-08-27 03:41:44,4,40.12,160.48,Card,0
T00275,C1059,P0056,2025-06-18 02:26:33,3,486.03,1458.09,Card,0
T00276,C0794,P0134,2025-11-16 15:12:12,2,25.16,50.32,Cash on Delivery,1
T00277,C1807,P0061,2026-02-22 22:40:27,4,76.72,306.88,Mobile Money,1
T00278,C0908,P0091,2026-03-23 01:47:17,4,199.58,798.32,Card,0
T00279,C0199,P0133,2026-02-03 11:16:19,4,174.23,696.92,Cash on Delivery,0
T00280,C1999,P0086,2025-08-23 12:51:15,3,13.95,41.85,Card,0
T00281,C1571,P0045,2026-03-27 16:09:40,1,148.43,148.43,Cash on Delivery,0
T00282,C1677,P0026,2026-03-30 15:15:54,3,295.44,886.32,Mobile Money,1
T00283,C0450,P0131,2025-12-02 18:28:12,1,366.37,366.37,Cash on Delivery,0
T00284,C0471,P0064,2025-10-02 01:51:40,4,402.55,1610.2,Cash on Delivery,0
T00285,C1926,P0164,2025-10-06 15:52:05,1,163.06,163.06,Cash on Delivery,0
T00286,C0886,P0139,2025-06-12 14:57:46,2,134.14,268.28,Mobile Money,0
T00287,C0835,P0162,2026-01-22 06:57:17,1,448.28,448.28,Card,0
T00288,C0994,P0108,2026-05-31 09:38:22,2,151.77,303.54,Cash on Delivery,0
T00289,C0572,P0086,2026-03-29 12:01:25,1,13.95,13.95,Card,0
T00290,C0325,P0054,2025-08-30 14:25:39,1,471.74,471.74,Card,1
T00291,C0382,P0117,2025-12-31 03:54:10,1,155.12,155.12,Card,0
T00292,C1382,P0077,2026-01-18 18:18:39,2,450.71,901.42,Cash on Delivery,0
T00293,C1518,P0196,2026-06-04 13:30:43,2,57.84,115.68,Card,0
T00294,C1442,P0113,2025-12-07 14:34:02,4,291.54,1166.16,Cash on Delivery,1
T00295,C0871,P0106,2026-05-16 17:45:18,3,164.66,493.98,Card,0
T00296,C1224,P0103,2025-11-30 11:08:56,1,349.53,349.53,Cash on Delivery,0
T00297,C0865,P0160,2025-07-13 06:44:01,3,56.05,168.15,Cash on Delivery,0
T00298,C0398,P0136,2025-08-13 08:37:21,2,248.35,496.7,Mobile Money,1
T00299,C0106,P0136,2025-11-07 11:59:54,3,248.35,745.05,Mobile Money,0
T00300,C1078,P0071,2026-04-21 21:29:38,1,196.43,196.43,Cash on Delivery,0
T00301,C0224,P0021,2025-09-30 21:36:52,3,484.94,1454.82,Cash on Delivery,0
T00302,C1038,P0075,2025-06-27 09:20:04,2,279.82,559.64,Cash on Delivery,0
T00303,C1213,P0002,2025-11-08 07:38:09,2,390.95,781.9,Mobile Money,0
T00304,C1425,P0108,2026-04-10 21:35:20,3,151.77,455.31,Mobile Money,0
T00305,C1328,P0078,2025-11-01 09:00:36,1,143.04,143.04,Mobile Money,1
T00306,C1208,P0091,2025-11-11 15:13:15,4,199.58,798.32,Mobile Money,0
T00307,C0012,P0017,2025-07-27 15:34:06,1,65.41,65.41,Card,0
T00308,C0146,P0166,2026-04-14 00:48:50,3,226.98,680.94,Cash on Delivery,0
T00309,C1573,P0026,2025-10-05 23:56:21,3,295.44,886.32,Mobile Money,0
T00310,C0847,P0070,2025-10-11 01:42:48,1,52.61,52.61,Card,0
T00311,C0765,P0170,2026-04-24 12:29:29,1,277.02,277.02,Cash on Delivery,0
T00312,C1484,P0090,2026-03-09 03:54:49,3,128.98,386.94,Mobile Money,0
T00313,C1166,P0041,2026-01-08 06:45:07,3,20.56,61.68,Card,0
T00314,C1761,P0129,2025-07-08 08:48:57,1,467.63,467.63,Mobile Money,0
T00315,C1077,P0183,2025-07-21 16:45:36,1,287.88,287.88,Cash on Delivery,1
T00316,C1695,P0118,2026-03-13 15:37:46,1,263.51,263.51,Card,0
T00317,C1438,P0190,2026-01-09 19:46:21,4,459.96,1839.84,Card,0
T00318,C1986,P0077,2025-06-29 23:32:14,4,450.71,1802.84,Card,0
T00319,C1891,P0045,2026-02-02 19:05:30,2,148.43,296.86,Mobile Money,0
T00320,C0205,P0173,2026-04-25 17:49:21,3,434.1,1302.3,Mobile Money,0
T00321,C0562,P0068,2026-01-15 20:39:14,3,166.35,499.05,Mobile Money,0
T00322,C1267,P0025,2026-03-08 12:36:38,2,197.4,394.8,Mobile Money,0
T00323,C0164,P0121,2026-05-20 14:16:54,3,351.26,1053.78,Mobile Money,0
T00324,C0551,P0068,2026-01-06 13:13:21,4,166.35,665.4,Cash on Delivery,0
T00325,C1927,P0063,2025-06-11 04:10:05,4,382.0,1528.0,Card,1
T00326,C1722,P0122,2026-06-08 05:24:26,3,488.05,1464.15,Card,0
T00327,C0901,P0059,2025-12-03 13:43:11,4,253.83,1015.32,Card,0
T00328,C1112,P0036,2025-06-20 03:14:08,4,140.99,563.96,Cash on Delivery,0
T00329,C1244,P0025,2025-10-05 05:54:33,1,197.4,197.4,Cash on Delivery,1
T00330,C0954,P0019,2026-05-07 02:09:35,3,332.95,998.85,Mobile Money,0
T00331,C1447,P0066,2025-08-16 02:10:26,4,400.18,1600.72,Cash on Delivery,0
T00332,C0615,P0125,2025-06-10 09:23:02,2,96.25,192.5,Mobile Money,0
T00333,C0387,P0129,2026-04-26 14:05:53,3,467.63,1402.89,Card,0
T00334,C1406,P0127,2025-09-09 06:55:59,1,458.03,458.03,Card,0
T00335,C1291,P0124,2025-07-24 10:04:39,2,222.29,444.58,Card,1
T00336,C1405,P0022,2025-12-30 04:02:14,3,200.6,601.8,Cash on Delivery,0
T00337,C1923,P0057,2025-11-12 02:57:08,1,251.14,251.14,Mobile Money,1
T00338,C0896,P0158,2025-09-11 15:23:28,4,465.72,1862.88,Mobile Money,0
T00339,C1623,P0045,2025-09-18 08:30:42,4,148.43,593.72,Card,0
T00340,C1984,P0118,2025-06-18 21:29:34,4,263.51,1054.04,Mobile Money,1
T00341,C1458,P0182,2025-09-29 18:03:27,4,248.85,995.4,Card,0
T00342,C1695,P0103,2026-03-11 00:52:25,3,349.53,1048.59,Cash on Delivery,0
T00343,C0164,P0029,2025-06-27 11:58:16,3,387.26,1161.78,Card,0
T00344,C1143,P0105,2025-12-28 06:52:12,1,74.34,74.34,Card,0
T00345,C1219,P0085,2025-08-24 03:39:57,3,327.72,983.16,Mobile Money,1
T00346,C1612,P0089,2025-12-30 17:51:02,1,51.37,51.37,Cash on Delivery,0
T00347,C1908,P0139,2025-09-24 22:30:11,4,134.14,536.56,Mobile Money,1
T00348,C1533,P0139,2026-02-10 17:01:51,1,134.14,134.14,Card,0
T00349,C1166,P0154,2026-06-02 16:28:16,1,402.72,402.72,Cash on Delivery,0
T00350,C1930,P0064,2025-12-06 20:33:01,4,402.55,1610.2,Card,0
T00351,C1828,P0031,2026-05-18 07:01:23,3,365.86,1097.58,Mobile Money,0
T00352,C0788,P0010,2025-10-09 05:18:35,2,487.01,974.02,Card,0
T00353,C0062,P0125,2025-10-18 14:57:44,4,96.25,385.0,Mobile Money,0
T00354,C1095,P0079,2026-03-18 19:16:09,1,449.07,449.07,Cash on Delivery,1
T00355,C0140,P0090,2026-01-13 05:30:50,4,128.98,515.92,Cash on Delivery,0
T00356,C1912,P0060,2026-03-22 23:25:52,4,175.81,703.24,Cash on Delivery,0
T00357,C0528,P0078,2025-10-15 04:33:42,2,143.04,286.08,Card,0
T00358,C1491,P0029,2025-06-14 03:34:05,4,387.26,1549.04,Card,0
T00359,C0043,P0119,2025-06-23 01:07:21,3,482.8,1448.4,Card,0
T00360,C1077,P0096,2025-12-16 07:47:09,3,497.3,1491.9,Card,0
T00361,C1256,P0020,2026-01-20 12:55:39,3,107.93,323.79,Mobile Money,0
T00362,C0483,P0008,2025-10-20 02:13:23,2,8.5,17.0,Cash on Delivery,0
T00363,C1257,P0042,2025-11-26 09:13:01,1,283.82,283.82,Card,0
T00364,C1040,P0070,2025-09-29 19:30:54,3,52.61,157.83,Card,0
T00365,C0685,P0069,2025-12-19 05:17:56,1,258.49,258.49,Cash on Delivery,0
T00366,C1798,P0179,2026-04-22 16:10:55,2,178.36,356.72,Cash on Delivery,0
T00367,C1487,P0123,2025-07-02 08:15:52,1,25.33,25.33,Mobile Money,0
T00368,C1703,P0015,2026-02-20 11:39:13,2,405.16,810.32,Cash on Delivery,0
T00369,C1524,P0063,2026-04-27 00:12:54,1,382.0,382.0,Mobile Money,0
T00370,C1264,P0121,2026-06-06 17:49:06,2,351.26,702.52,Card,1
T00371,C0180,P0107,2025-10-20 23:11:50,3,352.73,1058.19,Card,0
T00372,C0934,P0016,2025-08-02 11:04:07,3,119.29,357.87,Card,0
T00373,C0589,P0053,2025-09-23 22:06:34,3,347.76,1043.28,Card,1
T00374,C0174,P0093,2026-02-19 09:27:26,1,290.57,290.57,Cash on Delivery,0
T00375,C1243,P0098,2025-09-01 22:41:40,2,476.77,953.54,Card,1
T00376,C0434,P0143,2026-03-25 19:52:47,3,320.02,960.06,Cash on Delivery,0
T00377,C0259,P0137,2026-02-09 15:29:11,2,235.01,470.02,Cash on Delivery,0
T00378,C0005,P0100,2025-07-26 00:39:51,3,42.3,126.9,Cash on Delivery,0
T00379,C0596,P0062,2026-03-09 17:49:19,4,278.68,1114.72,Card,0
T00380,C0336,P0133,2026-02-13 10:19:00,2,174.23,348.46,Mobile Money,0
T00381,C0044,P0063,2025-10-20 01:12:07,1,382.0,382.0,Card,0
T00382,C1806,P0153,2026-05-01 03:54:36,2,468.64,937.28,Mobile Money,0
T00383,C1180,P0086,2026-05-29 05:13:08,3,13.95,41.85,Mobile Money,0
T00384,C0426,P0019,2025-06-15 17:43:30,2,332.95,665.9,Card,0
T00385,C0214,P0020,2025-07-19 14:42:32,3,107.93,323.79,Cash on Delivery,0
T00386,C0950,P0079,2025-11-21 20:23:13,3,449.07,1347.21,Mobile Money,1
T00387,C0664,P0098,2026-03-04 00:39:41,1,476.77,476.77,Cash on Delivery,0
T00388,C0156,P0198,2026-02-26 01:54:46,1,118.55,118.55,Mobile Money,0
T00389,C0228,P0050,2026-06-02 17:28:13,3,117.83,353.49,Mobile Money,1
T00390,C0522,P0183,2026-03-19 09:08:00,1,287.88,287.88,Mobile Money,0
T00391,C0162,P0149,2025-07-03 22:41:18,2,311.04,622.08,Card,0
T00392,C1131,P0095,2025-07-30 22:05:28,1,17.04,17.04,Card,0
T00393,C0801,P0171,2025-08-17 20:01:44,3,275.23,825.69,Card,1
T00394,C1981,P0186,2026-03-25 19:13:30,2,241.47,482.94,Mobile Money,0
T00395,C1941,P0190,2025-11-17 13:27:19,1,459.96,459.96,Card,0
T00396,C0087,P0062,2025-07-19 15:03:53,4,278.68,1114.72,Cash on Delivery,0
T00397,C1281,P0073,2025-12-08 06:25:57,4,462.72,1850.88,Cash on Delivery,0
T00398,C0438,P0021,2026-01-25 21:03:09,2,484.94,969.88,Mobile Money,0
T00399,C0947,P0004,2026-04-20 19:43:42,1,170.19,170.19,Mobile Money,1
T00400,C0756,P0063,2025-12-16 09:50:06,3,382.0,1146.0,Mobile Money,0
T00401,C1204,P0036,2025-08-20 05:33:30,1,140.99,140.99,Cash on Delivery,1
T00402,C1949,P0174,2025-11-26 08:21:54,1,351.98,351.98,Mobile Money,0
T00403,C1499,P0111,2025-08-04 07:37:28,3,40.12,120.36,Mobile Money,0
T00404,C0400,P0153,2025-08-18 19:12:11,4,468.64,1874.56,Card,1
T00405,C0809,P0100,2026-02-27 08:34:49,1,42.3,42.3,Mobile Money,1
T00406,C1001,P0193,2025-12-21 22:15:05,1,315.64,315.64,Card,0
T00407,C0932,P0148,2026-02-02 05:24:54,1,54.89,54.89,Mobile Money,0
T00408,C1410,P0186,2026-02-20 21:27:34,4,241.47,965.88,Card,0
T00409,C1168,P0157,2025-12-10 11:37:07,1,128.76,128.76,Cash on Delivery,0
T00410,C1854,P0163,2025-10-15 19:59:27,3,479.48,1438.44,Mobile Money,0
T00411,C1489,P0107,2026-03-05 09:53:30,2,352.73,705.46,Mobile Money,0
T00412,C1860,P0132,2025-11-09 14:56:16,1,181.21,181.21,Card,0
T00413,C0673,P0179,2026-02-02 19:58:04,1,178.36,178.36,Cash on Delivery,0
T00414,C1099,P0078,2025-08-15 04:20:22,4,143.04,572.16,Cash on Delivery,0
T00415,C1543,P0025,2025-07-28 21:05:57,4,197.4,789.6,Mobile Money,1
T00416,C0778,P0113,2025-12-26 21:50:50,4,291.54,1166.16,Card,0
T00417,C0223,P0113,2026-02-09 09:57:06,4,291.54,1166.16,Cash on Delivery,0
T00418,C0134,P0018,2026-05-23 21:57:09,1,90.82,90.82,Cash on Delivery,1
T00419,C1676,P0135,2026-05-18 21:10:48,2,91.79,183.58,Card,0
T00420,C0511,P0169,2025-07-07 17:27:06,2,465.81,931.62,Mobile Money,0
T00421,C1561,P0191,2025-10-09 10:12:02,2,484.8,969.6,Mobile Money,0
T00422,C1367,P0181,2026-05-02 12:46:59,1,128.12,128.12,Mobile Money,0
T00423,C0958,P0073,2025-06-30 19:38:33,2,462.72,925.44,Cash on Delivery,0
T00424,C1161,P0194,2026-02-24 19:05:52,2,369.86,739.72,Cash on Delivery,0
T00425,C0473,P0067,2025-11-01 01:10:48,4,97.33,389.32,Mobile Money,0
T00426,C1207,P0093,2026-01-26 08:37:07,4,290.57,1162.28,Cash on Delivery,0
T00427,C0038,P0168,2025-06-16 10:30:22,2,396.83,793.66,Mobile Money,0
T00428,C0452,P0163,2025-09-07 04:07:35,3,479.48,1438.44,Card,0
T00429,C1166,P0187,2026-06-05 07:59:50,2,115.68,231.36,Cash on Delivery,0
T00430,C1735,P0175,2025-07-26 11:58:00,3,446.49,1339.47,Cash on Delivery,0
T00431,C0947,P0200,2026-05-31 21:32:11,2,270.37,540.74,Mobile Money,0
T00432,C0943,P0147,2026-04-16 05:56:46,2,107.31,214.62,Mobile Money,0
T00433,C1062,P0193,2026-04-16 13:52:48,2,315.64,631.28,Mobile Money,0
T00434,C1452,P0141,2026-02-01 04:04:52,2,343.56,687.12,Cash on Delivery,0
T00435,C1950,P0152,2025-06-19 18:59:03,4,63.49,253.96,Cash on Delivery,0
T00436,C1121,P0070,2025-10-19 00:46:08,2,52.61,105.22,Card,0
T00437,C0151,P0108,2026-03-16 10:57:59,3,151.77,455.31,Card,0
T00438,C0878,P0074,2026-02-13 08:44:10,1,118.13,118.13,Card,0
T00439,C1943,P0079,2026-05-10 14:19:30,4,449.07,1796.28,Mobile Money,0
T00440,C0767,P0036,2025-07-25 17:09:29,1,140.99,140.99,Card,1
T00441,C0259,P0129,2025-12-10 12:58:21,4,467.63,1870.52,Card,0
T00442,C0034,P0014,2025-08-25 01:51:16,1,11.57,11.57,Card,0
T00443,C1262,P0070,2025-11-28 10:47:28,1,52.61,52.61,Cash on Delivery,0
T00444,C1640,P0179,2025-10-27 04:44:24,1,178.36,178.36,Cash on Delivery,0
T00445,C1490,P0029,2026-03-27 11:59:31,3,387.26,1161.78,Cash on Delivery,0
T00446,C0847,P0048,2025-09-16 09:20:15,2,446.82,893.64,Card,1
T00447,C1936,P0117,2025-07-06 04:32:15,3,155.12,465.36,Cash on Delivery,0
T00448,C0650,P0185,2026-01-11 04:06:00,1,342.11,342.11,Cash on Delivery,0
T00449,C1859,P0147,2025-06-25 13:46:55,1,107.31,107.31,Cash on Delivery,0
T00450,C1611,P0164,2026-03-14 00:40:45,4,163.06,652.24,Cash on Delivery,0
T00451,C0480,P0161,2026-04-23 13:50:23,4,250.8,1003.2,Card,0
T00452,C0976,P0121,2026-02-24 12:38:14,3,351.26,1053.78,Card,0
T00453,C1926,P0009,2026-02-12 07:07:41,3,307.87,923.61,Card,0
T00454,C1627,P0123,2025-09-29 18:06:59,1,25.33,25.33,Cash on Delivery,0
T00455,C1686,P0125,2026-01-11 11:41:45,4,96.25,385.0,Card,0
T00456,C0485,P0104,2026-03-26 10:03:05,4,108.41,433.64,Cash on Delivery,0
T00457,C1489,P0149,2025-07-27 00:49:43,1,311.04,311.04,Card,0
T00458,C0565,P0184,2025-08-07 06:39:09,1,63.18,63.18,Cash on Delivery,0
T00459,C1810,P0040,2026-02-16 04:02:04,2,59.89,119.78,Mobile Money,0
T00460,C1293,P0175,2026-01-06 02:02:21,4,446.49,1785.96,Cash on Delivery,1
T00461,C0074,P0155,2025-06-14 19:23:12,2,214.62,429.24,Card,0
T00462,C0173,P0096,2025-06-15 05:07:00,1,497.3,497.3,Card,0
T00463,C0155,P0131,2026-02-03 14:59:43,2,366.37,732.74,Cash on Delivery,0
T00464,C0289,P0183,2025-07-06 07:35:44,3,287.88,863.64,Mobile Money,0
T00465,C0174,P0002,2025-11-07 12:08:12,3,390.95,1172.85,Cash on Delivery,1
T00466,C0759,P0074,2025-12-30 22:37:20,3,118.13,354.39,Card,0
T00467,C1927,P0161,2026-05-01 09:33:23,2,250.8,501.6,Card,1
T00468,C0907,P0143,2026-05-03 14:38:55,2,320.02,640.04,Card,0
T00469,C0027,P0128,2026-01-21 21:22:31,2,276.87,553.74,Card,0
T00470,C0202,P0135,2025-09-25 02:22:08,1,91.79,91.79,Mobile Money,0
T00471,C0670,P0021,2025-07-30 10:50:00,3,484.94,1454.82,Cash on Delivery,1
T00472,C0472,P0094,2025-07-28 10:22:25,4,118.94,475.76,Card,0
T00473,C0055,P0083,2026-03-14 06:19:58,3,333.43,1000.29,Cash on Delivery,0
T00474,C1030,P0143,2026-03-03 22:04:18,4,320.02,1280.08,Card,0
T00475,C1074,P0121,2025-06-21 10:26:05,2,351.26,702.52,Mobile Money,0
T00476,C0230,P0112,2026-05-02 21:27:25,2,445.55,891.1,Card,0
T00477,C0461,P0050,2025-11-06 20:05:47,2,117.83,235.66,Cash on Delivery,1
T00478,C1932,P0039,2026-03-17 04:45:23,4,249.43,997.72,Mobile Money,1
T00479,C0428,P0059,2025-08-11 14:47:11,4,253.83,1015.32,Mobile Money,1
T00480,C0498,P0132,2026-01-26 13:35:46,4,181.21,724.84,Cash on Delivery,0
T00481,C1617,P0048,2026-01-12 12:17:25,2,446.82,893.64,Card,0
T00482,C0230,P0049,2025-10-07 04:01:23,3,181.37,544.11,Mobile Money,0
T00483,C0277,P0077,2025-10-08 09:32:48,1,450.71,450.71,Cash on Delivery,0
T00484,C0721,P0105,2026-01-22 08:54:24,4,74.34,297.36,Cash on Delivery,0
T00485,C1275,P0016,2025-07-31 17:14:02,4,119.29,477.16,Cash on Delivery,0
T00486,C1976,P0028,2025-11-20 22:18:21,3,86.81,260.43,Mobile Money,0
T00487,C1390,P0080,2026-03-15 21:03:22,1,444.45,444.45,Card,0
T00488,C1486,P0052,2026-05-26 01:57:44,2,257.82,515.64,Card,0
T00489,C1517,P0166,2025-07-02 08:56:20,4,226.98,907.92,Mobile Money,0
T00490,C1705,P0048,2025-12-22 02:42:19,3,446.82,1340.46,Cash on Delivery,0
T00491,C1979,P0098,2025-10-06 04:32:54,2,476.77,953.54,Card,0
T00492,C0330,P0093,2026-01-10 16:31:50,3,290.57,871.71,Card,0
T00493,C1179,P0084,2025-10-26 10:33:52,2,156.16,312.32,Mobile Money,1
T00494,C0266,P0160,2026-01-24 18:14:05,4,56.05,224.2,Mobile Money,1
T00495,C0186,P0168,2025-07-19 19:41:08,1,396.83,396.83,Cash on Delivery,0
T00496,C0774,P0118,2026-03-11 03:27:08,1,263.51,263.51,Cash on Delivery,0
T00497,C0786,P0167,2025-09-04 04:57:50,3,279.08,837.24,Cash on Delivery,0
T00498,C0735,P0072,2025-12-20 12:02:30,1,339.47,339.47,Mobile Money,0
T00499,C1540,P0042,2026-01-03 11:02:52,1,283.82,283.82,Cash on Delivery,0
T00500,C0936,P0020,2025-11-13 15:58:27,4,107.93,431.72,Mobile Money,0
T00501,C0247,P0193,2025-07-26 05:01:11,4,315.64,1262.56,Mobile Money,0
T00502,C0953,P0044,2026-05-05 13:59:04,3,105.52,316.56,Mobile Money,1
T00503,C0144,P0047,2026-01-18 18:51:16,1,230.98,230.98,Cash on Delivery,0
T00504,C1778,P0183,2025-06-27 08:29:04,3,287.88,863.64,Card,1
T00505,C1808,P0193,2026-02-18 20:39:02,1,315.64,315.64,Card,0
T00506,C0692,P0119,2026-02-15 07:37:36,1,482.8,482.8,Cash on Delivery,0
T00507,C1402,P0117,2025-08-20 07:01:10,2,155.12,310.24,Mobile Money,0
T00508,C0863,P0038,2026-04-24 16:41:43,4,362.26,1449.04,Mobile Money,0
T00509,C0881,P0074,2025-06-21 20:13:09,2,118.13,236.26,Mobile Money,0
T00510,C0966,P0051,2025-10-19 23:42:26,4,179.52,718.08,Mobile Money,0
T00511,C1339,P0092,2026-01-14 17:45:26,4,220.03,880.12,Card,0
T00512,C0524,P0013,2026-01-07 12:21:24,1,305.73,305.73,Cash on Delivery,0
T00513,C1849,P0050,2026-01-30 01:18:11,4,117.83,471.32,Mobile Money,0
T00514,C1655,P0178,2025-08-26 06:46:05,1,473.89,473.89,Card,0
T00515,C1986,P0057,2025-12-23 06:46:12,2,251.14,502.28,Mobile Money,0
T00516,C0191,P0008,2025-09-17 05:02:26,2,8.5,17.0,Mobile Money,0
T00517,C1144,P0137,2025-10-06 16:24:28,4,235.01,940.04,Card,0
T00518,C0755,P0063,2025-07-14 05:49:22,4,382.0,1528.0,Cash on Delivery,0
T00519,C1805,P0131,2025-07-31 13:50:36,1,366.37,366.37,Card,1
T00520,C0052,P0137,2025-09-15 05:32:40,3,235.01,705.03,Card,0
T00521,C1901,P0062,2026-06-06 05:52:52,3,278.68,836.04,Card,0
T00522,C1375,P0008,2026-03-10 02:51:28,3,8.5,25.5,Mobile Money,0
T00523,C0685,P0125,2025-09-26 03:24:57,3,96.25,288.75,Card,0
T00524,C1855,P0053,2025-08-17 06:22:23,1,347.76,347.76,Mobile Money,0
T00525,C1519,P0095,2025-11-14 15:03:50,1,17.04,17.04,Card,0
T00526,C1427,P0057,2026-01-02 23:57:05,2,251.14,502.28,Mobile Money,0
T00527,C0606,P0067,2026-05-13 09:06:10,2,97.33,194.66,Mobile Money,1
T00528,C1629,P0138,2026-04-20 00:21:17,1,309.85,309.85,Mobile Money,0
T00529,C1585,P0146,2025-12-20 07:44:30,4,196.12,784.48,Card,0
T00530,C1291,P0023,2026-03-05 01:01:20,2,461.33,922.66,Cash on Delivery,0
T00531,C1976,P0073,2026-03-09 23:13:47,2,462.72,925.44,Mobile Money,0
T00532,C1079,P0088,2025-08-13 04:35:28,1,361.87,361.87,Card,0
T00533,C1289,P0153,2025-07-12 01:06:14,3,468.64,1405.92,Cash on Delivery,0
T00534,C0113,P0012,2025-07-11 23:21:53,3,491.7,1475.1,Mobile Money,0
T00535,C1032,P0166,2025-07-25 19:50:18,4,226.98,907.92,Card,0
T00536,C0893,P0175,2025-12-10 13:52:55,4,446.49,1785.96,Cash on Delivery,0
T00537,C1033,P0050,2026-02-13 10:55:02,3,117.83,353.49,Cash on Delivery,0
T00538,C0323,P0188,2025-12-19 10:58:21,4,489.06,1956.24,Card,0
T00539,C0622,P0053,2025-12-23 07:54:58,2,347.76,695.52,Cash on Delivery,0
T00540,C0821,P0145,2026-02-16 17:51:11,4,406.55,1626.2,Card,0
T00541,C0575,P0156,2025-06-16 05:18:01,2,495.3,990.6,Mobile Money,0
T00542,C0124,P0143,2025-09-30 19:48:44,3,320.02,960.06,Mobile Money,0
T00543,C0047,P0086,2025-08-22 21:10:28,2,13.95,27.9,Mobile Money,0
T00544,C0944,P0199,2026-01-03 11:58:02,4,487.33,1949.32,Cash on Delivery,1
T00545,C1739,P0020,2026-02-09 05:29:04,1,107.93,107.93,Mobile Money,1
T00546,C0804,P0130,2025-12-26 08:36:52,4,370.26,1481.04,Card,1
T00547,C1287,P0133,2025-07-02 00:09:16,4,174.23,696.92,Card,1
T00548,C1302,P0198,2025-07-09 18:44:59,4,118.55,474.2,Mobile Money,0
T00549,C1469,P0046,2025-10-22 05:27:58,4,314.06,1256.24,Cash on Delivery,0
T00550,C0724,P0110,2025-06-22 04:07:56,2,253.25,506.5,Cash on Delivery,0
T00551,C0803,P0028,2026-04-13 16:35:55,3,86.81,260.43,Mobile Money,1
T00552,C0265,P0129,2025-06-21 13:51:29,1,467.63,467.63,Mobile Money,0
T00553,C1792,P0009,2025-06-14 13:22:21,2,307.87,615.74,Card,0
T00554,C2000,P0191,2025-12-10 17:36:49,2,484.8,969.6,Mobile Money,0
T00555,C1207,P0186,2026-04-09 11:00:20,2,241.47,482.94,Card,0
T00556,C1427,P0141,2026-01-09 06:27:17,1,343.56,343.56,Mobile Money,0
T00557,C1089,P0161,2025-10-28 12:28:32,2,250.8,501.6,Mobile Money,0
T00558,C0555,P0188,2025-07-23 22:29:34,4,489.06,1956.24,Mobile Money,1
T00559,C0797,P0017,2025-06-09 05:43:18,4,65.41,261.64,Mobile Money,1
T00560,C0044,P0183,2025-09-01 03:14:10,3,287.88,863.64,Mobile Money,0
T00561,C1926,P0133,2025-10-15 14:39:40,4,174.23,696.92,Card,0
T00562,C1465,P0007,2026-04-27 03:27:55,2,95.79,191.58,Cash on Delivery,1
T00563,C1582,P0054,2026-04-17 03:19:35,4,471.74,1886.96,Card,1
T00564,C1219,P0138,2025-07-08 03:45:14,4,309.85,1239.4,Cash on Delivery,0
T00565,C1371,P0153,2026-05-26 18:44:00,3,468.64,1405.92,Card,0
T00566,C0672,P0061,2025-10-23 16:44:12,2,76.72,153.44,Cash on Delivery,0
T00567,C1512,P0151,2025-12-22 19:31:57,3,173.61,520.83,Card,0
T00568,C1507,P0037,2025-10-08 02:24:56,3,64.2,192.6,Cash on Delivery,0
T00569,C0344,P0013,2026-03-21 11:09:49,2,305.73,611.46,Mobile Money,0
T00570,C0264,P0193,2026-01-21 23:51:20,4,315.64,1262.56,Cash on Delivery,0
T00571,C0924,P0083,2026-01-07 15:28:50,1,333.43,333.43,Card,1
T00572,C1243,P0078,2026-04-02 14:24:02,4,143.04,572.16,Mobile Money,0
T00573,C1833,P0146,2026-01-20 12:16:07,2,196.12,392.24,Cash on Delivery,0
T00574,C0741,P0198,2025-07-25 17:53:17,1,118.55,118.55,Card,0
T00575,C0310,P0089,2025-10-18 09:01:00,1,51.37,51.37,Mobile Money,0
T00576,C1749,P0164,2025-09-22 01:11:50,1,163.06,163.06,Mobile Money,0
T00577,C1124,P0098,2025-07-31 11:07:34,4,476.77,1907.08,Mobile Money,0
T00578,C1068,P0145,2025-06-29 04:21:28,2,406.55,813.1,Mobile Money,0
T00579,C0910,P0130,2026-03-09 02:46:44,3,370.26,1110.78,Card,0
T00580,C0531,P0169,2026-06-08 03:58:14,2,465.81,931.62,Mobile Money,0
T00581,C1881,P0080,2025-10-10 06:42:47,3,444.45,1333.35,Cash on Delivery,0
T00582,C1008,P0001,2025-10-09 18:02:07,2,190.4,380.8,Cash on Delivery,0
T00583,C1274,P0027,2026-03-02 06:00:09,2,273.63,547.26,Mobile Money,0
T00584,C1299,P0179,2025-12-12 02:55:15,2,178.36,356.72,Mobile Money,0
T00585,C1280,P0141,2025-11-10 19:10:34,4,343.56,1374.24,Cash on Delivery,1
T00586,C0456,P0114,2026-01-17 19:45:35,4,22.79,91.16,Card,0
T00587,C1631,P0184,2026-03-11 14:49:23,2,63.18,126.36,Cash on Delivery,1
T00588,C1979,P0173,2025-07-27 08:15:39,1,434.1,434.1,Card,0
T00589,C0917,P0167,2026-05-10 20:06:31,4,279.08,1116.32,Cash on Delivery,0
T00590,C1081,P0183,2025-10-31 18:22:05,4,287.88,1151.52,Cash on Delivery,0
T00591,C0989,P0102,2025-10-19 23:43:35,1,189.48,189.48,Cash on Delivery,1
T00592,C0561,P0070,2026-02-25 18:43:35,2,52.61,105.22,Mobile Money,0
T00593,C1371,P0172,2025-07-11 19:45:21,3,75.78,227.34,Mobile Money,0
T00594,C0714,P0005,2026-02-02 10:36:20,3,15.19,45.57,Cash on Delivery,0
T00595,C1722,P0179,2025-09-25 08:37:12,1,178.36,178.36,Mobile Money,0
T00596,C1930,P0092,2025-07-06 15:34:12,4,220.03,880.12,Card,0
T00597,C0501,P0178,2025-12-09 06:45:59,3,473.89,1421.67,Mobile Money,0
T00598,C1172,P0165,2025-08-05 21:14:04,4,243.85,975.4,Card,0
T00599,C1402,P0013,2026-01-21 11:34:39,3,305.73,917.19,Card,0
T00600,C1372,P0109,2026-02-24 12:41:09,3,434.2,1302.6,Mobile Money,0
T00601,C0813,P0102,2025-12-06 03:14:39,4,189.48,757.92,Mobile Money,0
T00602,C1209,P0060,2026-02-03 13:55:33,4,175.81,703.24,Cash on Delivery,0
T00603,C1747,P0054,2026-01-27 21:51:32,1,471.74,471.74,Cash on Delivery,0
T00604,C1294,P0037,2025-07-05 15:10:06,1,64.2,64.2,Mobile Money,0
T00605,C1532,P0095,2026-03-15 18:10:32,4,17.04,68.16,Mobile Money,0
T00606,C1747,P0172,2025-07-23 17:01:44,2,75.78,151.56,Mobile Money,0
T00607,C0023,P0042,2025-06-16 23:35:18,1,283.82,283.82,Cash on Delivery,1
T00608,C0496,P0192,2025-09-09 14:05:22,4,112.32,449.28,Mobile Money,0
T00609,C0700,P0132,2026-03-14 14:00:36,1,181.21,181.21,Card,1
T00610,C1469,P0018,2025-08-10 23:41:32,3,90.82,272.46,Card,0
T00611,C0627,P0049,2026-05-17 12:51:27,3,181.37,544.11,Card,0
T00612,C1234,P0039,2025-12-27 11:31:41,1,249.43,249.43,Card,0
T00613,C0565,P0006,2025-09-27 09:24:01,3,469.58,1408.74,Cash on Delivery,0
T00614,C1857,P0025,2025-08-26 18:29:18,3,197.4,592.2,Mobile Money,0
T00615,C0264,P0133,2026-01-21 15:48:45,1,174.23,174.23,Mobile Money,0
T00616,C1579,P0039,2025-08-07 13:13:02,3,249.43,748.29,Cash on Delivery,0
T00617,C1915,P0082,2025-07-07 02:44:44,2,292.44,584.88,Cash on Delivery,0
T00618,C1540,P0133,2025-11-18 09:25:15,3,174.23,522.69,Cash on Delivery,0
T00619,C0897,P0108,2025-07-12 09:11:58,1,151.77,151.77,Mobile Money,0
T00620,C1197,P0094,2026-03-25 08:47:41,4,118.94,475.76,Mobile Money,1
T00621,C0790,P0193,2025-11-28 02:39:24,3,315.64,946.92,Card,0
T00622,C1810,P0200,2026-03-11 04:58:17,4,270.37,1081.48,Mobile Money,1
T00623,C1652,P0153,2025-09-24 09:58:01,4,468.64,1874.56,Cash on Delivery,0
T00624,C0798,P0084,2026-01-02 04:22:51,3,156.16,468.48,Cash on Delivery,0
T00625,C1233,P0080,2026-04-06 02:05:35,2,444.45,888.9,Cash on Delivery,0
T00626,C1595,P0010,2025-08-17 23:30:00,3,487.01,1461.03,Mobile Money,0
T00627,C1915,P0051,2025-12-23 06:15:45,4,179.52,718.08,Card,0
T00628,C1470,P0137,2025-11-26 02:32:42,2,235.01,470.02,Card,0
T00629,C0009,P0081,2025-10-15 13:44:17,1,85.01,85.01,Cash on Delivery,0
T00630,C0807,P0101,2025-08-19 11:52:30,4,426.31,1705.24,Cash on Delivery,0
T00631,C0110,P0136,2026-04-16 15:25:13,1,248.35,248.35,Card,0
T00632,C1397,P0066,2025-07-22 13:47:13,2,400.18,800.36,Mobile Money,0
T00633,C0976,P0152,2026-04-18 08:24:23,4,63.49,253.96,Card,0
T00634,C1439,P0083,2026-02-17 12:32:50,3,333.43,1000.29,Mobile Money,0
T00635,C1350,P0139,2025-09-27 23:47:35,2,134.14,268.28,Mobile Money,0
T00636,C0176,P0160,2025-10-18 01:47:02,3,56.05,168.15,Cash on Delivery,0
T00637,C1091,P0013,2025-12-16 09:51:44,3,305.73,917.19,Cash on Delivery,0
T00638,C1577,P0184,2025-07-05 18:41:35,4,63.18,252.72,Cash on Delivery,0
T00639,C1958,P0184,2025-09-26 10:58:51,3,63.18,189.54,Cash on Delivery,0
T00640,C1826,P0081,2026-02-14 19:15:23,3,85.01,255.03,Cash on Delivery,0
T00641,C1606,P0076,2026-05-20 08:25:39,4,498.15,1992.6,Card,0
T00642,C1307,P0011,2026-03-25 22:40:55,4,393.66,1574.64,Card,0
T00643,C0274,P0048,2025-12-21 01:48:35,4,446.82,1787.28,Mobile Money,0
T00644,C1079,P0027,2026-01-17 18:52:55,2,273.63,547.26,Card,0
T00645,C0277,P0120,2025-12-02 05:57:49,1,30.58,30.58,Cash on Delivery,1
T00646,C1442,P0187,2025-06-20 17:44:10,3,115.68,347.04,Card,0
T00647,C0570,P0120,2025-10-28 23:04:01,1,30.58,30.58,Cash on Delivery,0
T00648,C1170,P0176,2026-04-25 18:05:51,2,46.99,93.98,Mobile Money,0
T00649,C1409,P0003,2026-06-05 13:22:22,4,82.22,328.88,Card,0
T00650,C1878,P0006,2025-06-20 06:45:53,3,469.58,1408.74,Card,0
T00651,C0891,P0115,2025-08-05 23:56:22,3,491.01,1473.03,Card,1
T00652,C0948,P0136,2026-03-15 11:26:31,1,248.35,248.35,Mobile Money,0
T00653,C1621,P0073,2026-03-13 14:17:58,3,462.72,1388.16,Mobile Money,0
T00654,C1156,P0028,2026-04-07 09:43:56,2,86.81,173.62,Card,1
T00655,C1160,P0120,2026-01-20 18:46:01,4,30.58,122.32,Mobile Money,0
T00656,C0529,P0116,2026-04-15 19:02:57,1,20.1,20.1,Card,0
T00657,C1232,P0034,2026-04-09 20:46:20,4,52.23,208.92,Cash on Delivery,0
T00658,C1546,P0162,2025-12-06 05:15:48,3,448.28,1344.84,Card,0
T00659,C0371,P0094,2026-02-28 13:55:58,2,118.94,237.88,Cash on Delivery,0
T00660,C1465,P0153,2025-07-05 06:38:19,3,468.64,1405.92,Card,0
T00661,C1643,P0110,2025-12-07 05:48:00,3,253.25,759.75,Cash on Delivery,0
T00662,C1967,P0105,2026-02-28 20:38:59,3,74.34,223.02,Card,0
T00663,C0259,P0084,2026-05-21 04:04:22,1,156.16,156.16,Cash on Delivery,0
T00664,C0932,P0046,2025-10-26 04:25:14,4,314.06,1256.24,Cash on Delivery,0
T00665,C0418,P0026,2025-10-01 09:50:12,2,295.44,590.88,Cash on Delivery,0
T00666,C0859,P0008,2025-07-16 07:39:16,3,8.5,25.5,Mobile Money,0
T00667,C0626,P0138,2026-02-19 22:28:32,1,309.85,309.85,Card,1
T00668,C1366,P0079,2026-05-10 13:46:58,1,449.07,449.07,Card,1
T00669,C0832,P0045,2025-12-05 07:14:20,2,148.43,296.86,Mobile Money,0
T00670,C0941,P0095,2026-05-15 21:20:13,2,17.04,34.08,Cash on Delivery,0
T00671,C1166,P0095,2026-03-18 09:15:25,2,17.04,34.08,Cash on Delivery,0
T00672,C1892,P0074,2025-12-27 04:31:28,2,118.13,236.26,Card,0
T00673,C1551,P0111,2026-03-20 13:22:13,4,40.12,160.48,Cash on Delivery,0
T00674,C1181,P0014,2025-09-15 12:18:06,3,11.57,34.71,Mobile Money,0
T00675,C0009,P0027,2026-03-28 21:56:01,1,273.63,273.63,Mobile Money,0
T00676,C0186,P0020,2026-01-01 23:51:10,3,107.93,323.79,Mobile Money,0
T00677,C0433,P0079,2026-04-03 04:29:59,4,449.07,1796.28,Cash on Delivery,0
T00678,C0356,P0057,2026-03-16 14:27:23,4,251.14,1004.56,Mobile Money,0
T00679,C0392,P0075,2025-12-26 02:07:50,1,279.82,279.82,Mobile Money,1
T00680,C1518,P0067,2025-11-06 15:03:25,3,97.33,291.99,Cash on Delivery,1
T00681,C0420,P0105,2025-06-28 20:42:23,3,74.34,223.02,Mobile Money,0
T00682,C0779,P0188,2025-06-25 13:21:53,4,489.06,1956.24,Card,0
T00683,C1616,P0051,2025-11-03 15:16:54,2,179.52,359.04,Card,0
T00684,C0017,P0183,2026-01-13 23:01:15,2,287.88,575.76,Card,0
T00685,C1304,P0190,2025-06-20 13:46:12,2,459.96,919.92,Card,1
T00686,C0340,P0145,2025-07-20 02:22:26,4,406.55,1626.2,Cash on Delivery,0
T00687,C1934,P0198,2025-09-12 13:14:56,3,118.55,355.65,Cash on Delivery,0
T00688,C1646,P0011,2025-10-14 04:38:07,4,393.66,1574.64,Cash on Delivery,0
T00689,C0640,P0133,2025-12-14 12:08:31,1,174.23,174.23,Mobile Money,0
T00690,C0823,P0148,2025-10-04 00:11:30,2,54.89,109.78,Card,0
T00691,C0346,P0186,2026-05-02 13:39:36,3,241.47,724.41,Cash on Delivery,0
T00692,C0639,P0097,2025-06-20 11:34:50,1,457.86,457.86,Card,1
T00693,C1495,P0030,2025-12-06 23:19:18,4,11.97,47.88,Card,0
T00694,C0356,P0131,2025-07-25 12:54:12,2,366.37,732.74,Card,0
T00695,C0150,P0176,2026-04-23 08:46:28,3,46.99,140.97,Card,0
T00696,C1565,P0014,2026-01-19 15:26:54,4,11.57,46.28,Card,0
T00697,C1264,P0050,2025-12-31 06:24:50,4,117.83,471.32,Cash on Delivery,0
T00698,C1307,P0138,2026-06-04 15:08:02,3,309.85,929.55,Cash on Delivery,0
T00699,C0668,P0079,2026-05-29 15:11:22,4,449.07,1796.28,Mobile Money,0
T00700,C1016,P0137,2025-09-29 18:47:47,3,235.01,705.03,Cash on Delivery,0
T00701,C0995,P0080,2025-08-03 19:14:57,2,444.45,888.9,Mobile Money,0
T00702,C1800,P0081,2025-06-20 19:29:39,3,85.01,255.03,Cash on Delivery,1
T00703,C0185,P0002,2026-04-06 04:35:24,3,390.95,1172.85,Mobile Money,0
T00704,C0123,P0180,2025-10-26 07:05:49,2,389.69,779.38,Card,1
T00705,C0605,P0121,2025-11-18 08:30:27,4,351.26,1405.04,Card,0
T00706,C1467,P0003,2026-06-07 23:24:55,4,82.22,328.88,Card,1
T00707,C1982,P0002,2025-10-10 08:20:09,3,390.95,1172.85,Card,0
T00708,C1381,P0115,2025-11-28 07:12:56,1,491.01,491.01,Mobile Money,0
T00709,C0657,P0148,2025-11-16 22:17:11,1,54.89,54.89,Mobile Money,0
T00710,C1942,P0074,2025-07-20 21:18:18,1,118.13,118.13,Mobile Money,1
T00711,C0491,P0006,2026-01-12 23:39:36,2,469.58,939.16,Card,0
T00712,C0887,P0031,2026-05-08 20:14:08,2,365.86,731.72,Card,0
T00713,C1215,P0012,2025-08-18 17:21:15,4,491.7,1966.8,Card,0
T00714,C1942,P0144,2026-04-18 05:09:37,1,197.14,197.14,Mobile Money,0
T00715,C1868,P0091,2026-03-27 02:38:51,4,199.58,798.32,Card,0
T00716,C1135,P0018,2026-03-11 02:15:17,1,90.82,90.82,Mobile Money,0
T00717,C0652,P0080,2026-02-09 06:48:35,4,444.45,1777.8,Mobile Money,0
T00718,C1238,P0177,2026-04-24 11:12:46,1,432.25,432.25,Card,0
T00719,C1078,P0191,2025-12-20 02:52:46,2,484.8,969.6,Card,0
T00720,C1819,P0112,2026-05-31 18:49:01,1,445.55,445.55,Mobile Money,0
T00721,C0418,P0078,2026-02-09 16:24:31,1,143.04,143.04,Card,0
T00722,C1468,P0088,2025-09-25 21:39:53,2,361.87,723.74,Mobile Money,0
T00723,C1797,P0054,2025-12-02 16:11:59,3,471.74,1415.22,Card,0
T00724,C1590,P0123,2026-01-05 18:47:37,4,25.33,101.32,Card,0
T00725,C0551,P0164,2025-12-17 15:31:22,1,163.06,163.06,Mobile Money,1
T00726,C1252,P0198,2025-11-27 16:49:12,1,118.55,118.55,Cash on Delivery,1
T00727,C0833,P0132,2025-09-28 13:50:08,2,181.21,362.42,Mobile Money,0
T00728,C1573,P0168,2025-08-30 20:42:57,3,396.83,1190.49,Card,1
T00729,C1439,P0067,2025-10-04 14:51:49,3,97.33,291.99,Mobile Money,0
T00730,C1485,P0125,2025-06-30 22:34:55,3,96.25,288.75,Cash on Delivery,0
T00731,C0691,P0047,2025-10-26 22:37:58,3,230.98,692.94,Card,0
T00732,C1013,P0148,2025-07-30 13:08:57,2,54.89,109.78,Mobile Money,0
T00733,C0300,P0013,2026-03-15 04:42:01,3,305.73,917.19,Card,0
T00734,C0375,P0152,2026-05-12 13:40:42,1,63.49,63.49,Mobile Money,0
T00735,C1771,P0131,2025-08-21 23:47:48,2,366.37,732.74,Mobile Money,0
T00736,C1073,P0138,2025-11-30 19:25:49,1,309.85,309.85,Card,0
T00737,C1229,P0124,2026-03-09 06:23:33,2,222.29,444.58,Cash on Delivery,0
T00738,C1410,P0078,2026-01-23 10:55:58,1,143.04,143.04,Cash on Delivery,0
T00739,C1641,P0194,2026-05-15 02:14:00,3,369.86,1109.58,Mobile Money,0
T00740,C1860,P0120,2025-07-23 17:58:36,3,30.58,91.74,Cash on Delivery,0
T00741,C0536,P0037,2025-12-22 08:33:49,1,64.2,64.2,Card,0
T00742,C1107,P0044,2026-05-17 11:25:11,2,105.52,211.04,Card,0
T00743,C0691,P0041,2026-04-01 22:28:58,2,20.56,41.12,Card,0
T00744,C0718,P0042,2026-04-16 15:23:37,4,283.82,1135.28,Cash on Delivery,0
T00745,C1649,P0040,2025-09-17 20:33:32,4,59.89,239.56,Card,0
T00746,C0108,P0084,2026-02-05 19:34:36,4,156.16,624.64,Cash on Delivery,0
T00747,C1191,P0060,2025-09-06 19:34:23,2,175.81,351.62,Cash on Delivery,0
T00748,C1248,P0005,2026-02-28 02:12:44,2,15.19,30.38,Card,0
T00749,C0526,P0006,2025-09-12 12:31:59,3,469.58,1408.74,Mobile Money,0
T00750,C1230,P0198,2025-09-25 13:29:47,2,118.55,237.1,Card,1
T00751,C1307,P0140,2026-03-27 17:09:33,2,254.05,508.1,Mobile Money,0
T00752,C1548,P0054,2026-04-14 08:54:28,2,471.74,943.48,Mobile Money,1
T00753,C1168,P0136,2025-09-09 15:43:43,2,248.35,496.7,Card,0
T00754,C0136,P0180,2026-01-09 14:11:46,2,389.69,779.38,Cash on Delivery,0
T00755,C0852,P0045,2026-01-02 14:11:11,1,148.43,148.43,Cash on Delivery,1
T00756,C0871,P0147,2025-11-07 05:52:47,1,107.31,107.31,Cash on Delivery,0
T00757,C0635,P0124,2025-10-17 04:06:51,1,222.29,222.29,Mobile Money,0
T00758,C1294,P0116,2025-09-21 15:44:21,1,20.1,20.1,Mobile Money,0
T00759,C0861,P0017,2025-09-02 07:10:40,1,65.41,65.41,Cash on Delivery,0
T00760,C1569,P0063,2025-11-06 05:10:40,2,382.0,764.0,Mobile Money,0
T00761,C0103,P0029,2025-12-24 12:42:47,1,387.26,387.26,Mobile Money,0
T00762,C1678,P0174,2025-11-29 20:50:47,4,351.98,1407.92,Card,0
T00763,C1589,P0133,2026-02-23 19:39:27,1,174.23,174.23,Cash on Delivery,1
T00764,C0882,P0088,2025-08-26 16:55:26,2,361.87,723.74,Mobile Money,0
T00765,C0188,P0095,2026-01-02 09:04:52,2,17.04,34.08,Mobile Money,0
T00766,C1609,P0120,2025-09-03 12:35:10,4,30.58,122.32,Cash on Delivery,0
T00767,C0794,P0156,2026-01-09 20:00:45,2,495.3,990.6,Card,0
T00768,C0392,P0018,2025-10-03 03:05:52,4,90.82,363.28,Mobile Money,0
T00769,C1850,P0146,2026-03-04 10:14:32,4,196.12,784.48,Mobile Money,1
T00770,C1585,P0160,2025-12-01 19:07:36,1,56.05,56.05,Cash on Delivery,0
T00771,C0839,P0176,2026-03-27 20:58:25,2,46.99,93.98,Card,0
T00772,C1313,P0065,2026-04-29 00:58:24,4,318.6,1274.4,Cash on Delivery,0
T00773,C1655,P0050,2026-01-23 12:21:22,4,117.83,471.32,Cash on Delivery,0
T00774,C1524,P0084,2026-05-18 22:46:52,1,156.16,156.16,Cash on Delivery,0
T00775,C1247,P0164,2026-05-22 04:26:29,1,163.06,163.06,Cash on Delivery,0
T00776,C1923,P0102,2026-03-01 12:59:59,4,189.48,757.92,Card,0
T00777,C0535,P0006,2026-04-20 11:35:14,1,469.58,469.58,Card,0
T00778,C1085,P0135,2026-01-13 11:11:14,4,91.79,367.16,Card,1
T00779,C0646,P0100,2025-11-05 18:31:51,1,42.3,42.3,Cash on Delivery,0
T00780,C0557,P0024,2025-12-02 11:28:54,1,262.81,262.81,Cash on Delivery,0
T00781,C0870,P0179,2026-05-31 05:28:52,4,178.36,713.44,Cash on Delivery,0
T00782,C0029,P0173,2026-05-03 03:20:46,3,434.1,1302.3,Mobile Money,1
T00783,C0608,P0101,2025-09-10 03:09:06,1,426.31,426.31,Cash on Delivery,0
T00784,C1315,P0153,2026-02-28 14:48:20,2,468.64,937.28,Cash on Delivery,0
T00785,C0219,P0055,2026-03-03 11:22:24,1,281.26,281.26,Cash on Delivery,0
T00786,C1659,P0173,2025-12-31 19:50:49,4,434.1,1736.4,Mobile Money,0
T00787,C1386,P0012,2026-01-21 04:45:14,4,491.7,1966.8,Mobile Money,0
T00788,C0657,P0090,2025-07-04 04:52:07,3,128.98,386.94,Cash on Delivery,0
T00789,C1641,P0065,2026-01-05 20:08:58,2,318.6,637.2,Cash on Delivery,0
T00790,C0441,P0181,2025-10-11 07:42:51,4,128.12,512.48,Card,1
T00791,C0371,P0105,2026-04-14 15:02:05,2,74.34,148.68,Mobile Money,0
T00792,C0995,P0028,2026-04-27 22:29:28,4,86.81,347.24,Cash on Delivery,0
T00793,C0333,P0016,2025-11-29 21:55:46,1,119.29,119.29,Card,0
T00794,C1312,P0042,2026-05-23 19:38:36,2,283.82,567.64,Card,0
T00795,C0454,P0114,2026-05-05 05:46:04,2,22.79,45.58,Cash on Delivery,0
T00796,C0166,P0114,2026-01-15 17:00:04,2,22.79,45.58,Cash on Delivery,0
T00797,C0205,P0182,2026-03-31 12:13:30,4,248.85,995.4,Mobile Money,0
T00798,C1895,P0110,2025-06-19 07:03:19,1,253.25,253.25,Card,0
T00799,C1420,P0077,2026-01-17 23:55:55,3,450.71,1352.13,Card,0
T00800,C1953,P0053,2026-04-20 13:53:07,3,347.76,1043.28,Mobile Money,0
T00801,C1283,P0156,2026-03-08 05:47:22,1,495.3,495.3,Cash on Delivery,0
T00802,C1832,P0154,2025-10-07 12:47:32,2,402.72,805.44,Card,0
T00803,C0114,P0194,2026-04-15 02:17:35,4,369.86,1479.44,Card,0
T00804,C1322,P0175,2025-06-27 07:23:57,2,446.49,892.98,Mobile Money,0
T00805,C1277,P0162,2025-10-24 08:07:47,2,448.28,896.56,Card,0
T00806,C0357,P0149,2026-04-22 00:44:52,4,311.04,1244.16,Cash on Delivery,0
T00807,C1404,P0172,2025-07-08 12:02:15,3,75.78,227.34,Card,0
T00808,C0752,P0002,2025-06-14 19:56:38,3,390.95,1172.85,Mobile Money,0
T00809,C1122,P0059,2025-07-12 06:10:50,2,253.83,507.66,Mobile Money,0
T00810,C0666,P0016,2025-07-05 03:36:06,4,119.29,477.16,Cash on Delivery,0
T00811,C1644,P0016,2026-05-08 03:47:05,2,119.29,238.58,Card,1
T00812,C1573,P0023,2025-06-24 12:11:58,2,461.33,922.66,Mobile Money,0
T00813,C1189,P0072,2025-10-04 00:22:42,2,339.47,678.94,Mobile Money,0
T00814,C1542,P0116,2025-11-24 18:51:13,2,20.1,40.2,Card,0
T00815,C0806,P0032,2026-01-19 01:30:06,1,463.52,463.52,Mobile Money,1
T00816,C0919,P0145,2025-11-09 18:12:35,1,406.55,406.55,Cash on Delivery,0
T00817,C1201,P0177,2026-04-20 14:22:06,1,432.25,432.25,Cash on Delivery,1
T00818,C0416,P0061,2025-09-01 02:10:52,1,76.72,76.72,Cash on Delivery,0
T00819,C1727,P0127,2025-08-28 17:34:29,2,458.03,916.06,Cash on Delivery,0
T00820,C0085,P0007,2026-03-29 12:30:37,2,95.79,191.58,Card,0
T00821,C1422,P0006,2026-04-14 07:22:15,1,469.58,469.58,Mobile Money,0
T00822,C1417,P0144,2026-01-08 02:06:52,3,197.14,591.42,Card,0
T00823,C1522,P0047,2025-11-19 12:37:08,1,230.98,230.98,Cash on Delivery,0
T00824,C0426,P0094,2026-01-18 10:43:35,2,118.94,237.88,Mobile Money,1
T00825,C0791,P0170,2026-05-17 09:40:59,4,277.02,1108.08,Card,0
T00826,C1859,P0003,2025-06-10 03:14:51,1,82.22,82.22,Cash on Delivery,1
T00827,C1764,P0071,2025-11-18 19:19:42,3,196.43,589.29,Cash on Delivery,0
T00828,C0823,P0177,2025-08-11 11:30:18,3,432.25,1296.75,Cash on Delivery,0
T00829,C0066,P0132,2026-04-18 08:52:41,3,181.21,543.63,Card,0
T00830,C0031,P0101,2026-02-26 07:27:24,4,426.31,1705.24,Card,0
T00831,C1602,P0117,2025-11-21 07:27:22,3,155.12,465.36,Card,0
T00832,C0747,P0159,2025-11-05 09:26:59,3,341.52,1024.56,Mobile Money,1
T00833,C1524,P0022,2026-04-08 09:54:06,2,200.6,401.2,Card,0
T00834,C1619,P0094,2026-02-12 16:19:44,1,118.94,118.94,Card,0
T00835,C1722,P0046,2026-05-31 05:30:16,1,314.06,314.06,Mobile Money,0
T00836,C1270,P0119,2026-05-30 20:42:44,1,482.8,482.8,Cash on Delivery,0
T00837,C1376,P0046,2025-09-07 02:09:30,1,314.06,314.06,Card,1
T00838,C1129,P0153,2025-07-08 17:33:17,1,468.64,468.64,Mobile Money,0
T00839,C1325,P0081,2026-03-15 21:16:57,2,85.01,170.02,Mobile Money,0
T00840,C1254,P0077,2025-10-30 18:43:33,3,450.71,1352.13,Cash on Delivery,0
T00841,C0032,P0167,2025-11-01 14:38:53,2,279.08,558.16,Card,1
T00842,C1128,P0096,2026-05-09 16:39:17,2,497.3,994.6,Mobile Money,0
T00843,C1753,P0056,2025-12-16 00:04:56,2,486.03,972.06,Card,0
T00844,C0690,P0067,2026-01-29 13:52:02,2,97.33,194.66,Cash on Delivery,0
T00845,C1830,P0118,2026-05-20 18:46:49,3,263.51,790.53,Cash on Delivery,0
T00846,C1413,P0131,2026-02-13 00:16:24,4,366.37,1465.48,Card,1
T00847,C0802,P0152,2025-09-04 08:48:25,2,63.49,126.98,Card,0
T00848,C1112,P0039,2025-06-30 07:28:44,4,249.43,997.72,Mobile Money,1
T00849,C0290,P0048,2025-09-23 18:58:55,1,446.82,446.82,Mobile Money,1
T00850,C1810,P0100,2025-10-27 02:54:58,3,42.3,126.9,Cash on Delivery,0
T00851,C0220,P0070,2025-12-14 20:51:46,2,52.61,105.22,Mobile Money,1
T00852,C1897,P0034,2025-12-26 16:02:55,3,52.23,156.69,Card,1
T00853,C0452,P0093,2025-10-28 04:11:35,3,290.57,871.71,Mobile Money,0
T00854,C0089,P0142,2026-01-09 18:25:39,1,323.0,323.0,Mobile Money,0
T00855,C1679,P0103,2025-09-02 22:46:48,4,349.53,1398.12,Card,0
T00856,C0523,P0083,2026-03-05 07:07:17,3,333.43,1000.29,Mobile Money,1
T00857,C1828,P0148,2026-05-16 03:17:40,3,54.89,164.67,Mobile Money,0
T00858,C0442,P0082,2025-10-12 05:54:44,2,292.44,584.88,Card,0
T00859,C1232,P0038,2025-07-19 11:25:31,1,362.26,362.26,Card,0
T00860,C1601,P0001,2025-06-23 12:26:26,4,190.4,761.6,Mobile Money,0
T00861,C0981,P0001,2026-05-19 01:57:43,3,190.4,571.2,Card,0
T00862,C1561,P0125,2026-02-08 21:59:59,4,96.25,385.0,Mobile Money,0
T00863,C1074,P0091,2026-03-04 14:32:41,2,199.58,399.16,Mobile Money,0
T00864,C1777,P0140,2026-06-01 18:42:31,4,254.05,1016.2,Mobile Money,0
T00865,C0712,P0032,2025-08-06 22:36:19,1,463.52,463.52,Card,0
T00866,C1458,P0026,2026-02-16 03:28:54,2,295.44,590.88,Cash on Delivery,1
T00867,C1465,P0061,2025-10-25 07:23:32,1,76.72,76.72,Mobile Money,0
T00868,C1378,P0130,2025-07-25 10:05:57,3,370.26,1110.78,Cash on Delivery,0
T00869,C1687,P0198,2025-08-03 21:33:05,3,118.55,355.65,Cash on Delivery,0
T00870,C1948,P0182,2026-02-19 18:20:29,3,248.85,746.55,Card,0
T00871,C0498,P0147,2025-08-17 16:13:19,4,107.31,429.24,Card,0
T00872,C0651,P0048,2026-01-11 14:48:11,2,446.82,893.64,Cash on Delivery,1
T00873,C0699,P0172,2025-07-08 17:50:00,1,75.78,75.78,Cash on Delivery,0
T00874,C0376,P0128,2025-06-25 06:36:04,3,276.87,830.61,Mobile Money,0
T00875,C0875,P0038,2025-09-12 20:06:29,1,362.26,362.26,Mobile Money,0
T00876,C1444,P0021,2026-02-28 00:05:09,2,484.94,969.88,Card,1
T00877,C1546,P0137,2025-07-15 19:37:02,4,235.01,940.04,Cash on Delivery,0
T00878,C1669,P0187,2025-12-15 17:43:30,2,115.68,231.36,Cash on Delivery,1
T00879,C0592,P0033,2025-07-10 16:38:43,1,432.24,432.24,Card,0
T00880,C1509,P0191,2025-07-12 21:40:01,1,484.8,484.8,Mobile Money,0
T00881,C0733,P0029,2025-11-05 21:35:52,2,387.26,774.52,Mobile Money,0
T00882,C0160,P0134,2026-05-06 08:31:27,1,25.16,25.16,Cash on Delivery,0
T00883,C1071,P0124,2026-04-25 06:09:27,2,222.29,444.58,Card,0
T00884,C0696,P0159,2025-09-28 14:54:18,2,341.52,683.04,Card,0
T00885,C0732,P0011,2025-12-14 22:12:33,2,393.66,787.32,Cash on Delivery,0
T00886,C1977,P0155,2026-03-17 19:31:40,3,214.62,643.86,Mobile Money,0
T00887,C1723,P0109,2025-09-27 01:04:43,3,434.2,1302.6,Cash on Delivery,0
T00888,C0899,P0062,2025-08-15 02:24:56,4,278.68,1114.72,Card,0
T00889,C0812,P0144,2026-04-20 20:06:16,3,197.14,591.42,Card,0
T00890,C1310,P0093,2025-10-30 00:48:38,3,290.57,871.71,Card,1
T00891,C1985,P0168,2025-11-23 18:01:54,3,396.83,1190.49,Card,0
T00892,C1535,P0029,2026-03-18 22:36:20,1,387.26,387.26,Mobile Money,1
T00893,C1390,P0030,2025-07-12 14:20:17,4,11.97,47.88,Mobile Money,1
T00894,C0475,P0032,2025-06-25 06:26:29,2,463.52,927.04,Mobile Money,0
T00895,C0435,P0051,2026-02-21 04:51:29,4,179.52,718.08,Card,0
T00896,C0055,P0036,2025-08-16 21:42:59,2,140.99,281.98,Cash on Delivery,0
T00897,C0752,P0163,2025-11-10 02:02:20,4,479.48,1917.92,Card,1
T00898,C1113,P0056,2025-12-23 08:46:17,4,486.03,1944.12,Card,0
T00899,C1901,P0189,2025-11-12 17:56:09,2,446.12,892.24,Card,0
T00900,C1264,P0087,2025-12-13 23:16:55,1,374.51,374.51,Mobile Money,0
T00901,C1081,P0064,2026-01-26 14:25:41,4,402.55,1610.2,Cash on Delivery,0
T00902,C1094,P0113,2026-05-18 19:18:52,3,291.54,874.62,Card,0
T00903,C1727,P0180,2026-04-04 20:48:44,4,389.69,1558.76,Card,1
T00904,C0276,P0196,2025-08-25 00:56:08,4,57.84,231.36,Card,0
T00905,C0090,P0054,2026-05-31 23:21:52,1,471.74,471.74,Cash on Delivery,0
T00906,C1459,P0138,2026-02-14 12:41:00,3,309.85,929.55,Cash on Delivery,1
T00907,C1293,P0113,2025-11-03 15:43:20,4,291.54,1166.16,Card,0
T00908,C0366,P0157,2025-06-29 12:45:37,2,128.76,257.52,Card,0
T00909,C1323,P0091,2025-12-16 17:06:28,3,199.58,598.74,Card,0
T00910,C0487,P0138,2026-02-07 23:12:52,3,309.85,929.55,Card,0
T00911,C1761,P0074,2026-02-17 11:47:02,4,118.13,472.52,Cash on Delivery,0
T00912,C0621,P0014,2026-04-01 11:16:11,3,11.57,34.71,Mobile Money,0
T00913,C1429,P0162,2025-12-15 06:50:58,1,448.28,448.28,Card,0
T00914,C0570,P0096,2026-01-06 19:23:02,3,497.3,1491.9,Card,0
T00915,C0806,P0136,2026-05-27 13:29:08,4,248.35,993.4,Cash on Delivery,1
T00916,C1694,P0154,2025-09-27 08:29:09,4,402.72,1610.88,Card,0
T00917,C1312,P0009,2026-03-27 18:26:26,1,307.87,307.87,Cash on Delivery,0
T00918,C0162,P0011,2025-11-26 08:54:12,2,393.66,787.32,Cash on Delivery,0
T00919,C0659,P0105,2025-07-14 11:47:18,2,74.34,148.68,Card,0
T00920,C1573,P0182,2026-04-28 23:31:40,2,248.85,497.7,Cash on Delivery,0
T00921,C0004,P0082,2025-06-09 13:39:46,4,292.44,1169.76,Cash on Delivery,0
T00922,C1075,P0043,2025-06-16 10:37:41,3,128.4,385.2,Card,0
T00923,C1997,P0005,2026-01-13 02:31:35,2,15.19,30.38,Cash on Delivery,0
T00924,C0568,P0087,2025-06-10 13:04:07,2,374.51,749.02,Card,0
T00925,C1012,P0110,2025-06-13 07:45:25,4,253.25,1013.0,Mobile Money,0
T00926,C1167,P0096,2026-02-14 05:02:46,4,497.3,1989.2,Mobile Money,0
T00927,C1675,P0090,2025-12-01 12:43:06,2,128.98,257.96,Mobile Money,0
T00928,C1218,P0073,2025-12-27 12:56:45,3,462.72,1388.16,Card,0
T00929,C0314,P0155,2025-07-13 00:52:58,2,214.62,429.24,Cash on Delivery,0
T00930,C1789,P0200,2025-06-30 20:44:57,4,270.37,1081.48,Mobile Money,0
T00931,C1096,P0021,2025-11-02 14:22:44,1,484.94,484.94,Cash on Delivery,0
T00932,C0698,P0129,2025-07-01 13:27:20,2,467.63,935.26,Cash on Delivery,0
T00933,C1244,P0013,2026-01-26 02:26:49,1,305.73,305.73,Mobile Money,1
T00934,C0983,P0006,2025-12-25 18:39:07,3,469.58,1408.74,Cash on Delivery,0
T00935,C1978,P0112,2025-08-11 04:38:58,4,445.55,1782.2,Cash on Delivery,0
T00936,C0012,P0017,2025-08-20 10:54:42,1,65.41,65.41,Card,1
T00937,C0692,P0086,2026-01-06 13:25:45,3,13.95,41.85,Cash on Delivery,0
T00938,C1526,P0122,2026-02-11 03:49:58,4,488.05,1952.2,Mobile Money,0
T00939,C0201,P0070,2025-07-31 01:13:55,4,52.61,210.44,Mobile Money,1
T00940,C0629,P0052,2026-02-08 10:55:05,1,257.82,257.82,Card,0
T00941,C1288,P0003,2025-08-09 08:00:50,2,82.22,164.44,Card,1
T00942,C0937,P0138,2026-03-14 06:05:29,3,309.85,929.55,Card,0
T00943,C0555,P0064,2026-05-18 00:07:10,2,402.55,805.1,Cash on Delivery,0
T00944,C1294,P0125,2026-04-10 14:55:39,1,96.25,96.25,Mobile Money,0
T00945,C0480,P0091,2026-01-12 14:06:53,1,199.58,199.58,Mobile Money,0
T00946,C0115,P0132,2025-08-02 05:28:56,2,181.21,362.42,Mobile Money,0
T00947,C0331,P0001,2025-07-01 19:47:23,4,190.4,761.6,Mobile Money,1
T00948,C0955,P0065,2026-01-01 18:57:53,2,318.6,637.2,Cash on Delivery,0
T00949,C0391,P0125,2025-06-21 20:20:22,4,96.25,385.0,Mobile Money,0
T00950,C0328,P0066,2026-05-29 02:09:30,3,400.18,1200.54,Cash on Delivery,0
T00951,C1839,P0116,2026-04-16 00:51:19,1,20.1,20.1,Mobile Money,1
T00952,C1021,P0090,2025-11-21 18:50:34,4,128.98,515.92,Cash on Delivery,1
T00953,C1059,P0042,2025-06-13 08:07:42,3,283.82,851.46,Cash on Delivery,1
T00954,C0124,P0041,2025-07-20 00:09:43,1,20.56,20.56,Cash on Delivery,1
T00955,C1480,P0057,2026-03-24 01:16:04,2,251.14,502.28,Card,0
T00956,C1516,P0096,2025-10-28 10:41:44,4,497.3,1989.2,Mobile Money,0
T00957,C1668,P0063,2026-01-23 17:38:41,3,382.0,1146.0,Cash on Delivery,0
T00958,C1574,P0176,2026-05-18 10:45:35,4,46.99,187.96,Mobile Money,1
T00959,C1749,P0087,2025-10-06 19:22:52,1,374.51,374.51,Cash on Delivery,1
T00960,C1905,P0120,2026-05-31 22:39:07,2,30.58,61.16,Cash on Delivery,0
T00961,C1741,P0024,2026-03-19 07:31:29,2,262.81,525.62,Mobile Money,0
T00962,C0738,P0145,2025-12-05 10:11:22,2,406.55,813.1,Mobile Money,0
T00963,C0003,P0026,2025-12-05 17:30:51,4,295.44,1181.76,Cash on Delivery,1
T00964,C1026,P0002,2026-05-16 20:39:21,4,390.95,1563.8,Card,0
T00965,C0004,P0150,2026-02-11 04:59:07,3,162.89,488.67,Mobile Money,0
T00966,C0468,P0038,2025-12-17 03:36:20,3,362.26,1086.78,Cash on Delivery,0
T00967,C0308,P0070,2026-03-30 14:36:50,1,52.61,52.61,Mobile Money,0
T00968,C0922,P0031,2025-09-05 13:46:23,2,365.86,731.72,Card,0
T00969,C0924,P0036,2026-02-19 05:54:56,2,140.99,281.98,Cash on Delivery,0
T00970,C0586,P0133,2025-08-14 03:55:58,3,174.23,522.69,Mobile Money,0
T00971,C1721,P0018,2026-01-21 01:21:01,3,90.82,272.46,Cash on Delivery,0
T00972,C0293,P0097,2026-05-02 03:50:08,1,457.86,457.86,Cash on Delivery,0
T00973,C0214,P0104,2026-02-01 06:56:14,2,108.41,216.82,Cash on Delivery,0
T00974,C1039,P0150,2025-10-27 07:51:26,4,162.89,651.56,Cash on Delivery,0
T00975,C0765,P0017,2025-12-29 10:43:06,3,65.41,196.23,Card,0
T00976,C0634,P0045,2026-03-04 06:10:27,3,148.43,445.29,Cash on Delivery,1
T00977,C1750,P0156,2026-01-15 09:44:11,3,495.3,1485.9,Cash on Delivery,0
T00978,C0721,P0149,2025-12-31 03:50:20,2,311.04,622.08,Card,0
T00979,C1425,P0197,2026-04-08 13:50:51,2,98.12,196.24,Cash on Delivery,1
T00980,C1927,P0196,2025-06-12 19:52:51,2,57.84,115.68,Card,0
T00981,C0552,P0089,2025-09-04 12:14:23,1,51.37,51.37,Cash on Delivery,0
T00982,C0841,P0168,2026-05-18 17:23:26,3,396.83,1190.49,Cash on Delivery,0
T00983,C0535,P0179,2025-09-16 12:48:59,1,178.36,178.36,Card,1
T00984,C1268,P0095,2026-01-31 04:58:52,4,17.04,68.16,Cash on Delivery,0
T00985,C1136,P0159,2026-02-27 09:40:41,1,341.52,341.52,Card,0
T00986,C1622,P0103,2025-11-11 01:29:52,2,349.53,699.06,Mobile Money,0
T00987,C1216,P0035,2025-08-07 22:52:41,2,165.97,331.94,Mobile Money,0
T00988,C0616,P0181,2026-01-25 05:15:22,3,128.12,384.36,Cash on Delivery,0
T00989,C0634,P0165,2025-10-23 21:01:44,2,243.85,487.7,Cash on Delivery,0
T00990,C0312,P0134,2026-05-14 02:39:17,2,25.16,50.32,Cash on Delivery,0
T00991,C0525,P0025,2026-02-15 01:34:22,3,197.4,592.2,Card,0
T00992,C1126,P0063,2026-04-20 04:02:06,2,382.0,764.0,Cash on Delivery,0
T00993,C0888,P0194,2025-12-19 17:58:14,2,369.86,739.72,Mobile Money,0
T00994,C1291,P0133,2026-02-07 06:18:56,3,174.23,522.69,Mobile Money,1
T00995,C0104,P0109,2026-04-27 15:51:21,2,434.2,868.4,Mobile Money,0
T00996,C0469,P0111,2026-01-31 04:51:35,4,40.12,160.48,Card,0
T00997,C0770,P0069,2025-06-20 08:27:54,2,258.49,516.98,Mobile Money,0
T00998,C0886,P0168,2025-12-24 15:48:11,1,396.83,396.83,Mobile Money,1
T00999,C1506,P0049,2025-10-13 02:28:17,2,181.37,362.74,Cash on Delivery,0
T01000,C0587,P0075,2026-06-04 15:03:25,4,279.82,1119.28,Cash on Delivery,1
T01001,C1570,P0198,2026-03-17 04:28:35,4,118.55,474.2,Mobile Money,0
T01002,C1957,P0058,2025-08-06 02:49:11,3,498.88,1496.64,Mobile Money,0
T01003,C0908,P0096,2026-02-21 12:21:03,4,497.3,1989.2,Mobile Money,0
T01004,C1668,P0032,2025-12-05 07:10:08,1,463.52,463.52,Cash on Delivery,0
T01005,C0555,P0106,2026-05-11 08:51:44,1,164.66,164.66,Mobile Money,0
T01006,C1289,P0112,2025-12-16 00:42:28,3,445.55,1336.65,Mobile Money,0
T01007,C1394,P0179,2025-11-13 19:42:48,2,178.36,356.72,Card,0
T01008,C0167,P0125,2025-11-01 03:42:32,4,96.25,385.0,Card,0
T01009,C0300,P0151,2025-09-13 02:02:48,1,173.61,173.61,Mobile Money,0
T01010,C0407,P0125,2025-12-08 13:48:19,3,96.25,288.75,Card,0
T01011,C0743,P0058,2025-12-09 03:30:06,4,498.88,1995.52,Mobile Money,0
T01012,C0569,P0058,2026-03-03 01:57:27,1,498.88,498.88,Cash on Delivery,1
T01013,C0576,P0167,2025-07-24 01:16:14,4,279.08,1116.32,Mobile Money,0
T01014,C0369,P0062,2025-10-10 02:39:24,3,278.68,836.04,Card,0
T01015,C0094,P0112,2025-10-04 08:09:13,2,445.55,891.1,Card,0
T01016,C1459,P0085,2026-01-01 22:04:39,2,327.72,655.44,Cash on Delivery,1
T01017,C0883,P0121,2026-01-21 16:45:24,2,351.26,702.52,Card,0
T01018,C1313,P0036,2026-05-10 01:12:02,2,140.99,281.98,Card,0
T01019,C1348,P0123,2026-06-04 23:13:41,4,25.33,101.32,Cash on Delivery,0
T01020,C0706,P0073,2025-10-07 19:23:25,4,462.72,1850.88,Mobile Money,0
T01021,C0567,P0023,2026-01-06 17:20:48,2,461.33,922.66,Card,0
T01022,C1022,P0171,2026-03-21 00:22:20,4,275.23,1100.92,Card,1
T01023,C0406,P0110,2025-10-29 13:42:19,1,253.25,253.25,Cash on Delivery,1
T01024,C0699,P0009,2025-06-27 22:28:09,2,307.87,615.74,Mobile Money,1
T01025,C1508,P0154,2025-12-21 01:06:03,1,402.72,402.72,Mobile Money,0
T01026,C0425,P0108,2025-10-19 04:59:17,1,151.77,151.77,Card,0
T01027,C1092,P0191,2025-10-13 04:53:07,2,484.8,969.6,Cash on Delivery,1
T01028,C0656,P0176,2026-04-13 13:59:50,2,46.99,93.98,Mobile Money,0
T01029,C1528,P0053,2025-07-16 10:43:01,4,347.76,1391.04,Card,0
T01030,C1856,P0065,2025-06-18 15:55:40,3,318.6,955.8,Card,1
T01031,C1598,P0068,2026-01-03 12:05:44,3,166.35,499.05,Cash on Delivery,0
T01032,C0370,P0081,2026-05-14 21:38:40,3,85.01,255.03,Card,0
T01033,C1652,P0173,2025-10-30 23:04:58,4,434.1,1736.4,Cash on Delivery,1
T01034,C1919,P0125,2026-02-12 23:32:44,2,96.25,192.5,Mobile Money,0
T01035,C0689,P0065,2025-12-29 16:55:31,2,318.6,637.2,Card,0
T01036,C1949,P0022,2026-01-01 00:50:17,4,200.6,802.4,Card,0
T01037,C1356,P0163,2025-10-21 17:00:16,1,479.48,479.48,Card,0
T01038,C1772,P0152,2025-09-25 07:42:26,2,63.49,126.98,Mobile Money,1
T01039,C0426,P0158,2026-04-29 16:56:42,4,465.72,1862.88,Card,0
T01040,C1842,P0071,2026-01-02 13:43:43,2,196.43,392.86,Card,0
T01041,C0444,P0102,2026-04-21 15:10:11,3,189.48,568.44,Card,0
T01042,C0524,P0113,2026-03-14 00:41:09,2,291.54,583.08,Card,0
T01043,C1874,P0177,2026-02-23 11:37:56,3,432.25,1296.75,Mobile Money,1
T01044,C1154,P0046,2025-09-19 23:06:38,3,314.06,942.18,Cash on Delivery,0
T01045,C1250,P0097,2025-10-01 17:33:45,3,457.86,1373.58,Mobile Money,0
T01046,C1059,P0080,2025-10-15 21:33:57,2,444.45,888.9,Card,0
T01047,C1620,P0052,2025-11-17 05:53:59,1,257.82,257.82,Card,0
T01048,C0538,P0072,2025-06-22 17:13:36,3,339.47,1018.41,Cash on Delivery,0
T01049,C1690,P0190,2025-06-19 20:55:11,1,459.96,459.96,Mobile Money,0
T01050,C0095,P0037,2026-02-04 19:23:45,2,64.2,128.4,Cash on Delivery,0
T01051,C0553,P0011,2025-09-28 01:29:14,1,393.66,393.66,Cash on Delivery,0
T01052,C1421,P0133,2025-09-10 06:57:02,2,174.23,348.46,Card,1
T01053,C1498,P0191,2025-10-21 16:36:24,2,484.8,969.6,Mobile Money,0
T01054,C0910,P0153,2025-11-03 19:46:32,4,468.64,1874.56,Cash on Delivery,0
T01055,C0696,P0069,2025-09-27 12:41:19,3,258.49,775.47,Mobile Money,1
T01056,C1860,P0180,2026-02-10 04:35:23,2,389.69,779.38,Mobile Money,0
T01057,C1092,P0012,2025-12-25 06:43:28,3,491.7,1475.1,Card,0
T01058,C0202,P0171,2025-08-20 21:05:41,1,275.23,275.23,Cash on Delivery,1
T01059,C1066,P0006,2025-12-02 08:58:32,3,469.58,1408.74,Mobile Money,0
T01060,C1717,P0031,2026-01-29 14:56:00,2,365.86,731.72,Cash on Delivery,0
T01061,C1949,P0006,2026-03-31 05:18:46,1,469.58,469.58,Mobile Money,0
T01062,C0694,P0021,2025-09-18 00:46:54,4,484.94,1939.76,Cash on Delivery,0
T01063,C1886,P0184,2026-04-04 11:41:44,4,63.18,252.72,Cash on Delivery,0
T01064,C0612,P0149,2026-02-19 08:41:31,4,311.04,1244.16,Card,0
T01065,C1856,P0055,2025-09-19 11:27:09,2,281.26,562.52,Card,0
T01066,C1558,P0086,2025-11-06 05:19:14,2,13.95,27.9,Mobile Money,0
T01067,C0651,P0060,2025-11-20 07:59:02,4,175.81,703.24,Mobile Money,0
T01068,C1011,P0047,2025-10-08 11:08:19,3,230.98,692.94,Card,0
T01069,C1558,P0077,2026-04-27 13:33:47,2,450.71,901.42,Card,0
T01070,C1574,P0184,2025-06-14 10:12:21,1,63.18,63.18,Cash on Delivery,0
T01071,C1679,P0025,2026-04-19 10:46:25,4,197.4,789.6,Card,1
T01072,C1498,P0013,2026-06-05 03:18:51,2,305.73,611.46,Card,0
T01073,C0781,P0178,2025-07-22 05:05:36,3,473.89,1421.67,Mobile Money,0
T01074,C1381,P0097,2026-05-20 05:24:21,2,457.86,915.72,Mobile Money,1
T01075,C1831,P0038,2025-08-31 07:13:55,1,362.26,362.26,Mobile Money,0
T01076,C0160,P0027,2026-03-24 20:01:12,4,273.63,1094.52,Mobile Money,0
T01077,C0543,P0169,2026-04-16 08:46:32,3,465.81,1397.43,Mobile Money,0
T01078,C1881,P0127,2026-01-06 15:24:10,2,458.03,916.06,Cash on Delivery,0
T01079,C0150,P0180,2026-03-14 09:37:52,2,389.69,779.38,Mobile Money,0
T01080,C1865,P0031,2025-09-14 16:56:26,4,365.86,1463.44,Mobile Money,0
T01081,C0865,P0046,2025-10-09 12:33:40,3,314.06,942.18,Mobile Money,0
T01082,C0940,P0171,2025-07-11 21:13:03,1,275.23,275.23,Mobile Money,0
T01083,C1029,P0057,2025-11-04 19:52:35,1,251.14,251.14,Mobile Money,0
T01084,C0777,P0079,2026-04-25 09:05:23,2,449.07,898.14,Card,0
T01085,C1229,P0173,2025-08-27 23:36:54,4,434.1,1736.4,Card,1
T01086,C0970,P0024,2025-07-24 17:31:25,1,262.81,262.81,Cash on Delivery,1
T01087,C0103,P0170,2026-04-07 02:46:36,2,277.02,554.04,Cash on Delivery,1
T01088,C0767,P0060,2026-03-16 20:23:38,2,175.81,351.62,Card,0
T01089,C0679,P0165,2026-04-01 17:59:09,4,243.85,975.4,Mobile Money,0
T01090,C0202,P0084,2025-09-09 04:54:23,2,156.16,312.32,Card,0
T01091,C0437,P0090,2026-06-06 12:55:02,1,128.98,128.98,Card,0
T01092,C1997,P0120,2025-09-23 02:49:35,4,30.58,122.32,Card,1
T01093,C0188,P0143,2026-02-09 13:29:01,4,320.02,1280.08,Cash on Delivery,1
T01094,C0652,P0006,2025-10-11 19:12:16,4,469.58,1878.32,Card,0
T01095,C0587,P0019,2026-04-18 19:57:18,4,332.95,1331.8,Card,1
T01096,C0271,P0130,2025-08-06 22:05:43,3,370.26,1110.78,Mobile Money,0
T01097,C1093,P0192,2026-04-30 09:43:13,4,112.32,449.28,Card,0
T01098,C0970,P0143,2025-10-07 00:42:02,3,320.02,960.06,Card,0
T01099,C1652,P0017,2026-05-14 21:48:18,2,65.41,130.82,Mobile Money,0
T01100,C0116,P0152,2026-02-21 05:48:48,2,63.49,126.98,Card,0
T01101,C0563,P0030,2026-04-06 14:27:20,3,11.97,35.91,Mobile Money,0
T01102,C1795,P0060,2025-08-23 04:41:49,1,175.81,175.81,Cash on Delivery,0
T01103,C0028,P0104,2026-03-17 03:01:22,1,108.41,108.41,Card,0
T01104,C1255,P0108,2025-12-14 19:43:21,2,151.77,303.54,Cash on Delivery,0
T01105,C0869,P0139,2026-02-11 12:55:37,4,134.14,536.56,Cash on Delivery,0
T01106,C1295,P0200,2026-02-14 13:40:26,4,270.37,1081.48,Mobile Money,1
T01107,C1407,P0083,2026-01-12 00:38:31,4,333.43,1333.72,Mobile Money,0
T01108,C1543,P0046,2025-11-08 13:50:37,4,314.06,1256.24,Card,0
T01109,C1106,P0199,2025-08-16 14:57:53,2,487.33,974.66,Card,0
T01110,C1722,P0088,2026-05-26 00:48:11,2,361.87,723.74,Cash on Delivery,0
T01111,C0451,P0068,2025-08-27 16:45:59,3,166.35,499.05,Card,0
T01112,C0435,P0177,2026-01-15 22:44:37,2,432.25,864.5,Mobile Money,0
T01113,C1414,P0187,2026-04-29 06:59:16,3,115.68,347.04,Cash on Delivery,0
T01114,C1574,P0108,2026-01-13 14:20:43,3,151.77,455.31,Mobile Money,1
T01115,C0349,P0139,2025-07-30 17:09:58,4,134.14,536.56,Mobile Money,0
T01116,C0026,P0020,2025-12-09 17:28:51,2,107.93,215.86,Card,1
T01117,C0370,P0048,2025-07-20 08:40:10,3,446.82,1340.46,Card,0
T01118,C1211,P0014,2025-06-14 20:42:12,4,11.57,46.28,Card,0
T01119,C1915,P0012,2026-01-29 12:16:02,4,491.7,1966.8,Card,0
T01120,C1352,P0023,2025-12-14 11:43:49,1,461.33,461.33,Cash on Delivery,0
T01121,C1929,P0167,2025-06-19 10:59:22,2,279.08,558.16,Cash on Delivery,1
T01122,C0529,P0095,2025-12-20 19:45:06,1,17.04,17.04,Card,0
T01123,C0956,P0170,2025-09-09 09:13:47,1,277.02,277.02,Card,0
T01124,C0313,P0067,2026-06-01 14:47:49,1,97.33,97.33,Card,0
T01125,C0762,P0072,2026-02-17 17:50:17,2,339.47,678.94,Card,0
T01126,C0786,P0039,2026-02-13 13:50:36,4,249.43,997.72,Card,1
T01127,C1556,P0075,2025-09-08 02:17:04,2,279.82,559.64,Mobile Money,1
T01128,C0885,P0117,2026-05-28 14:47:06,2,155.12,310.24,Mobile Money,0
T01129,C1876,P0173,2025-08-23 10:31:52,4,434.1,1736.4,Card,0
T01130,C1650,P0148,2026-05-18 04:44:00,3,54.89,164.67,Card,0
T01131,C1938,P0065,2025-08-06 12:58:15,4,318.6,1274.4,Cash on Delivery,0
T01132,C0118,P0167,2025-08-12 12:22:31,4,279.08,1116.32,Card,1
T01133,C1199,P0100,2025-11-20 14:00:24,2,42.3,84.6,Card,0
T01134,C1251,P0159,2025-12-31 02:57:15,4,341.52,1366.08,Mobile Money,0
T01135,C0463,P0167,2025-11-22 11:32:01,2,279.08,558.16,Card,0
T01136,C1672,P0175,2025-10-06 00:39:56,2,446.49,892.98,Mobile Money,1
T01137,C1217,P0104,2026-03-02 01:44:13,2,108.41,216.82,Mobile Money,0
T01138,C1880,P0013,2025-12-16 03:17:57,3,305.73,917.19,Cash on Delivery,1
T01139,C0555,P0085,2025-11-16 09:44:09,1,327.72,327.72,Cash on Delivery,0
T01140,C0956,P0132,2026-03-17 10:12:59,3,181.21,543.63,Cash on Delivery,0
T01141,C0973,P0012,2026-01-25 12:36:20,3,491.7,1475.1,Cash on Delivery,1
T01142,C1296,P0182,2026-03-14 05:57:44,4,248.85,995.4,Mobile Money,1
T01143,C1395,P0134,2026-05-26 08:32:08,2,25.16,50.32,Cash on Delivery,0
T01144,C0314,P0112,2025-08-10 09:24:44,3,445.55,1336.65,Mobile Money,1
T01145,C0485,P0159,2025-10-16 01:03:55,4,341.52,1366.08,Mobile Money,0
T01146,C0803,P0169,2025-12-31 08:11:10,4,465.81,1863.24,Cash on Delivery,0
T01147,C0243,P0010,2026-04-30 02:54:49,1,487.01,487.01,Card,0
T01148,C1975,P0158,2026-05-11 04:14:00,4,465.72,1862.88,Card,0
T01149,C1619,P0071,2026-01-01 06:53:07,2,196.43,392.86,Cash on Delivery,0
T01150,C1004,P0079,2026-05-28 03:31:35,3,449.07,1347.21,Mobile Money,0
T01151,C1703,P0086,2026-02-16 10:22:27,1,13.95,13.95,Cash on Delivery,0
T01152,C0760,P0042,2025-12-18 07:49:30,1,283.82,283.82,Mobile Money,0
T01153,C0798,P0182,2026-02-08 01:15:15,4,248.85,995.4,Mobile Money,0
T01154,C0864,P0020,2025-09-29 17:13:34,2,107.93,215.86,Card,0
T01155,C1369,P0125,2026-02-05 17:09:51,2,96.25,192.5,Mobile Money,0
T01156,C0306,P0087,2025-12-25 03:31:20,1,374.51,374.51,Card,0
T01157,C1264,P0041,2025-09-24 11:26:11,2,20.56,41.12,Mobile Money,0
T01158,C0731,P0167,2026-01-05 07:11:01,1,279.08,279.08,Mobile Money,1
T01159,C0933,P0185,2026-02-15 17:53:30,2,342.11,684.22,Cash on Delivery,0
T01160,C0719,P0135,2025-09-15 03:47:42,1,91.79,91.79,Cash on Delivery,0
T01161,C0392,P0051,2026-01-19 10:18:59,2,179.52,359.04,Mobile Money,0
T01162,C0523,P0184,2025-08-19 19:10:16,1,63.18,63.18,Card,0
T01163,C0867,P0150,2025-07-02 15:03:37,2,162.89,325.78,Card,0
T01164,C0096,P0139,2026-03-15 02:29:28,4,134.14,536.56,Mobile Money,0
T01165,C1679,P0106,2026-02-19 03:36:08,3,164.66,493.98,Mobile Money,0
T01166,C1582,P0166,2025-07-27 15:51:17,1,226.98,226.98,Cash on Delivery,0
T01167,C1512,P0088,2026-02-21 14:07:23,3,361.87,1085.61,Mobile Money,0
T01168,C1678,P0022,2025-11-13 02:28:53,3,200.6,601.8,Mobile Money,0
T01169,C1440,P0130,2025-07-10 06:20:50,1,370.26,370.26,Mobile Money,0
T01170,C0302,P0038,2025-10-13 02:10:46,1,362.26,362.26,Card,0
T01171,C1065,P0170,2025-09-07 11:13:57,2,277.02,554.04,Cash on Delivery,0
T01172,C1675,P0153,2026-05-11 14:32:48,2,468.64,937.28,Mobile Money,0
T01173,C0297,P0110,2025-09-13 19:29:55,1,253.25,253.25,Card,0
T01174,C0942,P0199,2026-06-04 07:12:53,1,487.33,487.33,Mobile Money,0
T01175,C1622,P0123,2025-12-06 20:17:28,4,25.33,101.32,Cash on Delivery,0
T01176,C0551,P0176,2025-12-17 03:21:07,3,46.99,140.97,Card,1
T01177,C0454,P0138,2026-04-20 14:47:16,1,309.85,309.85,Mobile Money,0
T01178,C0443,P0193,2025-08-05 19:50:29,2,315.64,631.28,Cash on Delivery,1
T01179,C0457,P0164,2026-04-28 13:32:47,3,163.06,489.18,Mobile Money,0
T01180,C0849,P0183,2025-06-11 20:38:39,2,287.88,575.76,Mobile Money,0
T01181,C0444,P0181,2025-09-24 09:50:02,3,128.12,384.36,Mobile Money,0
T01182,C0597,P0189,2025-10-18 16:08:07,4,446.12,1784.48,Card,0
T01183,C0796,P0155,2025-08-26 04:40:09,1,214.62,214.62,Cash on Delivery,0
T01184,C1444,P0016,2026-03-03 01:25:05,3,119.29,357.87,Card,0
T01185,C1261,P0184,2026-02-28 20:00:30,3,63.18,189.54,Card,1
T01186,C1465,P0147,2025-07-31 10:49:04,1,107.31,107.31,Mobile Money,0
T01187,C1559,P0122,2025-09-06 10:14:03,1,488.05,488.05,Card,1
T01188,C1350,P0119,2026-03-08 01:18:45,3,482.8,1448.4,Card,1
T01189,C0995,P0150,2025-11-28 11:15:43,3,162.89,488.67,Mobile Money,0
T01190,C1851,P0080,2026-05-02 18:55:24,2,444.45,888.9,Mobile Money,0
T01191,C0551,P0153,2026-04-14 08:32:12,1,468.64,468.64,Mobile Money,1
T01192,C1483,P0077,2026-03-24 09:02:53,4,450.71,1802.84,Mobile Money,0
T01193,C0422,P0167,2026-04-17 03:41:06,4,279.08,1116.32,Cash on Delivery,0
T01194,C1489,P0088,2025-10-08 08:45:33,1,361.87,361.87,Mobile Money,0
T01195,C0804,P0185,2025-08-13 05:43:44,4,342.11,1368.44,Card,1
T01196,C0378,P0099,2025-08-28 07:24:36,2,483.49,966.98,Cash on Delivery,0
T01197,C1581,P0124,2026-06-07 23:59:43,4,222.29,889.16,Mobile Money,0
T01198,C1716,P0154,2025-11-24 13:27:18,3,402.72,1208.16,Mobile Money,1
T01199,C1621,P0153,2025-11-30 13:45:09,3,468.64,1405.92,Card,1
T01200,C0371,P0045,2026-05-30 22:35:54,3,148.43,445.29,Cash on Delivery,1
T01201,C0243,P0067,2026-03-04 01:19:26,4,97.33,389.32,Cash on Delivery,0
T01202,C1206,P0040,2025-06-09 11:33:17,2,59.89,119.78,Card,0
T01203,C0376,P0041,2026-02-23 10:42:51,1,20.56,20.56,Mobile Money,0
T01204,C1892,P0081,2025-07-02 21:18:55,2,85.01,170.02,Cash on Delivery,0
T01205,C1452,P0164,2026-06-05 07:09:54,3,163.06,489.18,Card,0
T01206,C1566,P0057,2025-10-08 03:13:49,2,251.14,502.28,Card,0
T01207,C0829,P0010,2026-06-03 23:35:23,3,487.01,1461.03,Cash on Delivery,0
T01208,C0804,P0191,2025-07-17 01:17:17,4,484.8,1939.2,Mobile Money,0
T01209,C1985,P0054,2025-11-19 16:37:06,1,471.74,471.74,Card,0
T01210,C1334,P0004,2026-01-27 22:20:48,3,170.19,510.57,Card,0
T01211,C1113,P0111,2025-07-12 06:31:08,3,40.12,120.36,Card,0
T01212,C1628,P0064,2026-03-16 09:08:50,3,402.55,1207.65,Card,0
T01213,C1945,P0150,2025-12-27 23:43:24,2,162.89,325.78,Cash on Delivery,0
T01214,C0185,P0081,2026-01-03 03:51:37,3,85.01,255.03,Mobile Money,0
T01215,C1204,P0182,2026-01-10 01:40:40,4,248.85,995.4,Mobile Money,1
T01216,C1637,P0076,2025-08-21 20:15:36,4,498.15,1992.6,Cash on Delivery,0
T01217,C0055,P0125,2026-03-11 08:42:12,4,96.25,385.0,Card,0
T01218,C1871,P0189,2025-09-16 06:14:33,3,446.12,1338.36,Card,0
T01219,C1243,P0077,2026-02-25 19:32:28,4,450.71,1802.84,Card,0
T01220,C1672,P0021,2025-06-18 19:07:28,2,484.94,969.88,Cash on Delivery,0
T01221,C1977,P0199,2025-07-11 22:47:32,2,487.33,974.66,Card,0
T01222,C1385,P0132,2025-07-21 06:14:01,3,181.21,543.63,Mobile Money,0
T01223,C0963,P0063,2026-01-14 06:35:47,3,382.0,1146.0,Cash on Delivery,0
T01224,C0307,P0082,2026-03-28 23:20:26,2,292.44,584.88,Card,0
T01225,C1944,P0056,2026-03-20 09:02:29,3,486.03,1458.09,Cash on Delivery,0
T01226,C1666,P0034,2025-09-29 08:29:28,3,52.23,156.69,Mobile Money,1
T01227,C1175,P0130,2026-05-24 12:15:51,2,370.26,740.52,Cash on Delivery,0
T01228,C1740,P0143,2025-09-24 14:09:50,2,320.02,640.04,Mobile Money,0
T01229,C1041,P0128,2025-07-19 04:53:56,3,276.87,830.61,Cash on Delivery,1
T01230,C0081,P0082,2026-04-16 04:21:12,2,292.44,584.88,Cash on Delivery,0
T01231,C1568,P0123,2025-11-09 01:42:55,4,25.33,101.32,Cash on Delivery,0
T01232,C1186,P0023,2025-07-12 13:42:04,2,461.33,922.66,Cash on Delivery,0
T01233,C1954,P0098,2025-11-09 18:12:47,4,476.77,1907.08,Cash on Delivery,1
T01234,C1479,P0104,2026-01-24 15:07:47,2,108.41,216.82,Cash on Delivery,0
T01235,C1195,P0161,2026-01-18 18:18:10,4,250.8,1003.2,Cash on Delivery,0
T01236,C1607,P0064,2025-07-15 07:53:07,4,402.55,1610.2,Card,0
T01237,C0881,P0018,2026-05-23 15:17:05,4,90.82,363.28,Mobile Money,0
T01238,C0317,P0125,2026-02-23 10:15:47,3,96.25,288.75,Mobile Money,0
T01239,C1684,P0075,2026-03-18 15:42:52,3,279.82,839.46,Cash on Delivery,0
T01240,C0430,P0139,2025-11-10 12:07:41,3,134.14,402.42,Mobile Money,0
T01241,C1762,P0192,2025-08-18 13:46:24,1,112.32,112.32,Card,1
T01242,C0432,P0106,2025-06-17 06:59:06,4,164.66,658.64,Mobile Money,0
T01243,C0859,P0163,2026-03-21 12:39:07,4,479.48,1917.92,Card,0
T01244,C1401,P0150,2026-03-11 02:10:27,2,162.89,325.78,Cash on Delivery,0
T01245,C1631,P0152,2026-05-20 13:14:34,2,63.49,126.98,Card,0
T01246,C0893,P0064,2025-08-04 12:34:41,1,402.55,402.55,Mobile Money,0
T01247,C1124,P0014,2026-05-21 14:28:37,1,11.57,11.57,Card,1
T01248,C1413,P0105,2025-09-22 08:21:47,3,74.34,223.02,Cash on Delivery,0
T01249,C1043,P0065,2026-01-23 22:07:34,2,318.6,637.2,Mobile Money,0
T01250,C0990,P0106,2025-10-31 01:10:30,2,164.66,329.32,Mobile Money,1
T01251,C0912,P0138,2026-02-25 18:00:53,2,309.85,619.7,Mobile Money,0
T01252,C1949,P0104,2026-05-06 05:54:47,2,108.41,216.82,Card,0
T01253,C1675,P0015,2026-06-03 13:36:23,4,405.16,1620.64,Card,1
T01254,C0414,P0034,2026-05-15 12:24:22,4,52.23,208.92,Mobile Money,0
T01255,C1746,P0099,2025-07-14 00:25:29,1,483.49,483.49,Mobile Money,0
T01256,C1220,P0019,2026-05-22 13:48:31,3,332.95,998.85,Mobile Money,0
T01257,C1441,P0070,2026-02-02 20:28:01,3,52.61,157.83,Mobile Money,0
T01258,C1099,P0096,2026-01-02 04:17:23,4,497.3,1989.2,Mobile Money,0
T01259,C0242,P0150,2025-06-29 04:16:09,4,162.89,651.56,Card,0
T01260,C0666,P0151,2026-05-09 12:52:47,3,173.61,520.83,Mobile Money,0
T01261,C0093,P0188,2025-06-20 09:13:34,3,489.06,1467.18,Mobile Money,0
T01262,C1190,P0005,2026-05-30 23:33:01,2,15.19,30.38,Mobile Money,0
T01263,C0508,P0190,2025-09-12 22:54:36,1,459.96,459.96,Mobile Money,1
T01264,C0662,P0098,2026-02-10 21:11:05,4,476.77,1907.08,Card,0
T01265,C1620,P0137,2025-10-17 09:45:56,4,235.01,940.04,Mobile Money,0
T01266,C1757,P0029,2026-03-16 10:16:28,4,387.26,1549.04,Mobile Money,0
T01267,C1782,P0109,2026-05-04 20:08:53,3,434.2,1302.6,Cash on Delivery,0
T01268,C1157,P0055,2025-06-24 05:10:02,1,281.26,281.26,Mobile Money,0
T01269,C1789,P0052,2026-04-08 20:09:59,1,257.82,257.82,Cash on Delivery,0
T01270,C1423,P0013,2025-08-01 15:52:21,2,305.73,611.46,Cash on Delivery,0
T01271,C0818,P0079,2026-02-21 18:40:01,2,449.07,898.14,Card,0
T01272,C1643,P0002,2025-06-14 09:15:24,3,390.95,1172.85,Card,0
T01273,C1988,P0141,2026-03-20 17:45:18,3,343.56,1030.68,Cash on Delivery,0
T01274,C0503,P0047,2026-02-19 07:20:04,2,230.98,461.96,Card,1
T01275,C0946,P0089,2025-12-07 15:20:55,3,51.37,154.11,Mobile Money,0
T01276,C0649,P0012,2026-01-02 00:01:45,1,491.7,491.7,Card,0
T01277,C0685,P0059,2025-11-30 08:50:01,1,253.83,253.83,Card,0
T01278,C0243,P0198,2025-08-09 00:56:17,3,118.55,355.65,Mobile Money,0
T01279,C1815,P0043,2025-12-31 00:48:28,2,128.4,256.8,Card,0
T01280,C1815,P0079,2025-11-05 20:24:18,1,449.07,449.07,Mobile Money,0
T01281,C0656,P0101,2025-07-20 03:51:09,2,426.31,852.62,Cash on Delivery,0
T01282,C1459,P0191,2026-05-04 00:01:13,1,484.8,484.8,Cash on Delivery,1
T01283,C0934,P0111,2025-09-27 06:31:14,4,40.12,160.48,Card,0
T01284,C0709,P0184,2026-01-13 06:42:34,2,63.18,126.36,Card,0
T01285,C0807,P0017,2025-12-08 09:42:12,2,65.41,130.82,Mobile Money,0
T01286,C0466,P0041,2025-07-25 00:45:18,4,20.56,82.24,Card,1
T01287,C1714,P0156,2025-06-19 15:52:55,1,495.3,495.3,Card,0
T01288,C0434,P0001,2025-08-24 20:27:48,1,190.4,190.4,Cash on Delivery,0
T01289,C1595,P0019,2025-06-28 21:49:45,2,332.95,665.9,Card,0
T01290,C1475,P0196,2026-03-24 01:31:31,3,57.84,173.52,Mobile Money,0
T01291,C1308,P0169,2025-12-11 07:02:15,2,465.81,931.62,Card,0
T01292,C1007,P0034,2025-10-30 22:42:37,3,52.23,156.69,Cash on Delivery,0
T01293,C0618,P0126,2025-09-20 22:36:21,3,349.51,1048.53,Cash on Delivery,1
T01294,C0622,P0184,2026-02-01 00:13:55,4,63.18,252.72,Card,1
T01295,C0643,P0121,2025-12-20 05:35:01,3,351.26,1053.78,Mobile Money,0
T01296,C1351,P0023,2025-07-23 00:47:35,1,461.33,461.33,Card,0
T01297,C1170,P0154,2026-01-12 20:09:43,3,402.72,1208.16,Cash on Delivery,0
T01298,C1567,P0046,2026-06-03 10:45:55,2,314.06,628.12,Card,1
T01299,C1910,P0093,2026-01-06 03:59:17,1,290.57,290.57,Card,0
T01300,C1852,P0163,2026-05-01 04:38:32,1,479.48,479.48,Cash on Delivery,0
T01301,C0612,P0076,2025-08-02 07:11:47,3,498.15,1494.45,Cash on Delivery,0
T01302,C0445,P0180,2025-08-17 11:22:39,4,389.69,1558.76,Card,0
T01303,C0826,P0152,2025-06-28 09:13:09,2,63.49,126.98,Mobile Money,0
T01304,C0157,P0192,2025-07-06 08:58:05,2,112.32,224.64,Cash on Delivery,0
T01305,C1063,P0010,2026-04-26 06:53:32,4,487.01,1948.04,Mobile Money,0
T01306,C1938,P0055,2025-09-18 20:35:05,4,281.26,1125.04,Cash on Delivery,0
T01307,C0370,P0169,2025-10-12 11:38:59,2,465.81,931.62,Mobile Money,0
T01308,C0849,P0075,2025-10-03 20:53:54,1,279.82,279.82,Mobile Money,0
T01309,C1582,P0100,2025-10-01 15:51:51,4,42.3,169.2,Mobile Money,0
T01310,C1965,P0060,2026-03-14 20:48:29,1,175.81,175.81,Card,0
T01311,C1776,P0188,2025-12-15 13:58:50,4,489.06,1956.24,Mobile Money,0
T01312,C1971,P0097,2025-11-12 12:40:57,3,457.86,1373.58,Cash on Delivery,0
T01313,C1222,P0136,2026-05-26 11:15:19,2,248.35,496.7,Card,0
T01314,C0445,P0187,2025-11-01 02:11:30,4,115.68,462.72,Card,1
T01315,C0605,P0058,2026-03-13 08:13:41,2,498.88,997.76,Card,0
T01316,C1641,P0140,2026-05-05 23:53:16,1,254.05,254.05,Card,0
T01317,C0529,P0049,2025-09-15 11:11:16,3,181.37,544.11,Card,0
T01318,C0684,P0054,2026-02-19 10:16:02,4,471.74,1886.96,Cash on Delivery,0
T01319,C1998,P0160,2026-03-31 18:36:49,3,56.05,168.15,Mobile Money,0
T01320,C1680,P0049,2025-08-04 03:56:24,2,181.37,362.74,Cash on Delivery,0
T01321,C0252,P0085,2026-01-02 00:17:43,4,327.72,1310.88,Cash on Delivery,0
T01322,C1928,P0126,2026-01-03 05:41:09,2,349.51,699.02,Cash on Delivery,0
T01323,C1928,P0149,2025-12-29 12:40:02,4,311.04,1244.16,Mobile Money,0
T01324,C1290,P0028,2025-11-03 06:02:07,4,86.81,347.24,Card,1
T01325,C0644,P0052,2026-01-02 10:24:55,3,257.82,773.46,Cash on Delivery,1
T01326,C0207,P0090,2025-08-04 17:48:54,3,128.98,386.94,Mobile Money,0
T01327,C0511,P0062,2025-08-27 06:10:50,3,278.68,836.04,Mobile Money,0
T01328,C0201,P0132,2025-10-12 11:23:10,1,181.21,181.21,Mobile Money,0
T01329,C1308,P0099,2025-07-23 17:25:17,3,483.49,1450.47,Mobile Money,0
T01330,C1020,P0101,2025-10-26 07:38:37,3,426.31,1278.93,Mobile Money,0
T01331,C1219,P0137,2025-06-16 05:19:51,2,235.01,470.02,Card,0
T01332,C0432,P0117,2025-06-20 07:30:32,4,155.12,620.48,Mobile Money,0
T01333,C0540,P0069,2025-07-08 21:22:47,2,258.49,516.98,Card,0
T01334,C0558,P0079,2026-04-05 18:58:00,2,449.07,898.14,Mobile Money,0
T01335,C1960,P0141,2025-10-03 20:36:14,4,343.56,1374.24,Cash on Delivery,0
T01336,C0209,P0200,2025-07-31 19:18:35,2,270.37,540.74,Mobile Money,0
T01337,C1763,P0158,2025-10-09 14:00:51,1,465.72,465.72,Mobile Money,0
T01338,C0058,P0193,2026-02-06 01:42:25,1,315.64,315.64,Cash on Delivery,0
T01339,C1369,P0048,2026-02-22 13:50:47,1,446.82,446.82,Cash on Delivery,0
T01340,C1038,P0130,2025-10-04 16:55:45,1,370.26,370.26,Card,0
T01341,C0243,P0103,2025-09-07 19:23:10,1,349.53,349.53,Mobile Money,0
T01342,C0415,P0145,2026-04-29 15:17:36,3,406.55,1219.65,Card,0
T01343,C1639,P0138,2025-08-22 16:02:57,2,309.85,619.7,Mobile Money,0
T01344,C1600,P0102,2025-11-14 20:25:01,1,189.48,189.48,Card,0
T01345,C0018,P0158,2025-07-14 12:53:50,2,465.72,931.44,Card,1
T01346,C1592,P0063,2025-06-10 21:24:48,1,382.0,382.0,Cash on Delivery,0
T01347,C0155,P0091,2026-04-04 06:11:49,2,199.58,399.16,Mobile Money,0
T01348,C1877,P0055,2026-01-26 16:17:49,3,281.26,843.78,Cash on Delivery,0
T01349,C0151,P0019,2025-11-08 11:34:23,3,332.95,998.85,Mobile Money,0
T01350,C1644,P0103,2025-12-03 20:57:05,4,349.53,1398.12,Card,0
T01351,C1899,P0047,2025-10-26 09:47:27,3,230.98,692.94,Cash on Delivery,0
T01352,C1971,P0194,2025-08-15 05:24:26,3,369.86,1109.58,Cash on Delivery,0
T01353,C1664,P0084,2025-08-02 22:40:43,4,156.16,624.64,Mobile Money,0
T01354,C0143,P0185,2026-05-09 13:43:51,2,342.11,684.22,Card,0
T01355,C1071,P0144,2025-11-16 17:51:32,1,197.14,197.14,Cash on Delivery,0
T01356,C0615,P0191,2026-04-10 02:03:13,4,484.8,1939.2,Card,0
T01357,C0925,P0171,2026-01-06 20:41:26,4,275.23,1100.92,Mobile Money,1
T01358,C0624,P0049,2025-08-12 19:45:38,3,181.37,544.11,Mobile Money,1
T01359,C1346,P0197,2026-04-21 20:30:52,4,98.12,392.48,Mobile Money,1
T01360,C1498,P0087,2025-12-04 06:12:21,2,374.51,749.02,Cash on Delivery,1
T01361,C0764,P0026,2026-03-04 11:58:17,3,295.44,886.32,Cash on Delivery,0
T01362,C0047,P0074,2026-01-29 05:57:28,1,118.13,118.13,Mobile Money,0
T01363,C0938,P0076,2025-10-19 02:57:58,4,498.15,1992.6,Mobile Money,1
T01364,C0017,P0031,2026-04-16 15:57:55,2,365.86,731.72,Cash on Delivery,0
T01365,C0392,P0148,2025-11-13 18:26:43,3,54.89,164.67,Cash on Delivery,0
T01366,C1623,P0098,2026-06-06 03:08:28,1,476.77,476.77,Card,0
T01367,C1564,P0038,2026-05-05 02:33:35,1,362.26,362.26,Mobile Money,0
T01368,C0509,P0077,2026-03-16 13:48:00,1,450.71,450.71,Mobile Money,1
T01369,C1455,P0200,2026-04-09 18:49:41,3,270.37,811.11,Cash on Delivery,0
T01370,C1586,P0173,2026-04-01 07:49:07,2,434.1,868.2,Mobile Money,0
T01371,C1430,P0089,2025-08-22 13:25:07,1,51.37,51.37,Mobile Money,1
T01372,C1763,P0045,2025-12-12 01:56:20,1,148.43,148.43,Cash on Delivery,0
T01373,C0021,P0127,2026-05-10 15:50:53,1,458.03,458.03,Mobile Money,1
T01374,C1868,P0199,2026-04-03 13:01:49,1,487.33,487.33,Card,0
T01375,C1184,P0164,2026-04-01 17:52:57,4,163.06,652.24,Mobile Money,0
T01376,C1467,P0091,2026-04-29 23:31:32,4,199.58,798.32,Cash on Delivery,0
T01377,C1099,P0096,2025-11-03 08:32:25,4,497.3,1989.2,Card,1
T01378,C0640,P0110,2026-05-08 19:11:59,2,253.25,506.5,Mobile Money,0
T01379,C0400,P0103,2025-12-15 23:44:07,1,349.53,349.53,Mobile Money,0
T01380,C1315,P0139,2025-07-27 13:00:53,2,134.14,268.28,Cash on Delivery,0
T01381,C1194,P0112,2026-02-14 11:50:00,3,445.55,1336.65,Card,0
T01382,C1634,P0087,2025-10-10 14:29:35,3,374.51,1123.53,Mobile Money,0
T01383,C1618,P0081,2025-08-20 11:37:45,2,85.01,170.02,Mobile Money,0
T01384,C0794,P0136,2026-04-18 18:33:36,3,248.35,745.05,Mobile Money,0
T01385,C0116,P0003,2026-05-28 04:06:07,3,82.22,246.66,Card,0
T01386,C1922,P0131,2025-11-27 10:28:57,2,366.37,732.74,Cash on Delivery,1
T01387,C0292,P0145,2025-12-25 18:57:22,1,406.55,406.55,Mobile Money,0
T01388,C1015,P0086,2026-01-01 09:46:10,3,13.95,41.85,Cash on Delivery,0
T01389,C1660,P0098,2026-04-16 11:12:58,4,476.77,1907.08,Cash on Delivery,0
T01390,C1914,P0073,2025-07-04 08:21:08,2,462.72,925.44,Mobile Money,1
T01391,C1442,P0130,2025-09-29 17:49:04,1,370.26,370.26,Card,1
T01392,C0455,P0027,2025-08-14 14:39:25,1,273.63,273.63,Cash on Delivery,1
T01393,C0014,P0150,2026-05-17 05:01:41,4,162.89,651.56,Mobile Money,0
T01394,C1964,P0098,2026-05-31 16:21:18,3,476.77,1430.31,Card,0
T01395,C1783,P0193,2026-03-05 04:25:10,3,315.64,946.92,Cash on Delivery,0
T01396,C1888,P0112,2026-06-04 11:33:42,3,445.55,1336.65,Card,1
T01397,C1597,P0078,2025-06-27 12:01:14,1,143.04,143.04,Cash on Delivery,0
T01398,C1263,P0085,2026-05-27 07:05:23,3,327.72,983.16,Card,0
T01399,C1621,P0071,2026-02-26 08:36:57,4,196.43,785.72,Card,0
T01400,C1932,P0050,2026-05-28 16:16:48,4,117.83,471.32,Cash on Delivery,0
T01401,C1826,P0015,2025-08-12 16:02:47,1,405.16,405.16,Mobile Money,0
T01402,C0998,P0035,2025-07-02 10:41:32,3,165.97,497.91,Card,0
T01403,C0645,P0183,2025-10-27 21:14:08,3,287.88,863.64,Cash on Delivery,0
T01404,C0767,P0030,2025-11-24 20:20:30,4,11.97,47.88,Card,0
T01405,C1443,P0143,2026-03-25 04:51:38,3,320.02,960.06,Cash on Delivery,0
T01406,C0962,P0074,2026-05-24 21:56:26,3,118.13,354.39,Mobile Money,0
T01407,C1046,P0060,2026-03-14 07:38:48,4,175.81,703.24,Mobile Money,0
T01408,C0863,P0172,2025-11-10 14:29:43,4,75.78,303.12,Cash on Delivery,0
T01409,C1539,P0083,2026-02-28 01:54:46,3,333.43,1000.29,Mobile Money,0
T01410,C1922,P0070,2026-02-26 16:15:25,4,52.61,210.44,Mobile Money,0
T01411,C0571,P0088,2026-04-27 07:04:34,1,361.87,361.87,Cash on Delivery,1
T01412,C1783,P0077,2025-07-31 03:42:14,3,450.71,1352.13,Cash on Delivery,0
T01413,C1675,P0014,2025-11-15 03:34:49,3,11.57,34.71,Card,0
T01414,C0010,P0078,2026-04-04 13:21:51,4,143.04,572.16,Card,0
T01415,C1210,P0080,2026-04-13 01:46:57,4,444.45,1777.8,Card,0
T01416,C0592,P0034,2026-02-07 19:38:03,1,52.23,52.23,Mobile Money,0
T01417,C1298,P0053,2025-07-07 02:19:19,4,347.76,1391.04,Card,0
T01418,C1671,P0154,2026-05-16 01:04:18,2,402.72,805.44,Mobile Money,0
T01419,C1007,P0173,2026-05-29 02:57:15,2,434.1,868.2,Cash on Delivery,1
T01420,C1827,P0045,2026-01-05 12:34:06,3,148.43,445.29,Mobile Money,1
T01421,C1511,P0180,2025-07-02 12:13:06,2,389.69,779.38,Card,0
T01422,C0156,P0021,2025-07-28 07:54:22,1,484.94,484.94,Cash on Delivery,1
T01423,C0592,P0096,2025-11-06 00:25:52,4,497.3,1989.2,Mobile Money,0
T01424,C1687,P0056,2025-06-28 15:23:56,2,486.03,972.06,Mobile Money,0
T01425,C0754,P0176,2026-02-13 18:26:43,4,46.99,187.96,Mobile Money,0
T01426,C1847,P0143,2026-01-10 14:04:16,4,320.02,1280.08,Mobile Money,0
T01427,C0262,P0043,2025-12-07 09:58:00,2,128.4,256.8,Cash on Delivery,0
T01428,C1591,P0161,2025-12-14 03:12:22,2,250.8,501.6,Cash on Delivery,0
T01429,C1908,P0167,2025-12-25 20:30:00,4,279.08,1116.32,Cash on Delivery,0
T01430,C0949,P0031,2025-08-20 20:52:23,2,365.86,731.72,Card,0
T01431,C0266,P0034,2026-01-24 14:13:02,1,52.23,52.23,Card,0
T01432,C1209,P0052,2026-04-12 16:18:51,3,257.82,773.46,Card,1
T01433,C0441,P0078,2025-11-15 02:31:57,3,143.04,429.12,Cash on Delivery,1
T01434,C1796,P0161,2026-04-22 02:51:38,3,250.8,752.4,Card,0
T01435,C0254,P0167,2026-02-10 05:22:31,4,279.08,1116.32,Cash on Delivery,0
T01436,C1424,P0074,2025-12-31 20:04:40,3,118.13,354.39,Card,0
T01437,C1028,P0166,2026-06-04 03:12:49,4,226.98,907.92,Mobile Money,0
T01438,C0996,P0120,2026-01-29 13:17:46,3,30.58,91.74,Card,1
T01439,C1494,P0155,2025-11-17 12:39:54,2,214.62,429.24,Mobile Money,0
T01440,C1762,P0017,2026-05-27 08:09:21,1,65.41,65.41,Card,0
T01441,C1094,P0096,2026-01-15 03:26:20,4,497.3,1989.2,Cash on Delivery,0
T01442,C0776,P0182,2026-04-07 22:13:09,1,248.85,248.85,Cash on Delivery,0
T01443,C0181,P0114,2026-04-21 08:14:42,1,22.79,22.79,Cash on Delivery,0
T01444,C0047,P0005,2026-05-31 12:39:37,1,15.19,15.19,Cash on Delivery,0
T01445,C1671,P0040,2026-01-30 16:18:38,2,59.89,119.78,Cash on Delivery,0
T01446,C1689,P0140,2026-01-09 08:48:32,2,254.05,508.1,Mobile Money,0
T01447,C0589,P0028,2025-07-03 02:03:55,3,86.81,260.43,Cash on Delivery,0
T01448,C1878,P0175,2026-01-17 07:44:30,1,446.49,446.49,Card,0
T01449,C1563,P0054,2025-12-08 11:57:25,2,471.74,943.48,Card,0
T01450,C0459,P0072,2025-10-31 11:21:05,2,339.47,678.94,Card,0
T01451,C1018,P0122,2025-12-12 13:00:26,1,488.05,488.05,Cash on Delivery,0
T01452,C0662,P0069,2025-07-28 04:48:56,3,258.49,775.47,Card,0
T01453,C0885,P0187,2026-03-01 13:38:19,3,115.68,347.04,Cash on Delivery,0
T01454,C0621,P0196,2025-11-11 08:02:32,4,57.84,231.36,Mobile Money,0
T01455,C0182,P0097,2025-12-28 14:57:47,1,457.86,457.86,Mobile Money,0
T01456,C0248,P0174,2025-10-13 21:32:59,1,351.98,351.98,Card,0
T01457,C1321,P0108,2025-11-25 08:43:55,2,151.77,303.54,Card,1
T01458,C0030,P0008,2025-08-29 23:08:33,4,8.5,34.0,Cash on Delivery,1
T01459,C0873,P0046,2026-04-23 22:51:23,4,314.06,1256.24,Card,1
T01460,C0985,P0180,2026-03-08 10:59:57,4,389.69,1558.76,Card,0
T01461,C1421,P0061,2025-09-24 04:06:11,1,76.72,76.72,Mobile Money,1
T01462,C0168,P0089,2025-10-11 10:49:22,2,51.37,102.74,Cash on Delivery,0
T01463,C0120,P0126,2026-03-02 02:55:57,1,349.51,349.51,Card,1
T01464,C1214,P0172,2025-07-10 16:01:53,1,75.78,75.78,Card,0
T01465,C0560,P0121,2025-06-16 00:30:43,4,351.26,1405.04,Card,0
T01466,C0223,P0059,2025-09-18 06:46:06,1,253.83,253.83,Cash on Delivery,0
T01467,C1725,P0011,2026-01-10 09:44:00,1,393.66,393.66,Mobile Money,0
T01468,C1012,P0046,2025-07-10 00:14:07,2,314.06,628.12,Card,0
T01469,C1364,P0034,2025-11-01 21:18:23,3,52.23,156.69,Mobile Money,0
T01470,C0574,P0135,2025-09-10 18:30:36,1,91.79,91.79,Cash on Delivery,0
T01471,C1117,P0057,2025-08-27 06:05:37,3,251.14,753.42,Mobile Money,0
T01472,C1157,P0116,2025-08-04 14:17:44,4,20.1,80.4,Mobile Money,0
T01473,C0419,P0076,2025-07-26 03:39:37,1,498.15,498.15,Mobile Money,0
T01474,C1729,P0037,2025-11-29 16:26:32,4,64.2,256.8,Cash on Delivery,0
T01475,C1993,P0144,2026-03-28 07:29:14,2,197.14,394.28,Card,0
T01476,C0458,P0042,2026-02-19 02:59:47,1,283.82,283.82,Mobile Money,0
T01477,C0340,P0048,2026-05-01 15:31:50,2,446.82,893.64,Mobile Money,0
T01478,C1977,P0093,2025-10-16 13:27:33,4,290.57,1162.28,Card,0
T01479,C0881,P0068,2026-05-04 12:33:45,2,166.35,332.7,Mobile Money,0
T01480,C0077,P0028,2025-11-10 06:15:39,1,86.81,86.81,Cash on Delivery,0
T01481,C1573,P0121,2026-02-01 02:39:24,3,351.26,1053.78,Card,1
T01482,C0092,P0176,2025-08-25 00:05:34,3,46.99,140.97,Cash on Delivery,1
T01483,C0466,P0083,2025-10-12 16:38:21,1,333.43,333.43,Card,0
T01484,C1064,P0121,2026-03-16 12:20:10,3,351.26,1053.78,Card,0
T01485,C1309,P0178,2026-02-04 10:21:23,1,473.89,473.89,Mobile Money,0
T01486,C1821,P0179,2026-04-11 04:23:28,2,178.36,356.72,Mobile Money,0
T01487,C1681,P0066,2025-07-08 09:41:46,4,400.18,1600.72,Card,1
T01488,C1439,P0120,2025-08-27 16:51:35,1,30.58,30.58,Card,1
T01489,C0368,P0092,2025-12-23 13:34:08,3,220.03,660.09,Card,0
T01490,C0572,P0052,2026-05-11 21:32:53,3,257.82,773.46,Card,0
T01491,C1264,P0094,2026-05-04 15:35:48,3,118.94,356.82,Mobile Money,1
T01492,C1424,P0179,2025-06-29 08:53:47,4,178.36,713.44,Cash on Delivery,0
T01493,C1754,P0098,2026-03-11 12:36:40,2,476.77,953.54,Cash on Delivery,1
T01494,C0792,P0170,2025-09-26 18:51:54,3,277.02,831.06,Cash on Delivery,1
T01495,C0256,P0107,2025-06-26 04:33:07,2,352.73,705.46,Mobile Money,1
T01496,C0147,P0171,2025-08-27 23:42:04,1,275.23,275.23,Cash on Delivery,0
T01497,C1642,P0084,2026-03-14 06:56:24,1,156.16,156.16,Card,0
T01498,C1178,P0094,2026-02-19 17:39:06,3,118.94,356.82,Card,0
T01499,C0835,P0095,2025-11-05 04:35:51,3,17.04,51.12,Mobile Money,0
T01500,C0765,P0056,2025-06-11 17:10:23,4,486.03,1944.12,Cash on Delivery,0
T01501,C0948,P0157,2025-08-30 19:23:34,2,128.76,257.52,Mobile Money,0
T01502,C1304,P0129,2026-02-26 04:49:12,4,467.63,1870.52,Card,0
T01503,C0883,P0102,2026-04-07 21:09:29,2,189.48,378.96,Card,1
T01504,C0523,P0135,2025-11-09 22:11:15,3,91.79,275.37,Card,0
T01505,C0319,P0036,2025-12-07 21:34:07,4,140.99,563.96,Mobile Money,0
T01506,C1477,P0080,2025-08-04 07:13:15,3,444.45,1333.35,Mobile Money,0
T01507,C0414,P0088,2026-05-28 16:19:27,2,361.87,723.74,Mobile Money,1
T01508,C0368,P0103,2026-04-16 20:29:12,1,349.53,349.53,Card,0
T01509,C1686,P0084,2026-05-29 22:24:51,2,156.16,312.32,Card,1
T01510,C0701,P0105,2026-01-21 08:19:58,2,74.34,148.68,Cash on Delivery,0
T01511,C0246,P0021,2026-04-13 17:03:56,1,484.94,484.94,Card,0
T01512,C0931,P0027,2025-10-07 12:33:19,2,273.63,547.26,Card,0
T01513,C0316,P0038,2025-09-24 07:07:13,4,362.26,1449.04,Cash on Delivery,1
T01514,C1360,P0070,2026-06-08 09:22:46,4,52.61,210.44,Cash on Delivery,0
T01515,C0387,P0155,2025-12-18 18:43:12,1,214.62,214.62,Cash on Delivery,0
T01516,C0358,P0177,2025-10-20 15:31:57,1,432.25,432.25,Mobile Money,0
T01517,C0022,P0102,2025-10-22 17:43:08,2,189.48,378.96,Cash on Delivery,0
T01518,C0276,P0019,2026-03-31 22:37:24,3,332.95,998.85,Card,1
T01519,C0552,P0147,2026-01-02 11:27:57,2,107.31,214.62,Card,0
T01520,C1096,P0167,2025-08-22 18:19:39,3,279.08,837.24,Card,1
T01521,C0795,P0109,2025-06-12 12:34:53,2,434.2,868.4,Mobile Money,1
T01522,C1775,P0079,2026-01-08 15:07:13,4,449.07,1796.28,Cash on Delivery,0
T01523,C0017,P0078,2025-09-28 04:25:24,3,143.04,429.12,Mobile Money,1
T01524,C0147,P0084,2025-11-01 02:53:50,2,156.16,312.32,Card,0
T01525,C0665,P0158,2025-06-10 16:26:12,2,465.72,931.44,Mobile Money,0
T01526,C0895,P0088,2025-09-21 19:45:44,2,361.87,723.74,Cash on Delivery,0
T01527,C1376,P0194,2026-04-05 16:13:02,2,369.86,739.72,Card,1
T01528,C0101,P0163,2025-11-01 17:36:54,3,479.48,1438.44,Mobile Money,0
T01529,C1179,P0071,2026-03-15 17:33:54,3,196.43,589.29,Card,0
T01530,C1963,P0010,2025-09-20 10:56:15,1,487.01,487.01,Cash on Delivery,0
T01531,C1670,P0183,2026-04-22 21:30:50,3,287.88,863.64,Cash on Delivery,0
T01532,C1968,P0006,2026-05-06 22:42:45,1,469.58,469.58,Mobile Money,0
T01533,C0211,P0077,2025-12-15 02:26:30,2,450.71,901.42,Cash on Delivery,0
T01534,C1683,P0051,2025-07-04 02:07:57,1,179.52,179.52,Cash on Delivery,0
T01535,C1510,P0121,2026-02-08 13:10:20,4,351.26,1405.04,Mobile Money,1
T01536,C0154,P0002,2025-07-26 20:10:52,3,390.95,1172.85,Mobile Money,0
T01537,C0791,P0070,2026-04-10 07:42:13,4,52.61,210.44,Card,0
T01538,C0134,P0054,2026-02-05 13:16:38,3,471.74,1415.22,Cash on Delivery,0
T01539,C0648,P0163,2026-05-03 15:34:16,3,479.48,1438.44,Cash on Delivery,0
T01540,C0946,P0057,2025-06-16 14:45:33,2,251.14,502.28,Cash on Delivery,0
T01541,C1523,P0177,2025-08-25 23:10:56,3,432.25,1296.75,Cash on Delivery,0
T01542,C0123,P0149,2025-07-05 03:21:41,1,311.04,311.04,Cash on Delivery,1
T01543,C1093,P0036,2025-06-27 23:36:11,3,140.99,422.97,Card,0
T01544,C0733,P0058,2025-10-21 18:08:45,3,498.88,1496.64,Card,0
T01545,C0590,P0016,2025-10-03 09:41:52,2,119.29,238.58,Card,0
T01546,C1282,P0122,2026-05-31 18:06:46,4,488.05,1952.2,Cash on Delivery,0
T01547,C1997,P0114,2025-08-17 01:03:06,2,22.79,45.58,Cash on Delivery,0
T01548,C0977,P0124,2025-07-15 05:45:38,2,222.29,444.58,Cash on Delivery,0
T01549,C1703,P0163,2026-02-12 08:37:18,2,479.48,958.96,Card,0
T01550,C0165,P0129,2025-09-22 03:38:03,2,467.63,935.26,Mobile Money,0
T01551,C1156,P0021,2026-02-17 13:20:06,1,484.94,484.94,Cash on Delivery,0
T01552,C0141,P0058,2026-04-20 19:48:58,1,498.88,498.88,Cash on Delivery,0
T01553,C1233,P0174,2026-05-08 11:47:10,3,351.98,1055.94,Cash on Delivery,0
T01554,C1075,P0007,2026-04-27 17:58:31,3,95.79,287.37,Cash on Delivery,0
T01555,C0922,P0003,2025-07-25 22:32:33,2,82.22,164.44,Mobile Money,0
T01556,C1342,P0031,2026-05-03 01:15:56,4,365.86,1463.44,Mobile Money,0
T01557,C0364,P0154,2026-03-09 06:12:53,3,402.72,1208.16,Mobile Money,0
T01558,C1068,P0055,2025-07-16 20:37:14,4,281.26,1125.04,Card,0
T01559,C0542,P0081,2026-01-06 08:20:38,2,85.01,170.02,Mobile Money,0
T01560,C0014,P0066,2025-06-27 02:54:00,4,400.18,1600.72,Mobile Money,0
T01561,C0618,P0101,2025-08-04 21:11:03,3,426.31,1278.93,Cash on Delivery,1
T01562,C1099,P0103,2025-12-31 01:20:17,2,349.53,699.06,Cash on Delivery,0
T01563,C0194,P0191,2026-04-12 20:32:20,3,484.8,1454.4,Mobile Money,0
T01564,C1064,P0107,2026-02-24 04:07:56,4,352.73,1410.92,Cash on Delivery,0
T01565,C1041,P0141,2026-01-04 14:31:23,3,343.56,1030.68,Card,0
T01566,C1011,P0015,2025-11-13 21:28:16,1,405.16,405.16,Mobile Money,0
T01567,C0525,P0016,2025-10-05 05:57:20,3,119.29,357.87,Cash on Delivery,0
T01568,C1067,P0151,2026-02-06 07:22:39,4,173.61,694.44,Mobile Money,0
T01569,C1866,P0178,2026-02-05 15:17:38,2,473.89,947.78,Mobile Money,0
T01570,C1677,P0081,2025-10-10 00:02:54,2,85.01,170.02,Card,0
T01571,C1006,P0030,2025-07-15 15:17:51,1,11.97,11.97,Card,0
T01572,C1802,P0030,2025-10-14 08:51:39,3,11.97,35.91,Mobile Money,0
T01573,C0094,P0099,2026-03-17 18:07:41,2,483.49,966.98,Card,0
T01574,C0899,P0039,2025-06-30 22:22:49,1,249.43,249.43,Cash on Delivery,0
T01575,C0503,P0089,2025-07-02 17:10:33,2,51.37,102.74,Cash on Delivery,0
T01576,C0192,P0166,2026-03-09 23:23:19,2,226.98,453.96,Card,0
T01577,C0642,P0039,2026-04-17 16:23:08,2,249.43,498.86,Card,0
T01578,C0387,P0043,2025-12-07 12:55:19,1,128.4,128.4,Card,0
T01579,C1498,P0169,2026-02-05 04:27:20,4,465.81,1863.24,Mobile Money,0
T01580,C1010,P0096,2025-09-27 06:15:23,3,497.3,1491.9,Mobile Money,0
T01581,C1871,P0191,2026-01-21 22:41:36,1,484.8,484.8,Mobile Money,1
T01582,C1116,P0132,2025-12-05 06:56:15,4,181.21,724.84,Card,1
T01583,C0178,P0010,2026-02-27 14:10:42,3,487.01,1461.03,Mobile Money,0
T01584,C0559,P0151,2025-11-25 15:06:37,1,173.61,173.61,Mobile Money,0
T01585,C0103,P0003,2025-09-15 14:57:48,3,82.22,246.66,Mobile Money,0
T01586,C0116,P0017,2025-09-19 11:13:37,2,65.41,130.82,Cash on Delivery,0
T01587,C1936,P0091,2026-05-03 00:11:41,4,199.58,798.32,Mobile Money,0
T01588,C1332,P0104,2025-06-18 03:25:32,3,108.41,325.23,Mobile Money,0
T01589,C0810,P0111,2026-03-27 04:06:16,1,40.12,40.12,Mobile Money,0
T01590,C1023,P0130,2025-12-31 02:47:45,3,370.26,1110.78,Mobile Money,0
T01591,C0027,P0046,2026-02-01 23:56:57,4,314.06,1256.24,Card,0
T01592,C1389,P0015,2026-05-07 08:16:08,3,405.16,1215.48,Cash on Delivery,0
T01593,C0777,P0185,2025-10-26 17:40:56,2,342.11,684.22,Mobile Money,0
T01594,C0504,P0105,2026-01-17 09:51:07,2,74.34,148.68,Cash on Delivery,1
T01595,C0030,P0185,2026-01-19 23:04:43,4,342.11,1368.44,Cash on Delivery,0
T01596,C0126,P0183,2026-03-31 14:13:30,4,287.88,1151.52,Card,0
T01597,C1390,P0084,2025-10-22 19:36:54,2,156.16,312.32,Cash on Delivery,0
T01598,C1467,P0027,2026-06-04 20:34:55,4,273.63,1094.52,Cash on Delivery,0
T01599,C0872,P0007,2026-02-10 23:41:11,4,95.79,383.16,Cash on Delivery,0
T01600,C1934,P0072,2025-11-07 16:10:18,2,339.47,678.94,Mobile Money,1
T01601,C1170,P0138,2026-01-23 06:47:39,2,309.85,619.7,Mobile Money,0
T01602,C1332,P0018,2025-09-19 09:33:30,4,90.82,363.28,Card,0
T01603,C0671,P0197,2025-06-28 00:16:59,4,98.12,392.48,Cash on Delivery,0
T01604,C0352,P0084,2025-10-30 00:37:42,3,156.16,468.48,Card,0
T01605,C0958,P0042,2025-10-18 00:39:09,1,283.82,283.82,Mobile Money,0
T01606,C1997,P0113,2025-09-17 03:28:45,2,291.54,583.08,Cash on Delivery,1
T01607,C0858,P0124,2025-12-29 02:20:14,3,222.29,666.87,Cash on Delivery,1
T01608,C0298,P0172,2025-07-26 12:14:22,4,75.78,303.12,Cash on Delivery,0
T01609,C0107,P0045,2026-04-06 01:12:41,2,148.43,296.86,Cash on Delivery,0
T01610,C0128,P0163,2025-11-25 20:53:36,2,479.48,958.96,Cash on Delivery,0
T01611,C0198,P0038,2026-03-22 12:37:50,1,362.26,362.26,Card,0
T01612,C0007,P0192,2025-10-25 10:49:58,1,112.32,112.32,Mobile Money,1
T01613,C0519,P0044,2025-11-17 15:33:27,4,105.52,422.08,Mobile Money,1
T01614,C1025,P0194,2025-08-05 17:15:23,4,369.86,1479.44,Mobile Money,0
T01615,C0601,P0062,2025-09-21 08:13:48,3,278.68,836.04,Mobile Money,0
T01616,C1671,P0018,2025-06-13 00:41:27,4,90.82,363.28,Card,0
T01617,C1603,P0115,2025-12-10 01:41:32,2,491.01,982.02,Cash on Delivery,0
T01618,C1725,P0093,2026-04-01 04:39:03,2,290.57,581.14,Cash on Delivery,0
T01619,C0235,P0059,2026-05-19 11:32:38,3,253.83,761.49,Mobile Money,0
T01620,C0610,P0069,2025-08-04 23:24:41,3,258.49,775.47,Cash on Delivery,0
T01621,C1000,P0008,2025-07-01 03:45:54,2,8.5,17.0,Cash on Delivery,0
T01622,C0385,P0055,2025-07-11 18:13:42,2,281.26,562.52,Cash on Delivery,1
T01623,C1384,P0056,2026-02-04 16:14:03,1,486.03,486.03,Cash on Delivery,1
T01624,C0138,P0114,2026-03-28 05:04:29,4,22.79,91.16,Mobile Money,0
T01625,C0535,P0108,2025-07-20 16:27:30,4,151.77,607.08,Mobile Money,0
T01626,C0656,P0144,2025-06-16 04:08:21,1,197.14,197.14,Cash on Delivery,0
T01627,C1887,P0056,2026-05-14 10:14:00,4,486.03,1944.12,Card,0
T01628,C0447,P0006,2025-11-30 12:19:13,2,469.58,939.16,Card,0
T01629,C0874,P0129,2026-06-03 14:32:45,3,467.63,1402.89,Mobile Money,0
T01630,C1326,P0089,2025-06-16 05:48:05,3,51.37,154.11,Card,1
T01631,C0611,P0121,2025-12-07 02:04:32,1,351.26,351.26,Mobile Money,0
T01632,C1855,P0166,2025-08-23 18:42:00,1,226.98,226.98,Card,0
T01633,C0837,P0050,2026-04-06 05:45:47,4,117.83,471.32,Cash on Delivery,0
T01634,C0564,P0073,2025-07-09 06:00:10,4,462.72,1850.88,Cash on Delivery,0
T01635,C1217,P0009,2025-07-05 01:21:11,3,307.87,923.61,Card,1
T01636,C0010,P0118,2025-10-08 00:15:45,3,263.51,790.53,Card,0
T01637,C1764,P0046,2025-12-16 09:36:02,3,314.06,942.18,Mobile Money,0
T01638,C1076,P0186,2025-09-18 13:30:57,1,241.47,241.47,Card,0
T01639,C1037,P0099,2025-08-23 15:24:53,1,483.49,483.49,Mobile Money,1
T01640,C0357,P0134,2026-04-22 00:38:24,2,25.16,50.32,Cash on Delivery,0
T01641,C0928,P0128,2025-11-27 23:47:17,4,276.87,1107.48,Card,1
T01642,C1285,P0011,2026-01-05 14:08:27,1,393.66,393.66,Mobile Money,0
T01643,C0373,P0006,2025-08-24 11:03:13,2,469.58,939.16,Card,0
T01644,C1105,P0149,2025-12-03 20:52:19,2,311.04,622.08,Card,0
T01645,C1084,P0155,2026-05-29 18:36:17,3,214.62,643.86,Card,0
T01646,C1585,P0194,2026-05-21 04:19:29,1,369.86,369.86,Mobile Money,0
T01647,C0810,P0034,2025-08-29 23:06:41,1,52.23,52.23,Cash on Delivery,0
T01648,C1498,P0193,2026-05-09 12:28:06,4,315.64,1262.56,Card,0
T01649,C1530,P0001,2025-08-27 12:54:08,3,190.4,571.2,Cash on Delivery,1
T01650,C1422,P0132,2025-08-31 01:52:08,3,181.21,543.63,Mobile Money,0
T01651,C0290,P0110,2026-01-08 22:12:57,2,253.25,506.5,Card,0
T01652,C1302,P0001,2025-11-03 01:06:25,1,190.4,190.4,Card,1
T01653,C1202,P0189,2026-03-16 01:09:55,2,446.12,892.24,Card,0
T01654,C0988,P0016,2026-01-28 20:05:26,4,119.29,477.16,Mobile Money,1
T01655,C0760,P0119,2026-02-05 15:35:16,2,482.8,965.6,Cash on Delivery,0
T01656,C1066,P0198,2025-11-02 02:31:41,1,118.55,118.55,Card,0
T01657,C1397,P0194,2025-12-30 17:42:36,3,369.86,1109.58,Cash on Delivery,0
T01658,C0364,P0163,2025-08-28 18:49:31,4,479.48,1917.92,Cash on Delivery,0
T01659,C0480,P0130,2026-01-12 22:18:57,3,370.26,1110.78,Cash on Delivery,0
T01660,C0460,P0177,2025-07-30 17:51:14,3,432.25,1296.75,Mobile Money,0
T01661,C0974,P0009,2026-03-11 10:49:53,3,307.87,923.61,Mobile Money,0
T01662,C1732,P0130,2025-11-17 16:46:48,1,370.26,370.26,Card,0
T01663,C1493,P0060,2026-03-21 16:27:09,3,175.81,527.43,Cash on Delivery,1
T01664,C1201,P0112,2025-09-18 04:05:05,2,445.55,891.1,Card,1
T01665,C1107,P0130,2025-06-27 20:04:59,1,370.26,370.26,Mobile Money,0
T01666,C1556,P0104,2025-11-29 20:57:51,4,108.41,433.64,Mobile Money,0
T01667,C1522,P0126,2025-07-29 05:43:59,3,349.51,1048.53,Mobile Money,0
T01668,C1075,P0098,2025-12-26 05:09:40,4,476.77,1907.08,Cash on Delivery,0
T01669,C1087,P0088,2025-08-26 21:09:51,2,361.87,723.74,Card,0
T01670,C1214,P0089,2025-08-30 10:24:27,1,51.37,51.37,Cash on Delivery,1
T01671,C1372,P0131,2025-11-05 11:59:28,1,366.37,366.37,Card,0
T01672,C1200,P0076,2026-03-29 17:15:57,2,498.15,996.3,Card,0
T01673,C0901,P0108,2025-10-10 09:58:34,4,151.77,607.08,Card,0
T01674,C0483,P0139,2025-09-03 05:10:18,2,134.14,268.28,Cash on Delivery,0
T01675,C1644,P0119,2025-07-23 15:11:33,1,482.8,482.8,Cash on Delivery,0
T01676,C1461,P0147,2025-06-20 15:55:55,4,107.31,429.24,Card,0
T01677,C1213,P0183,2025-10-19 20:58:38,4,287.88,1151.52,Card,0
T01678,C1884,P0160,2025-11-03 11:55:26,2,56.05,112.1,Mobile Money,0
T01679,C0586,P0164,2026-03-25 04:32:58,2,163.06,326.12,Card,0
T01680,C0140,P0096,2025-09-28 12:25:17,2,497.3,994.6,Card,1
T01681,C0225,P0115,2025-06-18 16:39:35,4,491.01,1964.04,Card,0
T01682,C1574,P0046,2026-03-01 22:44:35,3,314.06,942.18,Card,0
T01683,C1277,P0130,2026-01-28 11:23:36,1,370.26,370.26,Mobile Money,0
T01684,C1122,P0108,2026-01-16 15:09:46,1,151.77,151.77,Cash on Delivery,0
T01685,C0551,P0019,2025-08-31 19:13:08,3,332.95,998.85,Card,0
T01686,C0447,P0042,2025-11-09 12:15:14,1,283.82,283.82,Card,0
T01687,C1243,P0090,2025-08-27 00:08:39,2,128.98,257.96,Mobile Money,0
T01688,C0916,P0107,2025-07-18 02:42:09,4,352.73,1410.92,Card,0
T01689,C1632,P0198,2025-07-16 09:33:11,4,118.55,474.2,Card,1
T01690,C1150,P0147,2025-06-18 11:55:51,4,107.31,429.24,Card,0
T01691,C0024,P0147,2025-11-01 16:15:59,4,107.31,429.24,Card,0
T01692,C0120,P0184,2026-03-21 12:44:42,1,63.18,63.18,Card,0
T01693,C1321,P0018,2026-06-03 00:30:42,4,90.82,363.28,Card,0
T01694,C0944,P0087,2025-09-04 09:53:58,4,374.51,1498.04,Mobile Money,0
T01695,C1936,P0082,2025-10-01 10:31:32,4,292.44,1169.76,Mobile Money,0
T01696,C1447,P0151,2026-02-26 09:13:32,2,173.61,347.22,Cash on Delivery,0
T01697,C1085,P0033,2025-12-20 11:24:27,4,432.24,1728.96,Mobile Money,1
T01698,C0084,P0055,2026-05-06 20:10:48,1,281.26,281.26,Cash on Delivery,1
T01699,C0375,P0168,2025-10-31 13:58:48,2,396.83,793.66,Cash on Delivery,1
T01700,C1921,P0072,2025-10-15 22:13:41,2,339.47,678.94,Cash on Delivery,1
T01701,C0096,P0085,2025-08-09 13:07:38,1,327.72,327.72,Mobile Money,0
T01702,C1710,P0053,2026-04-21 17:08:23,1,347.76,347.76,Card,1
T01703,C0828,P0110,2026-02-07 04:47:44,2,253.25,506.5,Cash on Delivery,1
T01704,C0765,P0051,2025-07-31 03:01:46,1,179.52,179.52,Card,0
T01705,C1456,P0073,2025-12-25 21:35:13,4,462.72,1850.88,Mobile Money,0
T01706,C0331,P0168,2025-11-23 08:16:53,3,396.83,1190.49,Cash on Delivery,0
T01707,C1167,P0019,2025-11-20 21:11:28,2,332.95,665.9,Mobile Money,0
T01708,C0824,P0070,2026-02-07 23:33:31,1,52.61,52.61,Mobile Money,1
T01709,C0686,P0138,2026-02-14 09:45:13,4,309.85,1239.4,Card,0
T01710,C1739,P0080,2026-05-21 01:35:50,1,444.45,444.45,Card,0
T01711,C1352,P0185,2026-02-02 12:55:06,3,342.11,1026.33,Mobile Money,0
T01712,C1858,P0092,2025-07-21 11:07:05,3,220.03,660.09,Cash on Delivery,0
T01713,C1588,P0181,2025-06-25 13:56:40,2,128.12,256.24,Card,1
T01714,C1974,P0093,2025-07-15 15:31:08,1,290.57,290.57,Card,0
T01715,C1473,P0047,2025-07-10 16:31:55,3,230.98,692.94,Card,0
T01716,C0214,P0143,2026-01-28 13:18:04,4,320.02,1280.08,Cash on Delivery,1
T01717,C1313,P0034,2025-09-21 14:05:15,2,52.23,104.46,Card,1
T01718,C0258,P0073,2025-08-18 01:07:21,3,462.72,1388.16,Mobile Money,0
T01719,C0694,P0132,2025-10-31 19:38:14,4,181.21,724.84,Cash on Delivery,1
T01720,C1337,P0033,2025-06-26 00:10:39,1,432.24,432.24,Cash on Delivery,0
T01721,C0820,P0040,2025-06-30 04:33:38,2,59.89,119.78,Card,1
T01722,C0599,P0016,2026-01-11 22:03:17,4,119.29,477.16,Card,1
T01723,C1700,P0060,2025-12-08 10:52:41,2,175.81,351.62,Card,0
T01724,C1638,P0003,2025-07-16 09:31:51,3,82.22,246.66,Card,0
T01725,C1155,P0023,2026-06-07 15:18:26,3,461.33,1383.99,Cash on Delivery,1
T01726,C1024,P0158,2025-12-20 15:56:06,1,465.72,465.72,Cash on Delivery,0
T01727,C0954,P0017,2026-06-02 17:08:40,2,65.41,130.82,Card,1
T01728,C0878,P0058,2025-08-22 05:23:57,4,498.88,1995.52,Cash on Delivery,0
T01729,C1447,P0185,2025-10-09 19:13:21,3,342.11,1026.33,Mobile Money,1
T01730,C1720,P0078,2025-07-23 22:26:37,2,143.04,286.08,Cash on Delivery,0
T01731,C1036,P0143,2025-10-04 13:00:04,4,320.02,1280.08,Mobile Money,0
T01732,C0809,P0008,2025-06-14 15:35:59,4,8.5,34.0,Mobile Money,1
T01733,C1240,P0162,2025-10-22 16:20:08,2,448.28,896.56,Card,0
T01734,C0133,P0029,2025-09-23 10:55:22,4,387.26,1549.04,Card,0
T01735,C1566,P0005,2025-11-14 14:09:15,4,15.19,60.76,Mobile Money,0
T01736,C1010,P0117,2026-04-07 13:14:16,2,155.12,310.24,Card,0
T01737,C0141,P0005,2026-03-04 15:57:07,3,15.19,45.57,Cash on Delivery,0
T01738,C1586,P0049,2026-06-04 01:54:24,1,181.37,181.37,Cash on Delivery,0
T01739,C1582,P0014,2025-11-17 03:06:08,4,11.57,46.28,Cash on Delivery,0
T01740,C1108,P0082,2026-04-02 23:10:52,2,292.44,584.88,Card,0
T01741,C0175,P0034,2025-10-09 03:09:14,3,52.23,156.69,Cash on Delivery,1
T01742,C1487,P0060,2025-12-28 04:41:48,2,175.81,351.62,Card,0
T01743,C0866,P0081,2025-06-22 10:12:52,3,85.01,255.03,Mobile Money,0
T01744,C1887,P0091,2026-04-16 22:29:08,1,199.58,199.58,Cash on Delivery,0
T01745,C0644,P0178,2026-05-15 10:21:00,1,473.89,473.89,Mobile Money,0
T01746,C1596,P0169,2025-12-22 12:01:47,3,465.81,1397.43,Card,0
T01747,C0241,P0113,2025-08-14 06:07:49,1,291.54,291.54,Card,0
T01748,C0340,P0190,2025-11-20 01:12:07,4,459.96,1839.84,Cash on Delivery,0
T01749,C1495,P0025,2026-04-07 15:43:29,4,197.4,789.6,Card,0
T01750,C1849,P0033,2026-05-08 20:24:36,3,432.24,1296.72,Card,1
T01751,C1989,P0015,2026-02-26 09:30:53,1,405.16,405.16,Card,0
T01752,C1264,P0060,2026-06-03 15:32:05,1,175.81,175.81,Cash on Delivery,0
T01753,C1963,P0096,2026-04-06 09:20:39,2,497.3,994.6,Mobile Money,0
T01754,C1958,P0160,2026-01-14 09:24:50,1,56.05,56.05,Mobile Money,1
T01755,C0209,P0026,2026-05-30 00:07:17,4,295.44,1181.76,Cash on Delivery,0
T01756,C0433,P0133,2025-07-30 00:56:08,1,174.23,174.23,Card,1
T01757,C0389,P0097,2026-05-31 10:40:39,3,457.86,1373.58,Card,0
T01758,C1298,P0071,2025-10-29 12:36:35,4,196.43,785.72,Mobile Money,0
T01759,C1090,P0095,2025-07-24 09:16:43,2,17.04,34.08,Mobile Money,0
T01760,C1322,P0127,2025-06-20 19:45:37,1,458.03,458.03,Cash on Delivery,0
T01761,C1291,P0117,2026-01-21 18:46:17,4,155.12,620.48,Mobile Money,0
T01762,C1218,P0026,2026-01-09 13:41:15,1,295.44,295.44,Card,0
T01763,C1910,P0168,2026-06-02 18:08:05,4,396.83,1587.32,Cash on Delivery,0
T01764,C0465,P0179,2025-07-03 19:05:59,4,178.36,713.44,Cash on Delivery,1
T01765,C1029,P0057,2025-08-14 06:16:11,2,251.14,502.28,Cash on Delivery,0
T01766,C0499,P0014,2025-10-20 03:23:08,4,11.57,46.28,Mobile Money,0
T01767,C0816,P0068,2025-12-01 05:20:13,4,166.35,665.4,Cash on Delivery,0
T01768,C0969,P0175,2026-05-17 14:35:52,4,446.49,1785.96,Card,0
T01769,C1161,P0003,2026-02-13 01:18:42,3,82.22,246.66,Mobile Money,1
T01770,C1304,P0100,2025-09-16 12:52:01,3,42.3,126.9,Cash on Delivery,0
T01771,C0481,P0132,2026-03-02 08:22:43,1,181.21,181.21,Mobile Money,0
T01772,C0419,P0001,2025-08-11 00:39:16,4,190.4,761.6,Mobile Money,0
T01773,C0462,P0140,2026-02-25 11:25:43,2,254.05,508.1,Cash on Delivery,0
T01774,C1938,P0010,2025-10-11 12:46:45,2,487.01,974.02,Mobile Money,0
T01775,C0222,P0152,2025-09-15 16:49:23,1,63.49,63.49,Card,1
T01776,C1786,P0079,2025-08-24 06:25:50,4,449.07,1796.28,Card,0
T01777,C0912,P0099,2026-04-20 19:44:03,2,483.49,966.98,Cash on Delivery,0
T01778,C1413,P0143,2025-12-15 04:11:58,2,320.02,640.04,Card,0
T01779,C1076,P0045,2025-10-14 04:47:03,2,148.43,296.86,Mobile Money,0
T01780,C0135,P0199,2025-10-25 16:41:14,4,487.33,1949.32,Card,0
T01781,C1494,P0155,2026-05-29 07:10:09,1,214.62,214.62,Cash on Delivery,1
T01782,C0785,P0112,2025-12-03 21:46:23,1,445.55,445.55,Mobile Money,1
T01783,C1609,P0044,2025-09-21 16:10:48,1,105.52,105.52,Card,0
T01784,C0545,P0005,2025-09-28 18:10:11,3,15.19,45.57,Mobile Money,1
T01785,C1434,P0132,2026-02-11 12:07:14,4,181.21,724.84,Card,0
T01786,C0662,P0068,2025-06-23 22:45:50,4,166.35,665.4,Mobile Money,0
T01787,C1210,P0036,2025-09-19 00:01:04,2,140.99,281.98,Mobile Money,1
T01788,C0025,P0183,2025-06-25 00:04:04,3,287.88,863.64,Card,0
T01789,C1597,P0072,2026-03-24 12:02:29,1,339.47,339.47,Mobile Money,0
T01790,C0570,P0018,2025-08-06 15:09:39,2,90.82,181.64,Mobile Money,0
T01791,C1593,P0076,2025-06-17 22:57:56,1,498.15,498.15,Card,1
T01792,C0831,P0097,2025-06-27 08:38:24,3,457.86,1373.58,Mobile Money,0
T01793,C1933,P0012,2026-06-07 04:48:51,3,491.7,1475.1,Cash on Delivery,0
T01794,C1753,P0163,2026-01-10 17:12:08,3,479.48,1438.44,Cash on Delivery,0
T01795,C1265,P0104,2025-08-25 08:00:34,3,108.41,325.23,Card,0
T01796,C0970,P0089,2025-09-30 02:35:07,1,51.37,51.37,Card,0
T01797,C0067,P0081,2026-04-02 23:50:13,3,85.01,255.03,Mobile Money,1
T01798,C0974,P0150,2025-10-06 16:35:42,2,162.89,325.78,Cash on Delivery,1
T01799,C1812,P0091,2025-07-01 00:18:20,2,199.58,399.16,Mobile Money,1
T01800,C0384,P0048,2025-08-12 04:13:01,2,446.82,893.64,Mobile Money,0
T01801,C0966,P0077,2026-05-22 02:03:39,2,450.71,901.42,Cash on Delivery,1
T01802,C0011,P0006,2026-04-14 17:07:58,3,469.58,1408.74,Card,0
T01803,C0108,P0112,2025-11-16 08:11:28,1,445.55,445.55,Card,0
T01804,C0084,P0094,2026-04-21 08:02:25,3,118.94,356.82,Mobile Money,0
T01805,C1040,P0058,2025-08-28 10:47:20,1,498.88,498.88,Card,0
T01806,C0969,P0070,2025-12-21 17:56:57,1,52.61,52.61,Mobile Money,1
T01807,C0727,P0165,2025-07-05 04:07:11,1,243.85,243.85,Card,1
T01808,C0403,P0144,2026-02-08 13:17:41,2,197.14,394.28,Cash on Delivery,0
T01809,C1978,P0172,2025-12-04 17:40:01,2,75.78,151.56,Mobile Money,0
T01810,C0814,P0138,2026-05-06 04:53:36,4,309.85,1239.4,Cash on Delivery,0
T01811,C0293,P0019,2026-04-08 08:14:40,2,332.95,665.9,Cash on Delivery,0
T01812,C1837,P0112,2025-09-26 04:29:52,2,445.55,891.1,Mobile Money,0
T01813,C0642,P0117,2026-02-05 23:54:57,2,155.12,310.24,Cash on Delivery,0
T01814,C1107,P0044,2025-06-22 19:57:49,1,105.52,105.52,Mobile Money,0
T01815,C0539,P0124,2026-01-27 07:44:44,4,222.29,889.16,Cash on Delivery,0
T01816,C0519,P0048,2026-03-19 18:42:44,2,446.82,893.64,Mobile Money,0
T01817,C0711,P0155,2025-11-22 16:01:00,1,214.62,214.62,Card,0
T01818,C1664,P0112,2025-09-12 16:13:51,1,445.55,445.55,Cash on Delivery,0
T01819,C0673,P0018,2026-05-28 08:32:51,1,90.82,90.82,Card,0
T01820,C1305,P0096,2025-11-01 11:33:54,2,497.3,994.6,Cash on Delivery,0
T01821,C1702,P0142,2025-12-28 05:13:24,2,323.0,646.0,Cash on Delivery,0
T01822,C0702,P0004,2025-07-23 21:26:01,4,170.19,680.76,Cash on Delivery,1
T01823,C0803,P0082,2026-01-26 15:03:55,2,292.44,584.88,Cash on Delivery,0
T01824,C1014,P0099,2026-02-07 11:20:20,4,483.49,1933.96,Mobile Money,0
T01825,C0321,P0023,2025-07-22 21:30:49,1,461.33,461.33,Card,0
T01826,C1689,P0082,2025-06-19 15:19:06,3,292.44,877.32,Card,0
T01827,C1809,P0181,2026-04-14 00:40:35,4,128.12,512.48,Cash on Delivery,0
T01828,C0717,P0185,2025-12-03 17:44:31,3,342.11,1026.33,Mobile Money,1
T01829,C1177,P0148,2026-01-06 05:13:15,4,54.89,219.56,Mobile Money,0
T01830,C1777,P0170,2026-03-25 06:12:03,1,277.02,277.02,Card,0
T01831,C1345,P0031,2026-01-27 09:09:40,1,365.86,365.86,Mobile Money,0
T01832,C0496,P0180,2026-05-17 19:25:31,4,389.69,1558.76,Mobile Money,0
T01833,C0542,P0092,2026-04-06 13:37:46,1,220.03,220.03,Mobile Money,0
T01834,C1506,P0123,2025-06-23 14:29:08,3,25.33,75.99,Cash on Delivery,0
T01835,C1053,P0070,2026-06-05 07:45:12,3,52.61,157.83,Card,0
T01836,C1953,P0003,2025-09-20 23:31:33,2,82.22,164.44,Mobile Money,0
T01837,C1605,P0075,2026-03-10 14:05:47,1,279.82,279.82,Card,0
T01838,C0722,P0160,2026-03-26 06:10:36,3,56.05,168.15,Mobile Money,0
T01839,C0704,P0084,2025-11-17 15:53:00,4,156.16,624.64,Cash on Delivery,0
T01840,C1265,P0116,2025-06-26 23:24:21,3,20.1,60.3,Mobile Money,1
T01841,C0397,P0168,2025-11-08 13:18:47,4,396.83,1587.32,Cash on Delivery,0
T01842,C1738,P0080,2026-03-18 19:52:28,1,444.45,444.45,Mobile Money,0
T01843,C0959,P0029,2025-12-05 20:12:31,2,387.26,774.52,Cash on Delivery,0
T01844,C1255,P0154,2026-02-14 05:15:31,4,402.72,1610.88,Cash on Delivery,0
T01845,C0177,P0102,2026-02-02 05:57:30,3,189.48,568.44,Mobile Money,0
T01846,C0927,P0181,2025-12-11 09:02:03,4,128.12,512.48,Mobile Money,0
T01847,C0761,P0012,2026-03-10 13:12:09,2,491.7,983.4,Mobile Money,0
T01848,C1926,P0164,2026-03-31 10:46:18,2,163.06,326.12,Cash on Delivery,1
T01849,C1055,P0135,2025-12-27 18:03:16,1,91.79,91.79,Cash on Delivery,1
T01850,C0259,P0091,2025-07-09 07:12:47,4,199.58,798.32,Card,0
T01851,C1406,P0104,2025-09-26 01:51:18,3,108.41,325.23,Cash on Delivery,0
T01852,C1974,P0001,2025-08-05 02:41:41,1,190.4,190.4,Mobile Money,0
T01853,C0647,P0178,2025-07-02 16:44:45,3,473.89,1421.67,Cash on Delivery,1
T01854,C1113,P0191,2025-12-08 18:55:10,3,484.8,1454.4,Cash on Delivery,0
T01855,C1146,P0195,2025-09-20 18:16:06,2,475.45,950.9,Mobile Money,0
T01856,C0036,P0116,2026-03-21 04:29:45,4,20.1,80.4,Cash on Delivery,0
T01857,C1305,P0067,2026-04-06 23:55:11,1,97.33,97.33,Mobile Money,1
T01858,C1754,P0011,2025-07-13 22:43:51,4,393.66,1574.64,Cash on Delivery,0
T01859,C0240,P0066,2026-02-13 22:16:08,4,400.18,1600.72,Cash on Delivery,0
T01860,C0562,P0060,2026-04-21 20:28:42,2,175.81,351.62,Card,0
T01861,C0831,P0167,2025-10-09 04:09:11,1,279.08,279.08,Cash on Delivery,0
T01862,C0092,P0189,2026-02-08 21:36:00,3,446.12,1338.36,Mobile Money,0
T01863,C0289,P0038,2026-05-10 08:04:33,4,362.26,1449.04,Card,0
T01864,C1452,P0075,2026-01-05 05:19:21,1,279.82,279.82,Card,0
T01865,C0175,P0129,2026-05-25 14:35:20,1,467.63,467.63,Card,1
T01866,C0474,P0161,2025-11-20 06:36:06,3,250.8,752.4,Mobile Money,1
T01867,C0270,P0143,2025-12-14 09:10:34,1,320.02,320.02,Mobile Money,0
T01868,C0694,P0151,2026-05-02 05:54:28,4,173.61,694.44,Mobile Money,0
T01869,C0182,P0120,2025-08-11 11:32:11,4,30.58,122.32,Card,0
T01870,C1920,P0036,2025-12-04 05:27:33,4,140.99,563.96,Card,0
T01871,C0865,P0180,2025-12-17 17:29:34,2,389.69,779.38,Cash on Delivery,1
T01872,C1702,P0156,2025-07-09 19:00:04,2,495.3,990.6,Mobile Money,1
T01873,C0491,P0158,2026-05-10 22:30:07,2,465.72,931.44,Mobile Money,0
T01874,C0988,P0081,2025-10-19 21:33:12,1,85.01,85.01,Cash on Delivery,0
T01875,C1070,P0182,2025-07-03 22:06:25,3,248.85,746.55,Cash on Delivery,0
T01876,C1512,P0156,2026-05-31 23:38:10,1,495.3,495.3,Card,1
T01877,C0748,P0176,2025-12-08 17:34:07,4,46.99,187.96,Card,0
T01878,C0517,P0060,2025-12-29 17:06:33,4,175.81,703.24,Mobile Money,0
T01879,C0966,P0197,2025-12-04 15:06:42,2,98.12,196.24,Card,0
T01880,C0181,P0135,2025-08-20 16:48:55,3,91.79,275.37,Cash on Delivery,0
T01881,C1289,P0145,2025-11-17 23:16:29,3,406.55,1219.65,Card,0
T01882,C0969,P0150,2025-07-07 02:54:56,1,162.89,162.89,Mobile Money,0
T01883,C0484,P0187,2025-10-07 10:37:14,4,115.68,462.72,Cash on Delivery,0
T01884,C0268,P0013,2025-08-16 08:49:53,3,305.73,917.19,Card,1
T01885,C0528,P0164,2025-08-04 12:07:39,2,163.06,326.12,Cash on Delivery,0
T01886,C1043,P0092,2026-03-11 01:26:31,4,220.03,880.12,Mobile Money,0
T01887,C1412,P0104,2026-01-04 07:59:00,2,108.41,216.82,Card,0
T01888,C1119,P0158,2025-06-14 08:52:32,3,465.72,1397.16,Cash on Delivery,0
T01889,C0941,P0174,2026-05-15 22:43:08,3,351.98,1055.94,Cash on Delivery,1
T01890,C1597,P0037,2025-08-17 09:20:47,1,64.2,64.2,Card,0
T01891,C0303,P0035,2025-08-30 14:16:06,2,165.97,331.94,Card,0
T01892,C0823,P0149,2026-05-28 01:47:34,1,311.04,311.04,Card,0
T01893,C0518,P0088,2025-11-15 11:13:57,3,361.87,1085.61,Cash on Delivery,0
T01894,C1842,P0121,2025-06-13 23:37:14,3,351.26,1053.78,Mobile Money,0
T01895,C0025,P0165,2026-02-28 11:24:25,1,243.85,243.85,Card,1
T01896,C0817,P0123,2025-06-10 03:58:16,1,25.33,25.33,Card,1
T01897,C1018,P0122,2025-09-04 16:01:12,3,488.05,1464.15,Cash on Delivery,0
T01898,C0436,P0083,2026-04-19 03:05:33,1,333.43,333.43,Card,0
T01899,C0616,P0182,2025-12-25 23:43:39,4,248.85,995.4,Mobile Money,0
T01900,C0404,P0047,2026-01-26 22:33:28,3,230.98,692.94,Cash on Delivery,0
T01901,C0656,P0161,2025-10-26 04:27:33,1,250.8,250.8,Mobile Money,0
T01902,C0070,P0078,2025-10-21 03:46:48,3,143.04,429.12,Cash on Delivery,0
T01903,C1238,P0149,2026-02-16 10:50:14,4,311.04,1244.16,Cash on Delivery,0
T01904,C0147,P0104,2026-06-08 13:13:14,2,108.41,216.82,Card,1
T01905,C1133,P0025,2026-04-15 13:42:52,3,197.4,592.2,Cash on Delivery,0
T01906,C0482,P0181,2026-04-14 15:45:06,3,128.12,384.36,Mobile Money,0
T01907,C0175,P0048,2026-05-29 16:54:13,2,446.82,893.64,Cash on Delivery,0
T01908,C0002,P0091,2025-08-08 18:46:00,2,199.58,399.16,Card,0
T01909,C1582,P0134,2026-01-11 16:29:31,3,25.16,75.48,Card,0
T01910,C1745,P0194,2026-05-19 21:39:38,2,369.86,739.72,Cash on Delivery,0
T01911,C0590,P0040,2026-02-05 13:50:36,2,59.89,119.78,Card,1
T01912,C1086,P0033,2025-06-18 19:12:36,2,432.24,864.48,Cash on Delivery,1
T01913,C0992,P0012,2025-11-20 16:32:38,2,491.7,983.4,Mobile Money,0
T01914,C0846,P0049,2025-06-08 17:49:22,4,181.37,725.48,Cash on Delivery,0
T01915,C1605,P0005,2026-05-23 09:36:09,3,15.19,45.57,Card,0
T01916,C0493,P0111,2025-07-18 08:13:51,4,40.12,160.48,Mobile Money,1
T01917,C0572,P0177,2025-12-10 16:27:22,1,432.25,432.25,Mobile Money,0
T01918,C1785,P0046,2025-12-15 23:16:20,4,314.06,1256.24,Card,1
T01919,C1987,P0169,2026-02-27 06:56:02,1,465.81,465.81,Card,0
T01920,C0624,P0013,2026-04-30 10:36:56,4,305.73,1222.92,Card,0
T01921,C0215,P0100,2026-04-19 17:00:54,2,42.3,84.6,Cash on Delivery,0
T01922,C0819,P0113,2026-01-24 05:30:11,1,291.54,291.54,Card,1
T01923,C0337,P0118,2025-11-08 05:26:42,4,263.51,1054.04,Cash on Delivery,1
T01924,C1420,P0103,2025-12-24 03:02:12,2,349.53,699.06,Card,0
T01925,C0360,P0133,2026-06-07 13:23:36,4,174.23,696.92,Card,0
T01926,C0552,P0091,2025-06-19 18:18:35,4,199.58,798.32,Mobile Money,0
T01927,C0654,P0141,2026-04-03 11:20:41,2,343.56,687.12,Mobile Money,0
T01928,C0422,P0096,2026-02-09 17:35:18,3,497.3,1491.9,Card,0
T01929,C0057,P0080,2025-12-07 10:02:01,3,444.45,1333.35,Mobile Money,0
T01930,C1903,P0150,2025-06-09 18:01:10,1,162.89,162.89,Cash on Delivery,0
T01931,C1100,P0144,2026-03-20 04:57:24,1,197.14,197.14,Card,1
T01932,C0386,P0029,2026-01-17 16:12:17,2,387.26,774.52,Cash on Delivery,0
T01933,C1283,P0182,2025-09-11 21:59:47,2,248.85,497.7,Cash on Delivery,0
T01934,C0011,P0184,2025-08-12 16:05:03,4,63.18,252.72,Mobile Money,0
T01935,C0393,P0160,2026-03-31 07:37:50,4,56.05,224.2,Mobile Money,0
T01936,C1208,P0088,2025-08-04 04:25:30,1,361.87,361.87,Mobile Money,0
T01937,C0756,P0016,2025-11-24 17:19:28,1,119.29,119.29,Mobile Money,0
T01938,C1034,P0086,2025-12-26 02:41:54,3,13.95,41.85,Cash on Delivery,0
T01939,C1600,P0164,2026-03-27 11:44:15,4,163.06,652.24,Cash on Delivery,0
T01940,C0462,P0056,2026-06-06 01:40:24,2,486.03,972.06,Card,0
T01941,C0022,P0089,2026-05-13 09:38:38,2,51.37,102.74,Mobile Money,0
T01942,C1583,P0180,2025-12-02 06:38:44,2,389.69,779.38,Card,0
T01943,C0730,P0023,2026-02-10 13:45:09,4,461.33,1845.32,Card,1
T01944,C0692,P0083,2025-12-12 12:44:20,3,333.43,1000.29,Card,0
T01945,C1821,P0162,2026-06-03 04:31:38,4,448.28,1793.12,Mobile Money,0
T01946,C1571,P0061,2026-01-24 16:33:02,1,76.72,76.72,Cash on Delivery,0
T01947,C1277,P0005,2026-02-01 16:58:55,4,15.19,60.76,Card,0
T01948,C1666,P0007,2026-04-19 08:07:23,1,95.79,95.79,Card,0
T01949,C0812,P0138,2026-05-29 11:32:31,2,309.85,619.7,Card,0
T01950,C1187,P0070,2025-12-21 20:04:08,3,52.61,157.83,Cash on Delivery,0
T01951,C1277,P0062,2025-09-14 18:24:13,2,278.68,557.36,Card,0
T01952,C1699,P0020,2026-01-17 10:53:34,1,107.93,107.93,Card,0
T01953,C0328,P0165,2026-02-05 23:03:53,4,243.85,975.4,Mobile Money,0
T01954,C1887,P0120,2025-12-12 06:06:30,2,30.58,61.16,Card,0
T01955,C0619,P0127,2025-11-09 21:52:28,1,458.03,458.03,Cash on Delivery,1
T01956,C0198,P0080,2026-01-24 07:25:19,4,444.45,1777.8,Card,0
T01957,C1419,P0160,2025-08-20 20:35:20,4,56.05,224.2,Cash on Delivery,0
T01958,C1822,P0170,2026-04-09 08:00:26,3,277.02,831.06,Mobile Money,0
T01959,C1240,P0009,2025-07-25 16:57:15,4,307.87,1231.48,Mobile Money,1
T01960,C0216,P0059,2025-09-05 02:15:39,4,253.83,1015.32,Cash on Delivery,0
T01961,C1650,P0079,2025-10-12 07:27:25,3,449.07,1347.21,Cash on Delivery,0
T01962,C0610,P0161,2025-12-01 23:08:22,3,250.8,752.4,Cash on Delivery,0
T01963,C0162,P0150,2026-05-13 21:50:53,1,162.89,162.89,Mobile Money,0
T01964,C0303,P0042,2025-07-18 22:55:15,4,283.82,1135.28,Card,0
T01965,C1014,P0074,2025-11-08 04:25:28,3,118.13,354.39,Mobile Money,1
T01966,C0120,P0173,2026-01-30 05:40:24,2,434.1,868.2,Card,1
T01967,C0674,P0075,2026-01-24 00:14:06,2,279.82,559.64,Mobile Money,0
T01968,C0653,P0149,2025-10-15 20:43:23,3,311.04,933.12,Mobile Money,0
T01969,C1014,P0182,2025-08-20 17:24:41,1,248.85,248.85,Card,0
T01970,C0257,P0122,2025-11-09 02:11:57,1,488.05,488.05,Cash on Delivery,1
T01971,C0757,P0186,2026-04-10 00:32:12,1,241.47,241.47,Cash on Delivery,1
T01972,C1293,P0086,2025-12-19 10:35:03,3,13.95,41.85,Card,0
T01973,C1173,P0180,2025-12-04 14:32:56,3,389.69,1169.07,Card,0
T01974,C1868,P0006,2026-03-22 23:04:31,4,469.58,1878.32,Card,0
T01975,C1202,P0168,2025-10-23 09:56:12,1,396.83,396.83,Cash on Delivery,0
T01976,C1652,P0028,2025-07-14 08:58:26,3,86.81,260.43,Card,0
T01977,C1880,P0096,2026-01-28 04:25:40,3,497.3,1491.9,Cash on Delivery,0
T01978,C0105,P0056,2026-05-11 22:33:51,3,486.03,1458.09,Mobile Money,0
T01979,C0793,P0035,2026-05-21 18:30:04,1,165.97,165.97,Cash on Delivery,0
T01980,C1683,P0113,2026-05-08 12:27:10,3,291.54,874.62,Cash on Delivery,0
T01981,C1527,P0031,2025-09-26 09:10:49,1,365.86,365.86,Cash on Delivery,1
T01982,C1727,P0050,2026-05-09 01:36:03,3,117.83,353.49,Cash on Delivery,0
T01983,C1405,P0047,2025-10-01 17:32:44,1,230.98,230.98,Mobile Money,0
T01984,C0648,P0186,2025-06-11 10:59:26,2,241.47,482.94,Cash on Delivery,0
T01985,C1690,P0106,2025-10-10 07:25:23,1,164.66,164.66,Card,0
T01986,C0974,P0162,2025-10-09 00:49:23,3,448.28,1344.84,Mobile Money,1
T01987,C0129,P0072,2026-04-22 18:45:11,3,339.47,1018.41,Card,0
T01988,C0792,P0176,2026-04-27 18:09:48,1,46.99,46.99,Cash on Delivery,1
T01989,C1400,P0175,2025-11-08 11:36:05,4,446.49,1785.96,Cash on Delivery,0
T01990,C1440,P0069,2025-11-21 13:55:07,3,258.49,775.47,Cash on Delivery,1
T01991,C0618,P0145,2025-09-17 17:29:45,1,406.55,406.55,Mobile Money,0
T01992,C0166,P0069,2026-03-14 05:50:51,3,258.49,775.47,Cash on Delivery,1
T01993,C1683,P0196,2026-05-09 11:36:09,3,57.84,173.52,Cash on Delivery,0
T01994,C1009,P0103,2025-11-09 11:19:47,2,349.53,699.06,Card,1
T01995,C1755,P0145,2025-09-12 07:33:42,1,406.55,406.55,Mobile Money,0
T01996,C1234,P0001,2025-11-22 16:43:07,2,190.4,380.8,Cash on Delivery,0
T01997,C0996,P0109,2025-09-06 03:18:33,1,434.2,434.2,Cash on Delivery,0
T01998,C1424,P0194,2025-06-18 13:33:39,4,369.86,1479.44,Cash on Delivery,1
T01999,C1993,P0004,2025-07-31 22:48:16,1,170.19,170.19,Card,0
T02000,C1303,P0113,2025-06-19 16:02:07,1,291.54,291.54,Mobile Money,1
T02001,C1922,P0124,2025-10-22 10:20:14,1,222.29,222.29,Card,0
T02002,C0410,P0195,2026-02-24 10:45:48,3,475.45,1426.35,Card,1
T02003,C1799,P0125,2025-06-12 11:13:29,3,96.25,288.75,Mobile Money,1
T02004,C1137,P0044,2025-12-13 13:12:18,1,105.52,105.52,Cash on Delivery,0
T02005,C0004,P0192,2025-12-25 20:45:22,4,112.32,449.28,Card,0
T02006,C0921,P0118,2026-04-15 00:43:24,3,263.51,790.53,Card,0
T02007,C1791,P0090,2025-12-24 11:35:25,4,128.98,515.92,Card,0
T02008,C0970,P0092,2026-04-11 18:22:06,1,220.03,220.03,Card,0
T02009,C0627,P0155,2025-08-19 14:23:15,3,214.62,643.86,Mobile Money,1
T02010,C0483,P0081,2025-11-28 04:32:46,3,85.01,255.03,Cash on Delivery,0
T02011,C1431,P0197,2025-11-20 13:02:20,4,98.12,392.48,Mobile Money,1
T02012,C1289,P0103,2025-09-11 10:08:26,4,349.53,1398.12,Cash on Delivery,0
T02013,C1273,P0033,2025-12-22 00:26:20,3,432.24,1296.72,Cash on Delivery,0
T02014,C1778,P0050,2025-12-21 17:18:01,4,117.83,471.32,Card,0
T02015,C1575,P0152,2025-10-21 21:11:41,3,63.49,190.47,Cash on Delivery,0
T02016,C1780,P0189,2026-04-27 18:19:00,1,446.12,446.12,Mobile Money,0
T02017,C1312,P0153,2026-03-04 10:13:17,3,468.64,1405.92,Card,0
T02018,C0620,P0139,2026-01-25 09:56:57,1,134.14,134.14,Card,0
T02019,C1387,P0033,2026-05-20 09:11:21,3,432.24,1296.72,Mobile Money,1
T02020,C0016,P0111,2025-08-27 14:01:52,1,40.12,40.12,Cash on Delivery,0
T02021,C0714,P0011,2026-02-24 21:25:49,3,393.66,1180.98,Cash on Delivery,1
T02022,C0965,P0098,2026-03-07 09:26:08,4,476.77,1907.08,Card,0
T02023,C0349,P0183,2026-03-29 22:32:06,1,287.88,287.88,Cash on Delivery,1
T02024,C1954,P0111,2026-05-11 07:03:38,4,40.12,160.48,Mobile Money,0
T02025,C1512,P0012,2025-11-16 05:41:39,4,491.7,1966.8,Cash on Delivery,0
T02026,C0285,P0021,2025-11-25 17:57:44,3,484.94,1454.82,Cash on Delivery,1
T02027,C0636,P0179,2025-10-19 14:43:38,1,178.36,178.36,Card,0
T02028,C0392,P0151,2025-12-30 07:24:23,1,173.61,173.61,Card,0
T02029,C1989,P0170,2026-02-16 18:51:51,1,277.02,277.02,Mobile Money,0
T02030,C1087,P0041,2025-09-17 14:58:33,2,20.56,41.12,Card,1
T02031,C1214,P0014,2025-08-26 15:42:24,4,11.57,46.28,Cash on Delivery,0
T02032,C0510,P0075,2025-09-10 00:57:15,2,279.82,559.64,Mobile Money,0
T02033,C1077,P0067,2026-01-01 08:13:39,1,97.33,97.33,Cash on Delivery,0
T02034,C0625,P0180,2026-04-11 16:46:07,2,389.69,779.38,Mobile Money,1
T02035,C0980,P0135,2026-04-29 23:16:42,1,91.79,91.79,Mobile Money,1
T02036,C1004,P0182,2025-12-20 15:26:20,3,248.85,746.55,Cash on Delivery,0
T02037,C0962,P0025,2025-11-01 15:22:36,3,197.4,592.2,Mobile Money,0
T02038,C1210,P0155,2025-09-29 13:18:00,3,214.62,643.86,Card,1
T02039,C1675,P0093,2025-06-22 02:00:57,1,290.57,290.57,Mobile Money,1
T02040,C1372,P0055,2025-11-15 10:30:56,3,281.26,843.78,Mobile Money,0
T02041,C1882,P0167,2025-06-27 02:44:11,1,279.08,279.08,Mobile Money,0
T02042,C0507,P0198,2025-10-26 10:56:54,3,118.55,355.65,Card,0
T02043,C1700,P0142,2026-05-28 13:34:42,4,323.0,1292.0,Cash on Delivery,0
T02044,C0953,P0041,2025-08-10 23:09:53,2,20.56,41.12,Mobile Money,0
T02045,C0916,P0107,2026-05-19 20:57:31,4,352.73,1410.92,Cash on Delivery,0
T02046,C1150,P0022,2025-11-13 13:27:39,4,200.6,802.4,Card,1
T02047,C1976,P0103,2025-09-24 22:56:55,4,349.53,1398.12,Mobile Money,1
T02048,C1496,P0110,2025-11-21 15:32:25,2,253.25,506.5,Mobile Money,0
T02049,C1594,P0065,2025-11-15 04:27:39,4,318.6,1274.4,Mobile Money,0
T02050,C1043,P0158,2025-08-10 18:38:28,4,465.72,1862.88,Mobile Money,0
T02051,C0190,P0128,2026-05-24 04:35:26,1,276.87,276.87,Cash on Delivery,0
T02052,C0886,P0104,2025-12-19 07:01:30,3,108.41,325.23,Card,1
T02053,C0596,P0196,2026-05-28 14:20:33,3,57.84,173.52,Mobile Money,1
T02054,C0886,P0172,2025-09-25 13:39:11,4,75.78,303.12,Mobile Money,0
T02055,C0010,P0189,2025-09-15 04:09:28,1,446.12,446.12,Card,0
T02056,C1968,P0030,2025-12-29 17:40:59,4,11.97,47.88,Mobile Money,0
T02057,C1663,P0055,2026-04-06 19:03:20,4,281.26,1125.04,Card,0
T02058,C0381,P0180,2026-05-10 09:51:42,4,389.69,1558.76,Cash on Delivery,1
T02059,C1117,P0166,2025-08-17 04:13:24,3,226.98,680.94,Mobile Money,1
T02060,C1783,P0008,2026-02-16 16:14:12,1,8.5,8.5,Mobile Money,0
T02061,C1355,P0138,2025-12-31 17:28:09,1,309.85,309.85,Card,0
T02062,C0954,P0196,2025-10-05 05:43:29,1,57.84,57.84,Card,0
T02063,C1064,P0163,2025-07-15 03:21:21,2,479.48,958.96,Cash on Delivery,0
T02064,C0784,P0140,2026-05-19 08:02:08,1,254.05,254.05,Card,0
T02065,C0816,P0078,2025-09-19 18:24:57,1,143.04,143.04,Cash on Delivery,0
T02066,C1409,P0091,2026-03-23 08:27:37,4,199.58,798.32,Cash on Delivery,0
T02067,C1814,P0193,2026-03-10 17:34:09,1,315.64,315.64,Card,0
T02068,C1748,P0143,2025-09-24 19:28:28,4,320.02,1280.08,Card,0
T02069,C0841,P0195,2026-01-21 09:28:17,2,475.45,950.9,Cash on Delivery,0
T02070,C1634,P0019,2026-02-15 13:45:17,4,332.95,1331.8,Cash on Delivery,0
T02071,C1835,P0004,2025-09-27 03:26:13,1,170.19,170.19,Card,0
T02072,C1563,P0165,2026-02-03 01:36:32,2,243.85,487.7,Cash on Delivery,1
T02073,C0625,P0173,2026-02-17 06:49:29,1,434.1,434.1,Card,0
T02074,C1916,P0178,2026-03-23 13:35:48,1,473.89,473.89,Card,0
T02075,C1769,P0095,2026-02-11 02:39:54,3,17.04,51.12,Mobile Money,0
T02076,C1396,P0134,2026-03-02 06:47:00,4,25.16,100.64,Cash on Delivery,1
T02077,C0488,P0095,2025-09-09 05:08:26,3,17.04,51.12,Card,1
T02078,C1140,P0195,2026-01-03 18:53:09,1,475.45,475.45,Mobile Money,0
T02079,C1941,P0187,2025-07-06 13:37:53,1,115.68,115.68,Cash on Delivery,0
T02080,C1744,P0064,2025-11-30 21:17:20,1,402.55,402.55,Card,0
T02081,C1456,P0085,2026-01-13 09:02:30,4,327.72,1310.88,Card,0
T02082,C1677,P0056,2025-10-02 19:04:34,4,486.03,1944.12,Mobile Money,0
T02083,C0713,P0132,2025-07-02 18:52:25,3,181.21,543.63,Mobile Money,0
T02084,C1957,P0112,2026-03-12 03:21:40,1,445.55,445.55,Mobile Money,1
T02085,C0408,P0053,2026-05-21 16:35:39,1,347.76,347.76,Mobile Money,0
T02086,C1449,P0089,2025-11-04 16:55:47,3,51.37,154.11,Card,0
T02087,C1960,P0029,2025-06-10 20:08:44,3,387.26,1161.78,Cash on Delivery,0
T02088,C0367,P0051,2026-05-11 20:12:13,2,179.52,359.04,Card,0
T02089,C1645,P0036,2025-08-31 16:30:37,3,140.99,422.97,Mobile Money,0
T02090,C1812,P0060,2025-07-30 08:17:05,2,175.81,351.62,Cash on Delivery,0
T02091,C0380,P0133,2025-08-04 04:02:12,2,174.23,348.46,Mobile Money,0
T02092,C1299,P0168,2026-01-27 04:57:19,1,396.83,396.83,Cash on Delivery,0
T02093,C0497,P0087,2026-01-18 20:13:14,2,374.51,749.02,Cash on Delivery,0
T02094,C1855,P0029,2025-06-14 21:00:50,3,387.26,1161.78,Cash on Delivery,0
T02095,C1982,P0098,2025-12-25 13:27:25,3,476.77,1430.31,Mobile Money,0
T02096,C1298,P0048,2026-05-21 23:56:04,2,446.82,893.64,Card,1
T02097,C1819,P0194,2025-07-27 07:50:05,4,369.86,1479.44,Cash on Delivery,1
T02098,C0454,P0006,2025-09-29 02:45:12,3,469.58,1408.74,Card,0
T02099,C0543,P0187,2025-09-17 04:19:40,2,115.68,231.36,Card,0
T02100,C0350,P0105,2026-02-13 09:33:21,4,74.34,297.36,Cash on Delivery,1
T02101,C0169,P0056,2025-09-20 14:57:02,2,486.03,972.06,Mobile Money,0
T02102,C1254,P0018,2025-08-02 20:10:52,3,90.82,272.46,Card,0
T02103,C0676,P0023,2026-02-09 13:41:42,4,461.33,1845.32,Card,0
T02104,C0722,P0025,2026-04-13 16:12:36,3,197.4,592.2,Card,0
T02105,C1298,P0148,2026-05-08 14:57:42,1,54.89,54.89,Card,0
T02106,C0545,P0106,2025-08-03 16:17:37,4,164.66,658.64,Mobile Money,0
T02107,C0495,P0079,2025-11-28 06:03:45,3,449.07,1347.21,Card,0
T02108,C1599,P0110,2026-03-16 22:53:06,1,253.25,253.25,Mobile Money,0
T02109,C1833,P0072,2026-01-27 01:51:09,3,339.47,1018.41,Mobile Money,1
T02110,C1388,P0178,2025-09-16 22:17:29,4,473.89,1895.56,Card,0
T02111,C1318,P0104,2025-11-02 16:10:57,2,108.41,216.82,Card,0
T02112,C1198,P0035,2025-07-05 20:03:50,2,165.97,331.94,Card,0
T02113,C1860,P0136,2025-08-26 13:11:04,2,248.35,496.7,Card,1
T02114,C0909,P0037,2026-03-06 10:06:34,1,64.2,64.2,Card,0
T02115,C0297,P0173,2025-11-23 22:37:37,1,434.1,434.1,Mobile Money,0
T02116,C1040,P0056,2026-05-20 07:18:23,4,486.03,1944.12,Card,0
T02117,C0958,P0140,2026-03-09 02:01:37,2,254.05,508.1,Card,1
T02118,C1936,P0147,2026-05-08 14:28:50,2,107.31,214.62,Cash on Delivery,0
T02119,C1047,P0141,2025-12-21 18:32:56,1,343.56,343.56,Card,0
T02120,C0486,P0190,2025-09-13 23:52:10,4,459.96,1839.84,Mobile Money,1
T02121,C0888,P0159,2026-04-12 11:48:04,1,341.52,341.52,Cash on Delivery,0
T02122,C1329,P0145,2025-11-02 01:25:58,4,406.55,1626.2,Mobile Money,0
T02123,C1946,P0177,2026-01-29 09:10:03,3,432.25,1296.75,Card,0
T02124,C0166,P0013,2025-10-27 04:33:56,4,305.73,1222.92,Mobile Money,0
T02125,C1949,P0150,2025-11-27 21:13:37,1,162.89,162.89,Cash on Delivery,1
T02126,C0167,P0045,2025-10-05 12:04:32,2,148.43,296.86,Mobile Money,0
T02127,C1618,P0197,2026-05-24 22:35:27,2,98.12,196.24,Mobile Money,1
T02128,C0679,P0068,2026-03-10 13:16:44,1,166.35,166.35,Card,0
T02129,C1261,P0148,2026-05-23 11:13:28,1,54.89,54.89,Cash on Delivery,0
T02130,C0136,P0196,2025-09-24 00:49:19,3,57.84,173.52,Card,0
T02131,C0889,P0052,2025-12-09 12:40:53,4,257.82,1031.28,Mobile Money,0
T02132,C0548,P0113,2025-10-07 19:03:46,3,291.54,874.62,Cash on Delivery,0
T02133,C0766,P0134,2025-09-14 02:29:00,4,25.16,100.64,Card,0
T02134,C0996,P0070,2025-06-16 17:56:28,2,52.61,105.22,Mobile Money,0
T02135,C1511,P0073,2025-09-26 02:52:42,4,462.72,1850.88,Card,0
T02136,C0806,P0174,2025-09-23 16:26:58,3,351.98,1055.94,Mobile Money,0
T02137,C1846,P0018,2025-10-12 10:27:50,4,90.82,363.28,Cash on Delivery,0
T02138,C1423,P0175,2025-07-14 00:07:55,1,446.49,446.49,Card,0
T02139,C0464,P0111,2026-02-25 05:11:06,3,40.12,120.36,Mobile Money,1
T02140,C1117,P0021,2025-11-02 20:32:45,1,484.94,484.94,Card,0
T02141,C1916,P0195,2026-02-13 11:43:33,4,475.45,1901.8,Mobile Money,0
T02142,C0933,P0156,2026-03-26 15:06:29,3,495.3,1485.9,Cash on Delivery,1
T02143,C0698,P0060,2025-12-06 09:12:25,3,175.81,527.43,Card,0
T02144,C1263,P0097,2026-03-02 18:43:57,4,457.86,1831.44,Card,0
T02145,C0878,P0104,2025-06-11 19:20:24,3,108.41,325.23,Card,0
T02146,C0375,P0029,2025-11-17 10:11:58,1,387.26,387.26,Mobile Money,1
T02147,C0364,P0141,2026-04-01 07:36:11,3,343.56,1030.68,Cash on Delivery,0
T02148,C0314,P0182,2025-07-01 11:35:41,3,248.85,746.55,Card,0
T02149,C1476,P0036,2026-05-07 04:18:01,4,140.99,563.96,Mobile Money,1
T02150,C1510,P0131,2025-08-19 23:18:29,2,366.37,732.74,Mobile Money,0
T02151,C0857,P0101,2025-10-29 17:09:18,3,426.31,1278.93,Cash on Delivery,1
T02152,C1373,P0169,2026-05-19 06:01:47,3,465.81,1397.43,Mobile Money,0
T02153,C0588,P0105,2025-12-06 07:29:09,1,74.34,74.34,Cash on Delivery,1
T02154,C1612,P0084,2026-02-19 11:25:54,1,156.16,156.16,Mobile Money,0
T02155,C0970,P0050,2026-03-28 01:10:21,4,117.83,471.32,Mobile Money,0
T02156,C1769,P0158,2025-12-13 20:52:38,4,465.72,1862.88,Cash on Delivery,0
T02157,C0735,P0115,2025-12-25 07:34:39,1,491.01,491.01,Card,1
T02158,C1334,P0121,2025-09-08 00:42:46,2,351.26,702.52,Card,1
T02159,C1877,P0071,2025-08-15 08:47:49,4,196.43,785.72,Cash on Delivery,0
T02160,C0241,P0102,2025-07-01 01:19:43,3,189.48,568.44,Mobile Money,0
T02161,C0704,P0179,2026-04-09 18:38:02,4,178.36,713.44,Mobile Money,0
T02162,C1557,P0108,2025-07-27 00:24:38,1,151.77,151.77,Cash on Delivery,0
T02163,C0589,P0155,2025-06-30 04:33:08,3,214.62,643.86,Cash on Delivery,0
T02164,C1959,P0050,2025-06-29 06:27:07,1,117.83,117.83,Mobile Money,1
T02165,C1189,P0057,2026-02-02 08:11:01,3,251.14,753.42,Cash on Delivery,0
T02166,C1686,P0064,2025-09-01 06:42:47,4,402.55,1610.2,Mobile Money,0
T02167,C0151,P0158,2026-04-26 05:01:23,4,465.72,1862.88,Mobile Money,0
T02168,C0256,P0004,2025-09-28 09:22:57,3,170.19,510.57,Cash on Delivery,0
T02169,C1796,P0061,2025-09-07 21:54:10,4,76.72,306.88,Mobile Money,0
T02170,C1421,P0065,2026-04-17 02:17:25,4,318.6,1274.4,Card,0
T02171,C1467,P0162,2025-10-26 21:39:33,4,448.28,1793.12,Cash on Delivery,0
T02172,C0031,P0093,2025-12-28 06:56:37,1,290.57,290.57,Card,0
T02173,C1462,P0071,2025-10-16 18:02:18,1,196.43,196.43,Card,0
T02174,C0562,P0002,2025-09-26 19:30:40,1,390.95,390.95,Cash on Delivery,0
T02175,C0179,P0135,2025-09-28 13:41:16,2,91.79,183.58,Card,0
T02176,C0204,P0008,2026-01-05 21:16:18,3,8.5,25.5,Card,0
T02177,C1054,P0043,2025-09-12 05:05:16,3,128.4,385.2,Cash on Delivery,0
T02178,C0988,P0059,2026-03-26 01:23:57,1,253.83,253.83,Mobile Money,0
T02179,C1361,P0068,2026-03-04 16:23:33,3,166.35,499.05,Card,0
T02180,C0898,P0139,2025-10-22 18:41:58,3,134.14,402.42,Cash on Delivery,0
T02181,C0242,P0023,2025-09-03 22:53:06,3,461.33,1383.99,Card,0
T02182,C1690,P0022,2025-09-29 17:14:28,1,200.6,200.6,Cash on Delivery,0
T02183,C0777,P0140,2025-11-03 15:39:34,4,254.05,1016.2,Card,0
T02184,C0199,P0197,2026-02-15 21:36:32,2,98.12,196.24,Mobile Money,1
T02185,C1113,P0033,2025-06-30 04:54:11,4,432.24,1728.96,Card,0
T02186,C1093,P0095,2026-05-11 15:17:59,1,17.04,17.04,Cash on Delivery,0
T02187,C1931,P0038,2026-04-04 03:49:42,1,362.26,362.26,Card,1
T02188,C0840,P0160,2026-01-03 12:33:48,4,56.05,224.2,Card,0
T02189,C1903,P0020,2025-08-04 22:42:13,2,107.93,215.86,Cash on Delivery,0
T02190,C0578,P0042,2026-04-08 19:35:35,4,283.82,1135.28,Mobile Money,1
T02191,C1021,P0021,2025-12-11 03:46:50,3,484.94,1454.82,Card,1
T02192,C1526,P0070,2025-12-06 20:58:36,1,52.61,52.61,Cash on Delivery,1
T02193,C1963,P0067,2026-05-14 07:53:38,3,97.33,291.99,Cash on Delivery,0
T02194,C0329,P0016,2025-12-20 07:17:31,3,119.29,357.87,Card,0
T02195,C1195,P0035,2025-11-30 01:14:53,3,165.97,497.91,Cash on Delivery,1
T02196,C0807,P0110,2025-06-17 13:38:47,2,253.25,506.5,Cash on Delivery,0
T02197,C1940,P0010,2025-06-09 03:16:50,2,487.01,974.02,Cash on Delivery,0
T02198,C0693,P0001,2025-10-11 16:01:13,2,190.4,380.8,Card,0
T02199,C1090,P0174,2025-06-09 00:37:32,3,351.98,1055.94,Card,0
T02200,C1603,P0038,2025-10-23 17:45:52,1,362.26,362.26,Card,1
T02201,C0035,P0100,2026-06-08 07:42:43,1,42.3,42.3,Cash on Delivery,0
T02202,C0491,P0045,2025-08-23 01:34:02,2,148.43,296.86,Cash on Delivery,1
T02203,C0017,P0068,2025-10-28 08:25:50,2,166.35,332.7,Mobile Money,1
T02204,C1849,P0005,2026-01-16 02:33:44,1,15.19,15.19,Cash on Delivery,0
T02205,C0501,P0095,2026-02-24 22:58:50,4,17.04,68.16,Cash on Delivery,0
T02206,C0007,P0030,2025-09-18 19:18:11,2,11.97,23.94,Cash on Delivery,0
T02207,C1627,P0124,2026-04-17 20:39:40,3,222.29,666.87,Mobile Money,1
T02208,C1442,P0147,2026-04-09 23:06:23,1,107.31,107.31,Mobile Money,1
T02209,C0243,P0150,2026-02-02 06:37:32,4,162.89,651.56,Cash on Delivery,1
T02210,C0109,P0006,2025-10-29 08:07:31,2,469.58,939.16,Cash on Delivery,0
T02211,C0066,P0095,2026-05-12 19:47:53,1,17.04,17.04,Cash on Delivery,0
T02212,C1818,P0010,2025-12-06 02:39:50,2,487.01,974.02,Mobile Money,0
T02213,C0068,P0133,2026-02-01 06:27:08,2,174.23,348.46,Mobile Money,1
T02214,C1074,P0098,2025-08-24 10:02:35,3,476.77,1430.31,Cash on Delivery,0
T02215,C1845,P0017,2026-02-14 22:25:27,3,65.41,196.23,Card,0
T02216,C0988,P0050,2025-06-26 04:42:08,4,117.83,471.32,Card,0
T02217,C0504,P0124,2025-08-16 18:26:40,4,222.29,889.16,Card,0
T02218,C1868,P0062,2026-01-24 21:06:04,1,278.68,278.68,Cash on Delivery,0
T02219,C0541,P0123,2025-09-09 17:31:27,2,25.33,50.66,Mobile Money,0
T02220,C0869,P0102,2026-05-30 14:58:48,3,189.48,568.44,Mobile Money,0
T02221,C0877,P0110,2026-03-10 19:49:13,4,253.25,1013.0,Cash on Delivery,0
T02222,C1521,P0173,2026-01-08 18:53:48,1,434.1,434.1,Card,1
T02223,C0838,P0059,2026-02-21 11:29:08,3,253.83,761.49,Mobile Money,0
T02224,C1762,P0096,2026-03-22 18:52:37,4,497.3,1989.2,Mobile Money,0
T02225,C0377,P0164,2026-03-07 16:51:08,4,163.06,652.24,Cash on Delivery,0
T02226,C1344,P0057,2025-10-06 19:08:52,1,251.14,251.14,Cash on Delivery,0
T02227,C1318,P0099,2025-07-10 19:30:14,1,483.49,483.49,Mobile Money,1
T02228,C0017,P0145,2025-12-24 04:25:47,3,406.55,1219.65,Cash on Delivery,0
T02229,C0576,P0063,2025-07-29 23:48:20,3,382.0,1146.0,Mobile Money,1
T02230,C0115,P0039,2025-11-02 04:48:24,2,249.43,498.86,Card,1
T02231,C1949,P0194,2025-12-12 22:38:24,2,369.86,739.72,Cash on Delivery,0
T02232,C1624,P0045,2025-10-30 07:00:59,4,148.43,593.72,Cash on Delivery,0
T02233,C0689,P0080,2026-02-23 14:32:06,3,444.45,1333.35,Cash on Delivery,0
T02234,C1464,P0009,2025-10-02 11:13:48,3,307.87,923.61,Card,0
T02235,C1870,P0105,2026-05-25 08:41:08,1,74.34,74.34,Cash on Delivery,1
T02236,C1195,P0045,2025-06-11 11:51:54,1,148.43,148.43,Card,0
T02237,C1379,P0108,2026-05-19 01:24:32,2,151.77,303.54,Cash on Delivery,0
T02238,C1576,P0161,2025-07-20 01:07:36,3,250.8,752.4,Cash on Delivery,1
T02239,C0173,P0026,2025-06-29 04:13:23,3,295.44,886.32,Mobile Money,1
T02240,C1094,P0173,2025-12-31 14:12:49,2,434.1,868.2,Card,0
T02241,C0796,P0067,2026-05-04 07:37:54,2,97.33,194.66,Cash on Delivery,0
T02242,C0063,P0195,2025-11-23 10:16:22,1,475.45,475.45,Cash on Delivery,0
T02243,C0761,P0013,2025-11-02 06:59:31,2,305.73,611.46,Mobile Money,0
T02244,C0040,P0129,2025-10-27 18:31:42,1,467.63,467.63,Cash on Delivery,0
T02245,C1553,P0165,2026-04-17 00:38:18,3,243.85,731.55,Card,0
T02246,C1856,P0137,2026-01-31 18:31:28,1,235.01,235.01,Mobile Money,0
T02247,C1701,P0057,2026-05-15 21:14:09,1,251.14,251.14,Cash on Delivery,1
T02248,C1817,P0142,2025-10-01 04:20:44,3,323.0,969.0,Mobile Money,0
T02249,C1849,P0122,2025-11-24 18:13:24,2,488.05,976.1,Cash on Delivery,0
T02250,C0625,P0071,2026-01-20 04:31:57,4,196.43,785.72,Card,0
T02251,C0938,P0100,2026-05-02 05:39:53,2,42.3,84.6,Card,0
T02252,C1452,P0047,2025-11-04 14:36:44,4,230.98,923.92,Cash on Delivery,0
T02253,C1263,P0169,2026-05-03 18:26:25,3,465.81,1397.43,Cash on Delivery,0
T02254,C0090,P0090,2025-08-09 22:26:11,3,128.98,386.94,Mobile Money,0
T02255,C1163,P0129,2026-03-21 07:34:42,3,467.63,1402.89,Mobile Money,0
T02256,C1268,P0135,2025-07-29 13:55:14,4,91.79,367.16,Cash on Delivery,0
T02257,C1219,P0166,2025-07-23 14:32:07,2,226.98,453.96,Mobile Money,1
T02258,C0053,P0106,2026-03-10 05:29:42,2,164.66,329.32,Mobile Money,0
T02259,C0685,P0160,2026-01-09 06:04:37,4,56.05,224.2,Card,0
T02260,C0375,P0179,2025-11-12 20:12:45,1,178.36,178.36,Cash on Delivery,0
T02261,C1938,P0059,2026-01-02 15:04:32,2,253.83,507.66,Card,0
T02262,C1173,P0001,2026-02-23 22:04:04,1,190.4,190.4,Cash on Delivery,0
T02263,C0016,P0028,2026-05-07 20:56:16,4,86.81,347.24,Cash on Delivery,1
T02264,C1430,P0176,2026-05-17 21:28:01,4,46.99,187.96,Cash on Delivery,1
T02265,C1247,P0112,2026-01-16 16:56:30,1,445.55,445.55,Mobile Money,0
T02266,C0426,P0116,2026-04-11 06:23:47,4,20.1,80.4,Card,0
T02267,C0744,P0098,2025-10-27 22:32:49,2,476.77,953.54,Cash on Delivery,1
T02268,C1027,P0070,2025-06-10 18:29:44,4,52.61,210.44,Card,0
T02269,C0155,P0081,2025-10-11 17:03:39,4,85.01,340.04,Mobile Money,0
T02270,C1940,P0179,2026-04-19 00:14:10,4,178.36,713.44,Mobile Money,0
T02271,C1421,P0160,2025-08-21 19:58:29,3,56.05,168.15,Cash on Delivery,0
T02272,C0148,P0112,2025-12-15 13:38:35,3,445.55,1336.65,Card,1
T02273,C1023,P0123,2026-01-20 03:28:28,4,25.33,101.32,Mobile Money,0
T02274,C1883,P0130,2026-05-06 08:32:31,4,370.26,1481.04,Card,0
T02275,C1924,P0060,2026-02-28 18:49:53,1,175.81,175.81,Mobile Money,0
T02276,C1681,P0124,2026-03-15 01:33:29,4,222.29,889.16,Cash on Delivery,0
T02277,C1310,P0129,2025-09-01 11:46:14,1,467.63,467.63,Mobile Money,1
T02278,C1676,P0005,2026-02-06 05:06:52,2,15.19,30.38,Card,0
T02279,C1785,P0160,2025-08-07 04:09:49,2,56.05,112.1,Mobile Money,1
T02280,C1014,P0017,2025-12-25 00:22:34,2,65.41,130.82,Cash on Delivery,0
T02281,C1248,P0109,2025-06-28 04:19:36,4,434.2,1736.8,Card,0
T02282,C1391,P0152,2025-06-14 15:08:06,4,63.49,253.96,Cash on Delivery,0
T02283,C0147,P0128,2025-08-11 12:23:15,3,276.87,830.61,Cash on Delivery,0
T02284,C1242,P0029,2026-03-22 13:21:26,1,387.26,387.26,Mobile Money,0
T02285,C1169,P0180,2025-12-11 12:58:11,4,389.69,1558.76,Card,0
T02286,C1778,P0073,2025-11-05 23:51:52,1,462.72,462.72,Cash on Delivery,0
T02287,C0843,P0060,2026-02-23 00:55:02,2,175.81,351.62,Mobile Money,1
T02288,C0881,P0119,2025-09-12 00:11:10,4,482.8,1931.2,Mobile Money,0
T02289,C1519,P0181,2025-11-06 20:29:46,2,128.12,256.24,Cash on Delivery,0
T02290,C0831,P0103,2025-10-26 02:19:36,4,349.53,1398.12,Mobile Money,0
T02291,C0129,P0057,2025-06-16 23:54:13,1,251.14,251.14,Mobile Money,0
T02292,C0315,P0124,2025-10-21 20:05:11,2,222.29,444.58,Card,0
T02293,C1736,P0192,2025-08-28 13:21:55,2,112.32,224.64,Mobile Money,1
T02294,C1122,P0071,2026-03-04 12:29:10,1,196.43,196.43,Card,1
T02295,C1769,P0044,2026-05-19 11:12:49,4,105.52,422.08,Cash on Delivery,0
T02296,C0143,P0116,2025-12-25 01:40:34,3,20.1,60.3,Card,0
T02297,C0181,P0163,2025-11-21 02:27:17,3,479.48,1438.44,Cash on Delivery,0
T02298,C0092,P0045,2025-07-21 20:13:13,1,148.43,148.43,Card,0
T02299,C0678,P0013,2025-10-07 10:49:22,2,305.73,611.46,Card,1
T02300,C1732,P0070,2025-06-15 12:25:16,4,52.61,210.44,Cash on Delivery,0
T02301,C0382,P0133,2025-11-08 10:03:27,3,174.23,522.69,Cash on Delivery,0
T02302,C1301,P0168,2026-03-25 15:00:33,2,396.83,793.66,Mobile Money,0
T02303,C0535,P0156,2026-01-02 20:50:08,3,495.3,1485.9,Card,0
T02304,C0501,P0200,2026-06-04 12:42:28,3,270.37,811.11,Card,0
T02305,C1722,P0050,2025-07-12 17:21:50,2,117.83,235.66,Mobile Money,0
T02306,C0628,P0020,2026-02-22 13:43:40,4,107.93,431.72,Mobile Money,0
T02307,C1480,P0092,2026-02-19 06:17:11,1,220.03,220.03,Mobile Money,0
T02308,C1520,P0083,2026-02-11 10:38:11,1,333.43,333.43,Mobile Money,0
T02309,C1874,P0123,2025-08-13 09:32:13,1,25.33,25.33,Card,0
T02310,C1705,P0009,2026-02-06 14:04:00,4,307.87,1231.48,Card,0
T02311,C0073,P0025,2025-06-24 19:14:47,2,197.4,394.8,Mobile Money,1
T02312,C0768,P0137,2025-07-21 15:11:30,2,235.01,470.02,Card,0
T02313,C1417,P0141,2025-10-15 02:24:24,2,343.56,687.12,Mobile Money,1
T02314,C0263,P0004,2025-07-18 22:16:35,2,170.19,340.38,Card,0
T02315,C1574,P0015,2025-08-18 02:13:32,1,405.16,405.16,Mobile Money,0
T02316,C0052,P0091,2025-11-09 16:40:27,2,199.58,399.16,Mobile Money,0
T02317,C1747,P0081,2025-07-20 04:30:38,4,85.01,340.04,Card,1
T02318,C0045,P0007,2025-08-05 03:01:08,3,95.79,287.37,Mobile Money,0
T02319,C0789,P0059,2025-08-20 00:30:33,2,253.83,507.66,Cash on Delivery,0
T02320,C0142,P0156,2026-03-25 13:22:14,3,495.3,1485.9,Mobile Money,0
T02321,C1938,P0002,2026-02-10 03:23:22,1,390.95,390.95,Card,0
T02322,C0045,P0037,2026-04-24 10:25:32,1,64.2,64.2,Card,0
T02323,C1070,P0152,2025-12-16 04:50:22,4,63.49,253.96,Mobile Money,1
T02324,C0301,P0140,2025-06-24 22:53:48,1,254.05,254.05,Cash on Delivery,0
T02325,C0269,P0032,2026-01-29 07:30:22,2,463.52,927.04,Cash on Delivery,1
T02326,C1086,P0132,2026-03-14 00:31:50,3,181.21,543.63,Cash on Delivery,0
T02327,C1975,P0054,2026-02-28 22:18:49,2,471.74,943.48,Cash on Delivery,0
T02328,C0936,P0069,2025-06-12 23:08:23,2,258.49,516.98,Cash on Delivery,0
T02329,C0354,P0014,2025-07-07 02:26:54,4,11.57,46.28,Mobile Money,0
T02330,C2000,P0028,2025-11-01 20:31:59,4,86.81,347.24,Mobile Money,0
T02331,C0835,P0095,2025-08-20 14:23:14,3,17.04,51.12,Card,0
T02332,C1085,P0157,2026-02-27 14:04:47,4,128.76,515.04,Cash on Delivery,1
T02333,C1417,P0103,2025-07-25 21:56:27,4,349.53,1398.12,Cash on Delivery,0
T02334,C1329,P0119,2026-02-15 08:41:55,1,482.8,482.8,Mobile Money,0
T02335,C0078,P0191,2025-06-08 21:15:55,4,484.8,1939.2,Card,0
T02336,C0889,P0046,2025-12-10 03:17:46,1,314.06,314.06,Cash on Delivery,0
T02337,C1325,P0013,2026-06-03 07:06:42,4,305.73,1222.92,Mobile Money,0
T02338,C0815,P0181,2025-07-23 22:15:25,1,128.12,128.12,Mobile Money,1
T02339,C1067,P0062,2026-03-03 18:22:28,2,278.68,557.36,Cash on Delivery,0
T02340,C0212,P0068,2026-03-21 02:58:03,4,166.35,665.4,Mobile Money,1
T02341,C0968,P0109,2025-06-24 14:20:11,2,434.2,868.4,Mobile Money,0
T02342,C1961,P0028,2025-12-13 19:40:52,1,86.81,86.81,Mobile Money,0
T02343,C0737,P0094,2025-12-08 12:59:55,1,118.94,118.94,Card,0
T02344,C0603,P0118,2025-11-03 04:01:28,4,263.51,1054.04,Cash on Delivery,0
T02345,C1305,P0084,2025-09-12 07:00:17,1,156.16,156.16,Cash on Delivery,0
T02346,C1493,P0019,2025-08-06 13:33:34,3,332.95,998.85,Cash on Delivery,0
T02347,C0760,P0106,2026-03-21 00:36:26,1,164.66,164.66,Cash on Delivery,0
T02348,C1487,P0067,2025-12-09 06:55:53,2,97.33,194.66,Cash on Delivery,1
T02349,C1494,P0161,2026-04-27 17:52:22,2,250.8,501.6,Mobile Money,0
T02350,C0815,P0193,2025-09-29 08:15:43,3,315.64,946.92,Mobile Money,1
T02351,C1492,P0035,2026-03-28 06:14:13,1,165.97,165.97,Mobile Money,0
T02352,C1462,P0160,2026-04-30 01:13:10,3,56.05,168.15,Cash on Delivery,0
T02353,C1744,P0076,2025-12-16 14:07:12,3,498.15,1494.45,Mobile Money,1
T02354,C1272,P0187,2025-07-14 06:14:59,4,115.68,462.72,Card,0
T02355,C1920,P0142,2026-03-01 11:07:24,2,323.0,646.0,Cash on Delivery,0
T02356,C0737,P0055,2025-10-26 21:34:49,2,281.26,562.52,Mobile Money,0
T02357,C1388,P0098,2026-02-09 23:02:32,4,476.77,1907.08,Card,0
T02358,C1212,P0049,2026-06-02 19:17:30,2,181.37,362.74,Card,0
T02359,C1223,P0113,2026-02-14 12:40:27,1,291.54,291.54,Card,0
T02360,C0598,P0134,2025-10-02 04:43:05,2,25.16,50.32,Mobile Money,0
T02361,C1423,P0136,2025-06-24 06:31:40,1,248.35,248.35,Cash on Delivery,0
T02362,C1667,P0154,2025-10-25 20:08:03,3,402.72,1208.16,Card,0
T02363,C0003,P0185,2025-06-11 09:44:37,2,342.11,684.22,Card,0
T02364,C0067,P0046,2026-03-28 03:22:54,2,314.06,628.12,Mobile Money,0
T02365,C1555,P0193,2026-05-18 16:42:02,1,315.64,315.64,Card,0
T02366,C1081,P0062,2025-08-24 07:01:55,2,278.68,557.36,Card,0
T02367,C0088,P0095,2025-07-09 13:02:59,3,17.04,51.12,Mobile Money,0
T02368,C0912,P0141,2026-05-09 18:53:27,4,343.56,1374.24,Card,1
T02369,C0052,P0115,2026-05-17 04:03:59,3,491.01,1473.03,Card,0
T02370,C0091,P0041,2025-09-07 16:44:43,4,20.56,82.24,Cash on Delivery,0
T02371,C0900,P0039,2025-07-09 12:03:24,1,249.43,249.43,Cash on Delivery,0
T02372,C0104,P0096,2025-09-18 09:34:26,1,497.3,497.3,Mobile Money,0
T02373,C0043,P0098,2026-04-30 06:24:23,3,476.77,1430.31,Mobile Money,1
T02374,C1710,P0088,2025-08-29 05:28:45,1,361.87,361.87,Cash on Delivery,1
T02375,C1583,P0126,2025-09-30 04:38:58,1,349.51,349.51,Mobile Money,0
T02376,C0409,P0092,2026-04-13 16:23:48,1,220.03,220.03,Cash on Delivery,1
T02377,C0633,P0041,2026-01-06 05:07:37,3,20.56,61.68,Cash on Delivery,0
T02378,C0269,P0077,2025-06-26 23:21:19,3,450.71,1352.13,Card,0
T02379,C1829,P0105,2026-06-08 12:55:44,2,74.34,148.68,Cash on Delivery,0
T02380,C0465,P0171,2025-12-17 10:35:06,2,275.23,550.46,Mobile Money,0
T02381,C0548,P0055,2025-09-19 08:54:25,4,281.26,1125.04,Cash on Delivery,0
T02382,C1906,P0182,2025-12-05 21:18:40,3,248.85,746.55,Cash on Delivery,0
T02383,C1555,P0052,2025-07-19 06:03:16,4,257.82,1031.28,Cash on Delivery,0
T02384,C0651,P0140,2025-12-17 09:41:10,4,254.05,1016.2,Card,0
T02385,C1756,P0048,2025-12-20 18:39:19,1,446.82,446.82,Card,0
T02386,C0719,P0099,2026-02-11 01:04:33,4,483.49,1933.96,Cash on Delivery,0
T02387,C0199,P0144,2026-05-05 08:59:02,1,197.14,197.14,Mobile Money,0
T02388,C1823,P0047,2025-10-17 16:40:10,3,230.98,692.94,Card,0
T02389,C0217,P0076,2025-11-25 13:25:46,4,498.15,1992.6,Cash on Delivery,0
T02390,C1458,P0189,2026-05-03 03:25:03,4,446.12,1784.48,Card,1
T02391,C0701,P0035,2026-03-28 20:58:18,4,165.97,663.88,Card,0
T02392,C1806,P0183,2025-09-25 06:05:14,2,287.88,575.76,Card,0
T02393,C1937,P0110,2026-01-25 12:49:22,4,253.25,1013.0,Card,0
T02394,C0920,P0112,2026-06-08 11:06:23,1,445.55,445.55,Cash on Delivery,0
T02395,C0967,P0049,2025-08-23 22:23:56,3,181.37,544.11,Cash on Delivery,0
T02396,C1873,P0151,2025-11-24 11:21:59,3,173.61,520.83,Cash on Delivery,0
T02397,C1651,P0140,2025-08-31 14:28:25,3,254.05,762.15,Cash on Delivery,0
T02398,C0383,P0075,2026-03-15 15:18:36,2,279.82,559.64,Card,0
T02399,C1394,P0111,2025-12-28 07:19:11,1,40.12,40.12,Cash on Delivery,0
T02400,C1854,P0029,2025-09-13 17:48:11,4,387.26,1549.04,Card,1
T02401,C0176,P0053,2025-08-05 19:20:03,1,347.76,347.76,Card,0
T02402,C1642,P0091,2025-11-24 00:18:31,3,199.58,598.74,Mobile Money,0
T02403,C1986,P0086,2026-04-19 22:00:40,4,13.95,55.8,Card,0
T02404,C1712,P0100,2025-08-01 07:48:32,1,42.3,42.3,Cash on Delivery,1
T02405,C0455,P0094,2026-01-10 14:26:16,3,118.94,356.82,Mobile Money,0
T02406,C1612,P0185,2025-09-27 02:15:26,1,342.11,342.11,Card,1
T02407,C1385,P0003,2026-02-04 20:30:52,1,82.22,82.22,Card,0
T02408,C0087,P0032,2026-02-02 00:26:22,4,463.52,1854.08,Mobile Money,1
T02409,C0074,P0030,2026-04-19 18:34:14,3,11.97,35.91,Cash on Delivery,0
T02410,C1401,P0183,2025-10-10 02:58:06,3,287.88,863.64,Cash on Delivery,0
T02411,C0158,P0038,2025-08-31 16:56:20,3,362.26,1086.78,Card,0
T02412,C1434,P0174,2025-06-20 12:29:04,4,351.98,1407.92,Mobile Money,0
T02413,C0846,P0115,2025-10-10 22:16:06,1,491.01,491.01,Mobile Money,0
T02414,C1114,P0195,2026-05-12 20:33:34,4,475.45,1901.8,Mobile Money,0
T02415,C1018,P0159,2026-02-10 20:15:31,2,341.52,683.04,Cash on Delivery,0
T02416,C0713,P0040,2025-10-30 23:30:22,2,59.89,119.78,Mobile Money,0
T02417,C0619,P0046,2025-11-18 11:59:16,4,314.06,1256.24,Mobile Money,0
T02418,C0868,P0170,2026-01-12 21:44:54,2,277.02,554.04,Cash on Delivery,0
T02419,C1714,P0164,2026-05-29 02:52:18,4,163.06,652.24,Mobile Money,0
T02420,C1027,P0061,2025-10-16 19:52:20,4,76.72,306.88,Cash on Delivery,0
T02421,C0799,P0082,2025-07-16 20:55:33,3,292.44,877.32,Cash on Delivery,0
T02422,C1600,P0065,2025-11-12 17:49:36,3,318.6,955.8,Mobile Money,1
T02423,C1283,P0077,2026-05-26 20:32:32,1,450.71,450.71,Card,0
T02424,C0783,P0093,2026-04-11 06:11:34,3,290.57,871.71,Mobile Money,0
T02425,C1363,P0021,2026-02-21 14:27:36,2,484.94,969.88,Cash on Delivery,0
T02426,C0237,P0156,2025-12-06 15:16:44,4,495.3,1981.2,Cash on Delivery,0
T02427,C1971,P0141,2025-08-27 06:52:04,3,343.56,1030.68,Card,0
T02428,C1504,P0176,2026-03-12 10:18:01,3,46.99,140.97,Card,0
T02429,C1594,P0067,2025-12-19 09:47:12,2,97.33,194.66,Mobile Money,0
T02430,C1561,P0130,2025-07-28 19:30:47,2,370.26,740.52,Card,0
T02431,C0816,P0011,2025-12-23 02:42:07,1,393.66,393.66,Cash on Delivery,0
T02432,C1418,P0113,2026-01-01 23:30:00,4,291.54,1166.16,Cash on Delivery,1
T02433,C1443,P0081,2025-10-13 19:52:07,2,85.01,170.02,Card,0
T02434,C0110,P0114,2025-07-08 05:34:23,3,22.79,68.37,Mobile Money,0
T02435,C1058,P0181,2025-11-28 08:18:53,1,128.12,128.12,Card,0
T02436,C1003,P0032,2025-11-07 04:14:10,4,463.52,1854.08,Cash on Delivery,1
T02437,C0134,P0126,2025-10-26 13:45:51,1,349.51,349.51,Cash on Delivery,0
T02438,C1622,P0141,2025-07-31 00:04:47,3,343.56,1030.68,Cash on Delivery,0
T02439,C0647,P0075,2026-03-27 03:55:35,4,279.82,1119.28,Card,0
T02440,C1237,P0045,2025-12-31 11:48:41,1,148.43,148.43,Cash on Delivery,0
T02441,C0019,P0065,2026-05-08 18:57:21,2,318.6,637.2,Mobile Money,1
T02442,C0302,P0119,2025-06-20 10:55:25,3,482.8,1448.4,Card,0
T02443,C1531,P0029,2026-01-26 15:49:24,3,387.26,1161.78,Card,1
T02444,C0487,P0100,2025-07-27 05:46:58,1,42.3,42.3,Cash on Delivery,0
T02445,C0223,P0065,2025-12-21 00:10:01,3,318.6,955.8,Card,0
T02446,C1587,P0128,2025-12-30 04:10:30,4,276.87,1107.48,Mobile Money,0
T02447,C0500,P0191,2026-05-26 10:01:01,3,484.8,1454.4,Cash on Delivery,0
T02448,C1351,P0022,2025-08-08 12:51:43,2,200.6,401.2,Cash on Delivery,1
T02449,C0365,P0033,2026-03-02 12:32:45,3,432.24,1296.72,Card,0
T02450,C0519,P0100,2026-02-11 20:09:46,4,42.3,169.2,Cash on Delivery,0
T02451,C1154,P0128,2026-04-01 20:45:43,3,276.87,830.61,Mobile Money,0
T02452,C0186,P0017,2025-12-17 20:01:17,1,65.41,65.41,Card,0
T02453,C0982,P0110,2025-11-02 01:07:29,2,253.25,506.5,Cash on Delivery,0
T02454,C1505,P0092,2026-05-13 17:04:58,1,220.03,220.03,Cash on Delivery,0
T02455,C1983,P0154,2026-03-15 15:55:07,3,402.72,1208.16,Card,0
T02456,C1948,P0075,2026-02-24 12:19:42,3,279.82,839.46,Mobile Money,0
T02457,C0361,P0153,2026-02-11 09:31:57,1,468.64,468.64,Card,0
T02458,C1475,P0031,2025-09-07 09:19:50,2,365.86,731.72,Cash on Delivery,0
T02459,C0314,P0097,2026-02-23 09:21:53,3,457.86,1373.58,Mobile Money,0
T02460,C0021,P0034,2025-09-24 01:12:37,3,52.23,156.69,Cash on Delivery,0
T02461,C0576,P0184,2025-09-26 22:22:12,1,63.18,63.18,Cash on Delivery,0
T02462,C0613,P0147,2025-09-26 18:30:17,4,107.31,429.24,Card,0
T02463,C1614,P0119,2025-07-07 06:46:09,1,482.8,482.8,Cash on Delivery,1
T02464,C1501,P0181,2025-08-24 15:16:42,3,128.12,384.36,Mobile Money,0
T02465,C1726,P0191,2026-01-19 21:27:16,4,484.8,1939.2,Card,1
T02466,C0333,P0072,2026-04-01 06:01:49,3,339.47,1018.41,Card,0
T02467,C1483,P0110,2025-10-06 08:00:04,3,253.25,759.75,Card,0
T02468,C0134,P0130,2025-08-25 20:07:58,1,370.26,370.26,Card,0
T02469,C1459,P0157,2025-07-08 21:10:04,1,128.76,128.76,Card,1
T02470,C1342,P0133,2026-05-31 22:54:41,1,174.23,174.23,Mobile Money,1
T02471,C0871,P0158,2025-10-07 06:11:25,1,465.72,465.72,Mobile Money,0
T02472,C1435,P0190,2026-01-20 20:56:25,4,459.96,1839.84,Card,0
T02473,C0052,P0178,2026-02-19 03:50:42,2,473.89,947.78,Cash on Delivery,0
T02474,C0612,P0049,2025-12-22 08:47:59,2,181.37,362.74,Card,1
T02475,C1787,P0188,2025-08-22 07:28:53,2,489.06,978.12,Cash on Delivery,1
T02476,C1590,P0118,2025-10-29 11:09:24,4,263.51,1054.04,Card,0
T02477,C1673,P0119,2025-12-03 02:33:16,1,482.8,482.8,Card,0
T02478,C0804,P0162,2025-10-11 06:36:42,2,448.28,896.56,Cash on Delivery,0
T02479,C1492,P0148,2025-08-11 06:02:35,1,54.89,54.89,Card,0
T02480,C0083,P0085,2026-02-28 13:39:38,1,327.72,327.72,Mobile Money,0
T02481,C0414,P0063,2026-04-12 02:53:41,3,382.0,1146.0,Cash on Delivery,0
T02482,C0198,P0197,2026-04-26 12:11:37,2,98.12,196.24,Card,0
T02483,C0298,P0003,2026-01-05 04:30:13,1,82.22,82.22,Card,0
T02484,C0129,P0024,2026-05-09 05:10:03,4,262.81,1051.24,Cash on Delivery,0
T02485,C1716,P0115,2026-04-14 13:57:40,2,491.01,982.02,Cash on Delivery,0
T02486,C0294,P0036,2025-07-19 07:42:50,3,140.99,422.97,Cash on Delivery,1
T02487,C1711,P0172,2026-02-18 08:54:00,2,75.78,151.56,Cash on Delivery,1
T02488,C0041,P0029,2025-12-01 09:02:07,3,387.26,1161.78,Mobile Money,0
T02489,C1773,P0192,2025-10-12 06:45:17,4,112.32,449.28,Cash on Delivery,0
T02490,C0737,P0048,2026-02-27 23:16:15,1,446.82,446.82,Cash on Delivery,0
T02491,C1379,P0114,2026-04-10 02:38:25,2,22.79,45.58,Cash on Delivery,1
T02492,C1925,P0017,2025-12-13 07:23:03,2,65.41,130.82,Mobile Money,0
T02493,C1926,P0061,2026-05-19 10:22:49,1,76.72,76.72,Card,1
T02494,C0863,P0181,2026-05-04 06:40:57,1,128.12,128.12,Mobile Money,0
T02495,C0225,P0145,2025-09-07 11:33:53,3,406.55,1219.65,Card,0
T02496,C1918,P0167,2026-04-05 23:14:37,2,279.08,558.16,Card,0
T02497,C1840,P0176,2026-01-15 22:15:43,1,46.99,46.99,Mobile Money,0
T02498,C1358,P0068,2026-04-21 16:37:00,3,166.35,499.05,Mobile Money,0
T02499,C0856,P0077,2025-10-18 18:36:03,3,450.71,1352.13,Cash on Delivery,1
T02500,C1525,P0155,2026-02-20 14:16:04,4,214.62,858.48,Mobile Money,0
T02501,C1583,P0191,2025-08-19 03:47:13,4,484.8,1939.2,Mobile Money,0
T02502,C0883,P0103,2025-09-13 07:37:20,1,349.53,349.53,Mobile Money,0
T02503,C0971,P0057,2025-07-22 14:22:14,1,251.14,251.14,Card,1
T02504,C1706,P0095,2025-10-12 07:10:03,3,17.04,51.12,Card,0
T02505,C1819,P0110,2025-09-08 06:32:15,4,253.25,1013.0,Card,1
T02506,C1953,P0128,2026-06-07 03:07:51,4,276.87,1107.48,Card,1
T02507,C1890,P0076,2025-12-01 06:17:48,3,498.15,1494.45,Cash on Delivery,0
T02508,C0066,P0144,2026-02-07 02:01:09,4,197.14,788.56,Cash on Delivery,0
T02509,C0404,P0056,2025-11-14 03:37:52,1,486.03,486.03,Card,0
T02510,C0596,P0094,2025-10-25 13:56:20,2,118.94,237.88,Card,0
T02511,C0761,P0136,2025-07-27 06:09:31,2,248.35,496.7,Mobile Money,1
T02512,C0125,P0018,2026-02-24 01:18:01,2,90.82,181.64,Card,0
T02513,C0480,P0002,2025-12-23 14:59:22,4,390.95,1563.8,Cash on Delivery,0
T02514,C1674,P0200,2025-09-07 14:42:46,3,270.37,811.11,Card,1
T02515,C0815,P0142,2026-03-16 14:12:22,2,323.0,646.0,Mobile Money,0
T02516,C1655,P0030,2026-05-08 20:08:44,4,11.97,47.88,Card,0
T02517,C0231,P0170,2025-09-27 10:08:10,4,277.02,1108.08,Cash on Delivery,1
T02518,C1526,P0139,2025-11-15 13:36:40,4,134.14,536.56,Mobile Money,0
T02519,C1530,P0195,2025-10-21 13:11:31,1,475.45,475.45,Cash on Delivery,0
T02520,C0533,P0130,2026-04-26 16:21:18,4,370.26,1481.04,Card,0
T02521,C0448,P0197,2025-11-24 23:06:47,3,98.12,294.36,Card,0
T02522,C0555,P0068,2026-06-04 07:33:29,2,166.35,332.7,Cash on Delivery,0
T02523,C0612,P0182,2025-06-09 05:16:59,1,248.85,248.85,Card,0
T02524,C1494,P0123,2025-10-30 00:17:53,2,25.33,50.66,Card,0
T02525,C0457,P0093,2025-08-24 17:44:15,4,290.57,1162.28,Cash on Delivery,0
T02526,C0385,P0140,2026-04-12 16:45:53,4,254.05,1016.2,Mobile Money,0
T02527,C1472,P0200,2025-11-29 20:06:03,1,270.37,270.37,Cash on Delivery,0
T02528,C0452,P0116,2025-06-26 19:43:23,3,20.1,60.3,Card,0
T02529,C1117,P0142,2025-06-19 03:11:36,3,323.0,969.0,Cash on Delivery,0
T02530,C1609,P0142,2025-12-05 08:21:25,1,323.0,323.0,Card,0
T02531,C1775,P0026,2025-12-17 09:50:04,1,295.44,295.44,Mobile Money,0
T02532,C1092,P0106,2026-06-04 17:20:19,1,164.66,164.66,Card,0
T02533,C1902,P0188,2025-11-22 04:55:14,1,489.06,489.06,Card,0
T02534,C1305,P0131,2025-09-03 05:55:03,1,366.37,366.37,Card,1
T02535,C1590,P0021,2025-10-19 06:32:27,4,484.94,1939.76,Cash on Delivery,0
T02536,C0001,P0001,2025-06-23 04:04:23,4,190.4,761.6,Mobile Money,0
T02537,C0432,P0173,2025-10-09 04:54:13,2,434.1,868.2,Cash on Delivery,0
T02538,C0399,P0135,2025-08-20 09:43:42,2,91.79,183.58,Cash on Delivery,1
T02539,C0395,P0040,2026-01-25 11:50:50,4,59.89,239.56,Mobile Money,0
T02540,C1069,P0184,2025-06-11 07:44:23,2,63.18,126.36,Card,1
T02541,C0539,P0087,2026-01-14 08:19:46,1,374.51,374.51,Cash on Delivery,0
T02542,C0243,P0050,2026-05-01 16:48:53,1,117.83,117.83,Card,0
T02543,C1181,P0013,2025-11-30 18:15:39,4,305.73,1222.92,Cash on Delivery,0
T02544,C0276,P0085,2026-04-26 03:45:08,4,327.72,1310.88,Mobile Money,0
T02545,C1816,P0031,2025-06-23 09:38:38,4,365.86,1463.44,Mobile Money,0
T02546,C0810,P0167,2025-10-30 17:38:02,1,279.08,279.08,Cash on Delivery,0
T02547,C1473,P0143,2026-03-02 20:19:51,4,320.02,1280.08,Cash on Delivery,0
T02548,C0862,P0160,2026-01-27 16:34:36,3,56.05,168.15,Mobile Money,0
T02549,C1971,P0037,2025-07-08 11:42:29,3,64.2,192.6,Cash on Delivery,0
T02550,C0444,P0034,2025-10-28 14:26:27,3,52.23,156.69,Card,0
T02551,C0702,P0053,2025-07-12 11:23:36,4,347.76,1391.04,Card,0
T02552,C0982,P0096,2026-03-09 01:43:17,2,497.3,994.6,Card,0
T02553,C0296,P0105,2026-04-08 06:54:45,4,74.34,297.36,Card,1
T02554,C1247,P0152,2026-04-11 02:41:01,2,63.49,126.98,Cash on Delivery,0
T02555,C1323,P0196,2026-04-16 12:24:39,4,57.84,231.36,Cash on Delivery,1
T02556,C0211,P0017,2026-01-03 12:37:14,4,65.41,261.64,Card,0
T02557,C1698,P0102,2025-08-30 17:53:20,3,189.48,568.44,Card,1
T02558,C1606,P0111,2025-11-25 19:47:50,1,40.12,40.12,Cash on Delivery,0
T02559,C1508,P0060,2025-11-29 08:20:28,3,175.81,527.43,Card,0
T02560,C1993,P0077,2025-08-14 06:56:10,3,450.71,1352.13,Cash on Delivery,0
T02561,C1040,P0035,2025-10-10 21:45:39,2,165.97,331.94,Mobile Money,0
T02562,C0171,P0146,2026-05-16 03:30:30,2,196.12,392.24,Card,1
T02563,C1239,P0032,2026-06-03 02:49:22,3,463.52,1390.56,Card,0
T02564,C0786,P0046,2026-02-14 16:31:32,1,314.06,314.06,Mobile Money,0
T02565,C1832,P0071,2026-02-11 05:43:00,2,196.43,392.86,Card,0
T02566,C1970,P0088,2026-05-03 00:27:04,2,361.87,723.74,Card,1
T02567,C1206,P0005,2025-09-15 15:56:33,2,15.19,30.38,Cash on Delivery,0
T02568,C0022,P0086,2025-08-16 20:36:17,2,13.95,27.9,Card,1
T02569,C1871,P0074,2026-03-22 02:45:17,2,118.13,236.26,Mobile Money,0
T02570,C0234,P0166,2026-03-10 19:25:31,1,226.98,226.98,Card,0
T02571,C0641,P0119,2026-03-11 00:26:51,1,482.8,482.8,Mobile Money,0
T02572,C0607,P0078,2026-02-19 06:34:41,4,143.04,572.16,Card,0
T02573,C1059,P0028,2026-02-06 02:53:18,2,86.81,173.62,Card,0
T02574,C0318,P0188,2025-09-18 05:30:15,3,489.06,1467.18,Mobile Money,1
T02575,C1900,P0087,2025-10-05 21:21:59,2,374.51,749.02,Mobile Money,1
T02576,C0079,P0125,2025-07-31 09:16:47,2,96.25,192.5,Mobile Money,0
T02577,C0449,P0125,2025-08-30 18:29:29,1,96.25,96.25,Mobile Money,0
T02578,C0057,P0026,2026-01-28 22:13:01,3,295.44,886.32,Card,0
T02579,C1487,P0191,2026-02-15 05:18:01,4,484.8,1939.2,Mobile Money,0
T02580,C1197,P0042,2025-06-21 02:18:06,2,283.82,567.64,Cash on Delivery,0
T02581,C1534,P0167,2026-02-10 15:28:40,2,279.08,558.16,Card,0
T02582,C1931,P0193,2026-05-10 22:36:41,2,315.64,631.28,Mobile Money,0
T02583,C0090,P0165,2025-10-04 07:24:49,3,243.85,731.55,Mobile Money,0
T02584,C1082,P0179,2026-02-01 13:28:46,3,178.36,535.08,Mobile Money,1
T02585,C0750,P0007,2025-08-09 05:41:46,4,95.79,383.16,Card,0
T02586,C0663,P0051,2025-10-19 11:34:00,3,179.52,538.56,Card,1
T02587,C1783,P0090,2026-05-12 19:00:14,4,128.98,515.92,Mobile Money,0
T02588,C1830,P0009,2026-05-10 08:28:48,2,307.87,615.74,Card,0
T02589,C1799,P0111,2026-01-11 09:01:28,1,40.12,40.12,Cash on Delivery,1
T02590,C1249,P0139,2025-06-17 13:07:51,2,134.14,268.28,Card,0
T02591,C1091,P0178,2025-07-05 05:49:48,3,473.89,1421.67,Cash on Delivery,0
T02592,C0677,P0041,2025-12-04 10:46:37,1,20.56,20.56,Mobile Money,0
T02593,C0208,P0184,2026-03-31 23:05:11,1,63.18,63.18,Cash on Delivery,0
T02594,C0818,P0016,2025-12-02 20:19:22,4,119.29,477.16,Mobile Money,0
T02595,C1766,P0199,2025-10-18 19:33:53,3,487.33,1461.99,Card,0
T02596,C1683,P0134,2026-01-22 21:26:06,2,25.16,50.32,Mobile Money,1
T02597,C0771,P0051,2025-07-23 13:36:47,2,179.52,359.04,Cash on Delivery,0
T02598,C0310,P0089,2025-12-14 23:34:44,4,51.37,205.48,Mobile Money,0
T02599,C0038,P0049,2025-08-08 03:00:20,4,181.37,725.48,Mobile Money,0
T02600,C1267,P0028,2026-05-28 04:31:27,4,86.81,347.24,Cash on Delivery,0
T02601,C1639,P0041,2026-05-11 09:19:10,4,20.56,82.24,Card,0
T02602,C0758,P0036,2026-04-22 06:15:34,3,140.99,422.97,Card,0
T02603,C0578,P0126,2025-12-04 11:17:22,3,349.51,1048.53,Card,0
T02604,C1224,P0138,2025-10-20 16:38:48,2,309.85,619.7,Card,1
T02605,C0605,P0079,2025-08-05 00:26:06,1,449.07,449.07,Mobile Money,0
T02606,C0278,P0191,2026-04-18 17:24:09,4,484.8,1939.2,Mobile Money,1
T02607,C1423,P0020,2025-12-19 12:26:23,1,107.93,107.93,Cash on Delivery,0
T02608,C0602,P0135,2026-04-22 23:51:24,4,91.79,367.16,Mobile Money,0
T02609,C0591,P0050,2026-02-21 01:02:27,2,117.83,235.66,Mobile Money,1
T02610,C1112,P0037,2025-09-06 12:55:19,3,64.2,192.6,Card,0
T02611,C0789,P0104,2025-07-22 03:00:54,3,108.41,325.23,Mobile Money,1
T02612,C0742,P0104,2026-03-30 09:00:38,2,108.41,216.82,Cash on Delivery,0
T02613,C1573,P0079,2026-02-09 13:21:52,3,449.07,1347.21,Mobile Money,0
T02614,C0555,P0045,2025-10-18 03:07:45,2,148.43,296.86,Mobile Money,0
T02615,C1516,P0116,2025-07-16 06:08:27,1,20.1,20.1,Card,0
T02616,C1283,P0084,2025-12-18 00:38:49,1,156.16,156.16,Mobile Money,0
T02617,C0428,P0104,2026-02-04 03:48:37,3,108.41,325.23,Card,0
T02618,C0347,P0111,2025-12-29 05:22:27,3,40.12,120.36,Mobile Money,0
T02619,C0096,P0035,2025-12-27 07:59:54,1,165.97,165.97,Card,0
T02620,C1272,P0086,2025-08-29 11:11:41,4,13.95,55.8,Card,1
T02621,C0486,P0116,2026-01-22 11:07:44,2,20.1,40.2,Card,0
T02622,C0412,P0146,2025-09-24 08:24:17,4,196.12,784.48,Cash on Delivery,0
T02623,C0247,P0140,2025-07-13 13:55:34,4,254.05,1016.2,Card,0
T02624,C0421,P0002,2025-09-30 12:49:41,3,390.95,1172.85,Card,0
T02625,C1193,P0124,2026-04-21 18:33:05,4,222.29,889.16,Cash on Delivery,0
T02626,C1135,P0173,2026-03-11 04:07:50,1,434.1,434.1,Card,0
T02627,C0013,P0034,2026-05-27 07:17:58,3,52.23,156.69,Mobile Money,0
T02628,C1047,P0007,2025-10-14 05:08:55,4,95.79,383.16,Card,0
T02629,C1266,P0177,2025-08-03 09:33:10,4,432.25,1729.0,Card,0
T02630,C0738,P0047,2025-11-20 01:42:09,1,230.98,230.98,Cash on Delivery,0
T02631,C0677,P0176,2026-01-18 09:17:16,1,46.99,46.99,Cash on Delivery,0
T02632,C0477,P0023,2026-04-11 09:08:47,2,461.33,922.66,Cash on Delivery,0
T02633,C1797,P0127,2026-05-17 10:06:26,4,458.03,1832.12,Cash on Delivery,0
T02634,C1675,P0180,2025-08-31 21:30:23,4,389.69,1558.76,Mobile Money,0
T02635,C1265,P0078,2025-08-04 04:36:21,4,143.04,572.16,Card,1
T02636,C0931,P0106,2025-07-31 02:38:57,2,164.66,329.32,Card,0
T02637,C0123,P0173,2026-02-10 18:34:56,1,434.1,434.1,Mobile Money,0
T02638,C0988,P0035,2026-04-29 10:29:58,2,165.97,331.94,Mobile Money,0
T02639,C0708,P0072,2026-01-22 10:27:18,4,339.47,1357.88,Card,1
T02640,C1351,P0109,2025-09-18 12:59:11,1,434.2,434.2,Card,0
T02641,C0347,P0039,2025-09-10 02:36:57,4,249.43,997.72,Mobile Money,0
T02642,C0512,P0037,2025-09-12 21:36:48,4,64.2,256.8,Card,0
T02643,C1924,P0081,2025-07-18 09:30:13,2,85.01,170.02,Mobile Money,0
T02644,C0773,P0023,2026-05-22 14:08:10,2,461.33,922.66,Mobile Money,0
T02645,C0664,P0194,2025-10-31 06:10:41,2,369.86,739.72,Card,0
T02646,C0536,P0018,2025-11-23 21:12:04,3,90.82,272.46,Mobile Money,1
T02647,C1008,P0029,2025-12-27 16:04:40,3,387.26,1161.78,Mobile Money,0
T02648,C0640,P0146,2026-04-28 14:52:34,3,196.12,588.36,Mobile Money,0
T02649,C1156,P0112,2025-06-24 18:59:32,1,445.55,445.55,Mobile Money,0
T02650,C1260,P0033,2025-07-24 01:46:09,2,432.24,864.48,Card,0
T02651,C1788,P0042,2025-12-19 17:19:04,4,283.82,1135.28,Card,0
T02652,C1284,P0179,2025-06-09 02:02:20,1,178.36,178.36,Cash on Delivery,0
T02653,C1987,P0020,2025-09-17 17:29:05,1,107.93,107.93,Card,0
T02654,C1594,P0068,2025-06-15 09:37:37,2,166.35,332.7,Cash on Delivery,1
T02655,C0080,P0175,2025-10-28 07:38:46,3,446.49,1339.47,Cash on Delivery,0
T02656,C0902,P0187,2026-03-31 21:47:32,4,115.68,462.72,Mobile Money,0
T02657,C1997,P0095,2026-04-11 12:01:21,4,17.04,68.16,Cash on Delivery,0
T02658,C0516,P0151,2025-10-05 19:08:56,4,173.61,694.44,Cash on Delivery,0
T02659,C0997,P0165,2025-08-18 11:45:55,2,243.85,487.7,Mobile Money,0
T02660,C0893,P0044,2026-06-05 13:26:55,1,105.52,105.52,Card,0
T02661,C0741,P0042,2025-12-13 04:26:01,1,283.82,283.82,Cash on Delivery,0
T02662,C1748,P0147,2026-01-16 00:02:19,3,107.31,321.93,Mobile Money,0
T02663,C1079,P0160,2025-06-09 06:59:59,4,56.05,224.2,Cash on Delivery,0
T02664,C0881,P0080,2026-05-23 11:09:34,1,444.45,444.45,Cash on Delivery,0
T02665,C0685,P0174,2025-09-03 23:09:08,4,351.98,1407.92,Card,0
T02666,C0741,P0021,2026-02-25 18:18:51,2,484.94,969.88,Mobile Money,0
T02667,C1559,P0150,2026-01-17 03:52:46,2,162.89,325.78,Mobile Money,0
T02668,C0221,P0005,2026-05-27 22:13:04,3,15.19,45.57,Card,0
T02669,C0594,P0059,2025-08-07 14:59:02,2,253.83,507.66,Mobile Money,1
T02670,C1063,P0052,2025-10-02 00:51:48,1,257.82,257.82,Card,1
T02671,C1863,P0003,2026-01-28 05:07:16,2,82.22,164.44,Card,0
T02672,C0492,P0155,2026-03-14 18:34:46,4,214.62,858.48,Cash on Delivery,0
T02673,C0783,P0182,2025-12-21 18:06:06,3,248.85,746.55,Card,0
T02674,C0072,P0181,2025-11-30 23:20:45,4,128.12,512.48,Card,0
T02675,C1028,P0070,2026-03-06 13:36:39,4,52.61,210.44,Mobile Money,0
T02676,C1937,P0094,2026-03-12 18:23:10,3,118.94,356.82,Mobile Money,0
T02677,C1926,P0034,2026-05-02 02:09:24,4,52.23,208.92,Mobile Money,0
T02678,C0743,P0036,2025-08-26 03:00:34,3,140.99,422.97,Cash on Delivery,1
T02679,C0066,P0167,2026-02-16 21:38:41,4,279.08,1116.32,Card,0
T02680,C1727,P0136,2026-03-27 14:03:05,3,248.35,745.05,Card,0
T02681,C1985,P0091,2025-09-28 02:22:32,4,199.58,798.32,Mobile Money,1
T02682,C0519,P0059,2026-02-09 09:22:18,2,253.83,507.66,Mobile Money,0
T02683,C1868,P0112,2025-12-17 11:56:55,2,445.55,891.1,Card,0
T02684,C1582,P0012,2025-11-10 08:26:13,3,491.7,1475.1,Card,0
T02685,C0115,P0032,2025-07-20 07:24:50,4,463.52,1854.08,Cash on Delivery,0
T02686,C1626,P0114,2026-01-07 15:21:44,2,22.79,45.58,Cash on Delivery,0
T02687,C0500,P0061,2026-05-20 13:26:09,1,76.72,76.72,Cash on Delivery,1
T02688,C0626,P0061,2025-07-31 15:10:15,2,76.72,153.44,Card,1
T02689,C1116,P0174,2026-05-03 09:29:22,4,351.98,1407.92,Cash on Delivery,0
T02690,C1229,P0183,2025-07-17 20:33:43,1,287.88,287.88,Cash on Delivery,0
T02691,C1841,P0107,2026-05-06 15:26:34,3,352.73,1058.19,Mobile Money,0
T02692,C0016,P0025,2025-11-07 00:57:15,2,197.4,394.8,Cash on Delivery,0
T02693,C0620,P0141,2025-07-14 16:15:52,4,343.56,1374.24,Mobile Money,0
T02694,C0300,P0164,2026-04-02 20:05:29,4,163.06,652.24,Card,0
T02695,C1916,P0083,2026-04-14 08:44:07,3,333.43,1000.29,Cash on Delivery,1
T02696,C1812,P0080,2026-03-24 18:45:30,4,444.45,1777.8,Cash on Delivery,0
T02697,C0780,P0146,2026-05-03 08:47:05,2,196.12,392.24,Cash on Delivery,0
T02698,C1340,P0112,2025-10-14 12:31:07,1,445.55,445.55,Cash on Delivery,1
T02699,C0366,P0075,2026-03-10 02:17:47,2,279.82,559.64,Mobile Money,0
T02700,C1006,P0034,2025-07-01 18:45:10,1,52.23,52.23,Cash on Delivery,1
T02701,C1255,P0166,2025-09-02 21:13:44,4,226.98,907.92,Mobile Money,0
T02702,C1499,P0036,2025-12-17 09:38:43,4,140.99,563.96,Cash on Delivery,0
T02703,C1451,P0039,2025-11-13 20:46:20,1,249.43,249.43,Card,0
T02704,C0115,P0104,2025-06-24 04:37:10,3,108.41,325.23,Cash on Delivery,0
T02705,C0373,P0159,2026-04-09 19:05:37,2,341.52,683.04,Cash on Delivery,0
T02706,C0757,P0082,2025-08-30 11:53:09,2,292.44,584.88,Mobile Money,0
T02707,C1853,P0042,2026-01-07 19:36:16,3,283.82,851.46,Cash on Delivery,1
T02708,C0470,P0102,2026-05-31 18:01:12,4,189.48,757.92,Cash on Delivery,0
T02709,C1806,P0083,2025-11-12 18:47:49,4,333.43,1333.72,Card,0
T02710,C1437,P0014,2025-07-12 04:23:38,2,11.57,23.14,Mobile Money,0
T02711,C1215,P0178,2025-09-05 13:25:13,2,473.89,947.78,Card,0
T02712,C0449,P0101,2026-04-26 05:52:17,1,426.31,426.31,Mobile Money,0
T02713,C1863,P0068,2025-07-01 18:11:37,2,166.35,332.7,Card,0
T02714,C0874,P0011,2026-04-14 16:31:15,2,393.66,787.32,Mobile Money,1
T02715,C0128,P0104,2025-08-19 13:01:54,3,108.41,325.23,Mobile Money,0
T02716,C1778,P0008,2025-06-17 15:59:45,1,8.5,8.5,Card,0
T02717,C1043,P0171,2025-12-11 16:28:56,1,275.23,275.23,Mobile Money,0
T02718,C1253,P0140,2026-03-09 00:35:17,3,254.05,762.15,Card,0
T02719,C1305,P0112,2026-01-23 13:25:59,2,445.55,891.1,Cash on Delivery,1
T02720,C0048,P0045,2026-05-06 17:56:50,2,148.43,296.86,Cash on Delivery,1
T02721,C0812,P0050,2025-11-08 21:31:14,1,117.83,117.83,Cash on Delivery,0
T02722,C0103,P0059,2025-06-12 13:33:42,1,253.83,253.83,Cash on Delivery,1
T02723,C0786,P0078,2026-05-29 18:08:35,4,143.04,572.16,Card,1
T02724,C1140,P0183,2025-07-16 13:57:22,1,287.88,287.88,Mobile Money,0
T02725,C0399,P0106,2025-10-06 21:01:45,3,164.66,493.98,Card,0
T02726,C1700,P0189,2026-04-22 22:30:35,3,446.12,1338.36,Card,0
T02727,C0318,P0143,2025-12-15 01:48:37,1,320.02,320.02,Cash on Delivery,0
T02728,C1274,P0048,2026-05-28 16:56:35,2,446.82,893.64,Card,0
T02729,C0497,P0143,2026-02-23 07:20:08,3,320.02,960.06,Mobile Money,0
T02730,C0818,P0087,2025-09-05 00:12:33,3,374.51,1123.53,Cash on Delivery,0
T02731,C0240,P0060,2025-10-21 08:50:51,3,175.81,527.43,Cash on Delivery,0
T02732,C0797,P0059,2026-02-27 09:05:52,3,253.83,761.49,Card,0
T02733,C0073,P0040,2026-03-30 02:16:59,3,59.89,179.67,Mobile Money,0
T02734,C1761,P0011,2026-01-18 13:58:37,1,393.66,393.66,Card,0
T02735,C0231,P0062,2025-08-23 03:03:12,3,278.68,836.04,Cash on Delivery,0
T02736,C1081,P0136,2025-07-07 09:13:03,3,248.35,745.05,Card,1
T02737,C0915,P0132,2026-03-17 11:28:24,4,181.21,724.84,Card,0
T02738,C1329,P0024,2025-11-03 18:36:19,1,262.81,262.81,Mobile Money,1
T02739,C0266,P0174,2026-05-27 06:23:49,4,351.98,1407.92,Cash on Delivery,1
T02740,C1676,P0078,2026-04-04 09:35:30,3,143.04,429.12,Cash on Delivery,1
T02741,C0475,P0086,2025-12-11 19:25:17,1,13.95,13.95,Cash on Delivery,0
T02742,C0971,P0176,2025-09-21 04:25:01,1,46.99,46.99,Card,0
T02743,C1485,P0164,2025-09-30 09:00:21,4,163.06,652.24,Card,0
T02744,C1544,P0096,2026-01-08 11:02:56,2,497.3,994.6,Card,1
T02745,C1195,P0135,2025-08-19 19:33:55,3,91.79,275.37,Cash on Delivery,1
T02746,C1366,P0058,2025-10-31 20:51:37,1,498.88,498.88,Mobile Money,1
T02747,C0084,P0174,2025-09-19 00:50:50,2,351.98,703.96,Card,0
T02748,C1558,P0117,2025-07-09 01:36:18,4,155.12,620.48,Cash on Delivery,0
T02749,C0901,P0149,2026-04-04 23:51:42,3,311.04,933.12,Mobile Money,0
T02750,C0456,P0102,2026-05-15 21:36:16,1,189.48,189.48,Cash on Delivery,0
T02751,C0791,P0147,2025-09-29 00:45:43,1,107.31,107.31,Card,0
T02752,C0266,P0083,2025-09-20 03:53:45,2,333.43,666.86,Mobile Money,0
T02753,C0895,P0031,2026-03-11 21:37:27,1,365.86,365.86,Cash on Delivery,1
T02754,C1959,P0150,2026-04-04 02:04:19,1,162.89,162.89,Cash on Delivery,0
T02755,C1195,P0138,2026-03-22 17:25:03,3,309.85,929.55,Cash on Delivery,0
T02756,C1502,P0099,2026-03-16 01:56:53,1,483.49,483.49,Cash on Delivery,0
T02757,C0111,P0164,2026-01-24 04:42:39,3,163.06,489.18,Mobile Money,0
T02758,C0373,P0068,2026-05-16 04:56:57,3,166.35,499.05,Cash on Delivery,0
T02759,C1711,P0196,2026-04-05 08:03:53,2,57.84,115.68,Card,0
T02760,C0924,P0006,2026-06-04 23:30:15,3,469.58,1408.74,Mobile Money,1
T02761,C1605,P0030,2026-02-06 23:45:12,3,11.97,35.91,Card,0
T02762,C0035,P0108,2026-03-08 07:10:20,3,151.77,455.31,Mobile Money,0
T02763,C0655,P0103,2025-07-16 02:36:08,4,349.53,1398.12,Mobile Money,0
T02764,C0285,P0160,2026-02-24 01:41:29,4,56.05,224.2,Card,0
T02765,C1754,P0191,2025-08-24 07:51:01,2,484.8,969.6,Mobile Money,1
T02766,C1820,P0027,2026-04-13 04:58:33,3,273.63,820.89,Card,0
T02767,C1592,P0133,2026-03-09 13:22:03,1,174.23,174.23,Cash on Delivery,0
T02768,C0848,P0112,2025-06-08 14:16:08,2,445.55,891.1,Card,0
T02769,C1229,P0105,2025-10-15 01:59:01,2,74.34,148.68,Card,1
T02770,C0586,P0043,2025-10-25 22:28:39,1,128.4,128.4,Mobile Money,1
T02771,C0134,P0157,2025-07-22 08:26:34,2,128.76,257.52,Mobile Money,0
T02772,C1156,P0089,2026-02-28 06:08:36,4,51.37,205.48,Cash on Delivery,0
T02773,C0929,P0034,2026-02-22 13:47:19,3,52.23,156.69,Cash on Delivery,1
T02774,C0866,P0132,2026-04-18 00:15:13,4,181.21,724.84,Card,0
T02775,C0962,P0031,2026-03-20 20:05:36,4,365.86,1463.44,Cash on Delivery,0
T02776,C1282,P0186,2025-06-15 06:27:05,4,241.47,965.88,Cash on Delivery,0
T02777,C1149,P0036,2025-06-11 06:13:49,2,140.99,281.98,Cash on Delivery,0
T02778,C0871,P0188,2026-01-22 07:34:12,3,489.06,1467.18,Mobile Money,0
T02779,C1516,P0175,2025-07-27 01:07:45,4,446.49,1785.96,Cash on Delivery,0
T02780,C0080,P0101,2025-07-12 04:52:09,2,426.31,852.62,Card,0
T02781,C0915,P0107,2025-09-13 11:20:21,4,352.73,1410.92,Mobile Money,0
T02782,C1368,P0049,2025-06-16 07:55:03,2,181.37,362.74,Cash on Delivery,0
T02783,C1671,P0058,2025-08-17 07:44:10,3,498.88,1496.64,Card,0
T02784,C1358,P0094,2025-07-17 14:18:39,1,118.94,118.94,Mobile Money,0
T02785,C0236,P0122,2025-11-29 09:39:13,4,488.05,1952.2,Mobile Money,1
T02786,C0821,P0143,2026-03-13 22:37:55,4,320.02,1280.08,Cash on Delivery,0
T02787,C0585,P0023,2025-09-10 23:42:55,1,461.33,461.33,Card,0
T02788,C0606,P0088,2026-04-13 05:33:15,3,361.87,1085.61,Mobile Money,1
T02789,C0778,P0193,2025-10-20 09:32:35,4,315.64,1262.56,Cash on Delivery,0
T02790,C1967,P0102,2025-10-19 17:04:20,2,189.48,378.96,Mobile Money,0
T02791,C0525,P0143,2025-12-18 07:14:46,1,320.02,320.02,Mobile Money,0
T02792,C0393,P0151,2026-04-06 03:02:40,1,173.61,173.61,Mobile Money,1
T02793,C1353,P0131,2026-02-23 08:13:57,2,366.37,732.74,Cash on Delivery,0
T02794,C0153,P0116,2025-07-14 17:13:42,3,20.1,60.3,Card,0
T02795,C0984,P0125,2025-11-26 00:20:00,3,96.25,288.75,Cash on Delivery,0
T02796,C0857,P0071,2025-09-15 20:18:47,4,196.43,785.72,Cash on Delivery,0
T02797,C1974,P0020,2025-08-16 22:46:35,1,107.93,107.93,Cash on Delivery,0
T02798,C0444,P0090,2025-12-30 13:13:14,3,128.98,386.94,Cash on Delivery,0
T02799,C0899,P0165,2026-04-05 16:22:42,4,243.85,975.4,Mobile Money,1
T02800,C1884,P0107,2025-09-09 04:56:33,1,352.73,352.73,Card,0
T02801,C1528,P0147,2026-01-05 05:51:10,1,107.31,107.31,Cash on Delivery,0
T02802,C1464,P0174,2025-07-07 14:36:58,4,351.98,1407.92,Card,0
T02803,C1311,P0198,2026-02-16 12:38:29,1,118.55,118.55,Mobile Money,1
T02804,C1264,P0053,2025-10-09 19:20:00,1,347.76,347.76,Mobile Money,0
T02805,C0700,P0034,2026-04-13 08:43:08,3,52.23,156.69,Card,0
T02806,C0518,P0139,2025-08-23 08:27:09,4,134.14,536.56,Card,0
T02807,C0561,P0027,2025-11-14 04:41:00,3,273.63,820.89,Cash on Delivery,0
T02808,C0060,P0096,2025-10-03 20:53:32,4,497.3,1989.2,Card,0
T02809,C0303,P0033,2025-08-08 23:00:33,1,432.24,432.24,Card,0
T02810,C1399,P0172,2026-03-12 00:44:22,3,75.78,227.34,Mobile Money,1
T02811,C1046,P0027,2025-09-28 09:57:27,2,273.63,547.26,Card,0
T02812,C1513,P0047,2025-10-15 17:52:21,1,230.98,230.98,Mobile Money,1
T02813,C0258,P0176,2026-01-25 21:03:47,2,46.99,93.98,Cash on Delivery,0
T02814,C1051,P0143,2025-10-09 01:13:22,3,320.02,960.06,Card,1
T02815,C1421,P0199,2025-07-18 10:17:24,3,487.33,1461.99,Cash on Delivery,0
T02816,C0587,P0183,2025-07-17 12:57:37,1,287.88,287.88,Mobile Money,1
T02817,C1145,P0187,2025-08-14 23:18:43,2,115.68,231.36,Mobile Money,1
T02818,C1701,P0033,2025-11-08 23:29:50,2,432.24,864.48,Cash on Delivery,1
T02819,C0673,P0126,2025-09-04 09:45:04,4,349.51,1398.04,Card,1
T02820,C0327,P0135,2026-03-10 22:38:37,2,91.79,183.58,Card,0
T02821,C0630,P0135,2026-05-05 01:01:30,1,91.79,91.79,Card,0
T02822,C0084,P0055,2025-12-28 07:11:43,3,281.26,843.78,Mobile Money,0
T02823,C1195,P0146,2025-09-07 22:36:27,1,196.12,196.12,Card,1
T02824,C1333,P0078,2025-10-05 14:05:02,4,143.04,572.16,Mobile Money,1
T02825,C1905,P0014,2025-08-24 08:00:36,1,11.57,11.57,Cash on Delivery,0
T02826,C1326,P0057,2025-08-10 09:32:59,3,251.14,753.42,Mobile Money,0
T02827,C0408,P0154,2025-08-04 20:00:54,3,402.72,1208.16,Cash on Delivery,0
T02828,C0614,P0133,2026-06-05 12:09:31,2,174.23,348.46,Card,0
T02829,C0640,P0106,2026-02-28 07:46:27,3,164.66,493.98,Card,0
T02830,C0262,P0032,2026-02-18 13:57:21,4,463.52,1854.08,Card,1
T02831,C1268,P0074,2025-11-16 12:33:17,2,118.13,236.26,Cash on Delivery,0
T02832,C1821,P0195,2026-03-04 15:18:48,3,475.45,1426.35,Mobile Money,1
T02833,C1873,P0034,2025-06-29 10:05:01,3,52.23,156.69,Cash on Delivery,0
T02834,C0085,P0077,2025-09-18 04:25:34,2,450.71,901.42,Card,0
T02835,C0045,P0159,2025-10-02 19:43:50,1,341.52,341.52,Card,0
T02836,C0465,P0047,2025-12-18 14:33:52,1,230.98,230.98,Card,0
T02837,C0329,P0200,2025-12-12 22:37:58,1,270.37,270.37,Cash on Delivery,0
T02838,C1908,P0168,2025-07-07 21:09:12,4,396.83,1587.32,Card,0
T02839,C0583,P0030,2025-12-28 12:26:46,2,11.97,23.94,Card,0
T02840,C1925,P0145,2026-01-13 20:05:21,3,406.55,1219.65,Card,0
T02841,C0385,P0104,2026-01-30 16:30:06,2,108.41,216.82,Mobile Money,1
T02842,C0365,P0031,2026-04-04 13:55:58,3,365.86,1097.58,Cash on Delivery,0
T02843,C0504,P0072,2025-09-01 03:25:04,4,339.47,1357.88,Mobile Money,0
T02844,C1511,P0158,2025-10-10 08:00:57,3,465.72,1397.16,Cash on Delivery,0
T02845,C1272,P0085,2025-07-03 00:01:32,3,327.72,983.16,Card,0
T02846,C0283,P0056,2025-09-18 01:30:29,4,486.03,1944.12,Mobile Money,0
T02847,C1088,P0002,2026-04-13 14:46:53,2,390.95,781.9,Mobile Money,0
T02848,C0324,P0005,2025-12-28 13:25:00,3,15.19,45.57,Mobile Money,0
T02849,C0341,P0141,2025-10-11 23:26:24,1,343.56,343.56,Cash on Delivery,0
T02850,C0946,P0023,2025-10-29 03:14:04,1,461.33,461.33,Mobile Money,0
T02851,C0462,P0124,2025-06-18 03:13:32,3,222.29,666.87,Cash on Delivery,0
T02852,C0733,P0037,2026-05-16 21:03:07,2,64.2,128.4,Card,0
T02853,C1527,P0151,2026-05-09 22:47:48,2,173.61,347.22,Mobile Money,0
T02854,C1479,P0192,2026-02-15 11:27:57,3,112.32,336.96,Cash on Delivery,0
T02855,C1010,P0117,2026-03-01 22:28:17,1,155.12,155.12,Mobile Money,0
T02856,C0120,P0132,2026-02-17 07:08:04,2,181.21,362.42,Mobile Money,0
T02857,C1441,P0124,2025-11-21 07:54:08,3,222.29,666.87,Cash on Delivery,0
T02858,C1324,P0160,2025-06-16 16:13:38,1,56.05,56.05,Cash on Delivery,0
T02859,C0293,P0109,2025-10-16 02:52:59,2,434.2,868.4,Cash on Delivery,0
T02860,C0187,P0067,2026-04-13 16:27:28,4,97.33,389.32,Cash on Delivery,1
T02861,C0256,P0036,2026-05-16 22:47:01,1,140.99,140.99,Cash on Delivery,1
T02862,C1032,P0179,2025-07-16 04:44:24,3,178.36,535.08,Cash on Delivery,0
T02863,C0041,P0178,2025-12-24 06:18:41,2,473.89,947.78,Cash on Delivery,1
T02864,C0113,P0101,2025-08-27 04:07:36,1,426.31,426.31,Cash on Delivery,0
T02865,C1190,P0109,2025-07-26 14:59:19,4,434.2,1736.8,Mobile Money,0
T02866,C0719,P0086,2026-03-08 03:03:44,2,13.95,27.9,Cash on Delivery,0
T02867,C1220,P0055,2026-03-29 11:06:30,2,281.26,562.52,Card,0
T02868,C0064,P0146,2025-08-26 03:31:07,1,196.12,196.12,Card,0
T02869,C1449,P0140,2026-02-12 20:01:49,2,254.05,508.1,Mobile Money,0
T02870,C1980,P0042,2025-09-17 14:19:59,1,283.82,283.82,Cash on Delivery,0
T02871,C0467,P0050,2025-11-29 17:24:55,1,117.83,117.83,Card,0
T02872,C1991,P0164,2026-03-24 10:25:44,4,163.06,652.24,Cash on Delivery,0
T02873,C1177,P0073,2026-01-25 17:09:19,4,462.72,1850.88,Mobile Money,0
T02874,C1288,P0135,2025-11-10 02:04:05,2,91.79,183.58,Mobile Money,1
T02875,C1548,P0110,2025-10-06 15:51:29,3,253.25,759.75,Mobile Money,1
T02876,C0194,P0127,2025-06-16 06:08:43,1,458.03,458.03,Cash on Delivery,1
T02877,C1070,P0140,2026-03-12 04:19:15,3,254.05,762.15,Cash on Delivery,0
T02878,C0954,P0135,2026-05-19 09:17:14,1,91.79,91.79,Cash on Delivery,1
T02879,C0949,P0058,2026-02-26 11:12:04,1,498.88,498.88,Mobile Money,1
T02880,C0049,P0100,2026-05-28 10:38:00,1,42.3,42.3,Cash on Delivery,0
T02881,C0607,P0035,2026-03-10 16:53:42,2,165.97,331.94,Mobile Money,1
T02882,C1475,P0145,2025-08-19 21:58:42,4,406.55,1626.2,Mobile Money,1
T02883,C0674,P0123,2025-06-22 08:46:18,2,25.33,50.66,Mobile Money,0
T02884,C1405,P0004,2026-01-23 09:05:46,4,170.19,680.76,Mobile Money,0
T02885,C0203,P0029,2025-09-29 02:45:36,2,387.26,774.52,Cash on Delivery,0
T02886,C0571,P0174,2026-02-06 12:12:38,1,351.98,351.98,Mobile Money,0
T02887,C1346,P0189,2026-04-22 19:23:55,4,446.12,1784.48,Card,0
T02888,C1366,P0162,2025-09-04 09:13:14,3,448.28,1344.84,Cash on Delivery,0
T02889,C0532,P0133,2025-11-24 16:39:51,1,174.23,174.23,Cash on Delivery,1
T02890,C1553,P0149,2025-12-15 13:56:52,3,311.04,933.12,Cash on Delivery,0
T02891,C1618,P0012,2026-01-19 17:46:05,4,491.7,1966.8,Card,0
T02892,C1980,P0067,2026-04-02 12:11:32,1,97.33,97.33,Mobile Money,0
T02893,C0206,P0053,2026-04-11 19:27:23,4,347.76,1391.04,Cash on Delivery,0
T02894,C0915,P0176,2025-09-30 20:48:05,2,46.99,93.98,Cash on Delivery,0
T02895,C1002,P0145,2025-11-23 17:47:22,2,406.55,813.1,Mobile Money,0
T02896,C1827,P0068,2026-06-04 21:36:34,2,166.35,332.7,Card,0
T02897,C1933,P0088,2025-09-27 02:40:46,1,361.87,361.87,Card,0
T02898,C0703,P0161,2026-02-05 06:48:43,3,250.8,752.4,Cash on Delivery,0
T02899,C1899,P0015,2025-06-13 02:22:32,3,405.16,1215.48,Card,1
T02900,C0569,P0156,2025-11-16 02:43:57,2,495.3,990.6,Cash on Delivery,1
T02901,C0775,P0199,2025-06-16 07:03:23,1,487.33,487.33,Mobile Money,0
T02902,C1405,P0133,2026-01-05 13:27:30,2,174.23,348.46,Mobile Money,0
T02903,C1148,P0119,2026-04-07 17:31:26,4,482.8,1931.2,Card,0
T02904,C0982,P0057,2025-07-04 19:09:19,4,251.14,1004.56,Cash on Delivery,0
T02905,C1518,P0168,2026-04-06 14:40:27,4,396.83,1587.32,Card,1
T02906,C1199,P0036,2025-09-09 11:49:51,4,140.99,563.96,Cash on Delivery,0
T02907,C1960,P0199,2025-12-20 14:35:30,4,487.33,1949.32,Mobile Money,0
T02908,C1244,P0059,2025-08-20 16:18:14,3,253.83,761.49,Cash on Delivery,0
T02909,C1801,P0123,2025-08-31 03:15:37,2,25.33,50.66,Mobile Money,0
T02910,C0122,P0134,2026-03-22 20:17:40,3,25.16,75.48,Card,0
T02911,C1022,P0065,2025-07-09 20:12:00,3,318.6,955.8,Card,1
T02912,C1516,P0165,2025-07-12 06:22:34,3,243.85,731.55,Cash on Delivery,1
T02913,C1673,P0087,2025-11-19 19:27:45,1,374.51,374.51,Mobile Money,0
T02914,C1372,P0053,2025-10-26 01:09:44,1,347.76,347.76,Mobile Money,1
T02915,C1946,P0051,2025-10-22 18:36:01,3,179.52,538.56,Cash on Delivery,0
T02916,C0250,P0144,2026-03-30 22:58:56,4,197.14,788.56,Card,0
T02917,C0183,P0179,2026-05-20 21:41:57,3,178.36,535.08,Mobile Money,0
T02918,C1401,P0164,2025-08-22 02:11:07,2,163.06,326.12,Mobile Money,0
T02919,C0597,P0193,2025-11-02 06:29:49,1,315.64,315.64,Cash on Delivery,1
T02920,C1061,P0173,2025-10-16 17:45:31,1,434.1,434.1,Cash on Delivery,0
T02921,C1730,P0087,2025-12-01 04:06:19,1,374.51,374.51,Mobile Money,0
T02922,C1436,P0063,2025-11-12 10:41:00,3,382.0,1146.0,Mobile Money,0
T02923,C0617,P0100,2026-03-26 18:56:57,3,42.3,126.9,Mobile Money,0
T02924,C0729,P0197,2025-06-26 21:46:47,1,98.12,98.12,Mobile Money,0
T02925,C1511,P0008,2025-07-10 19:14:36,2,8.5,17.0,Card,0
T02926,C1466,P0049,2025-11-01 07:21:17,4,181.37,725.48,Mobile Money,0
T02927,C1839,P0123,2025-07-21 14:54:33,3,25.33,75.99,Mobile Money,0
T02928,C1965,P0025,2026-04-16 16:01:11,3,197.4,592.2,Mobile Money,0
T02929,C1248,P0114,2026-03-22 00:01:14,4,22.79,91.16,Cash on Delivery,0
T02930,C1826,P0099,2025-10-30 02:15:19,4,483.49,1933.96,Cash on Delivery,0
T02931,C1884,P0197,2025-12-12 08:38:12,1,98.12,98.12,Mobile Money,0
T02932,C0720,P0008,2025-09-10 20:59:25,3,8.5,25.5,Card,0
T02933,C1561,P0063,2025-11-07 22:09:21,2,382.0,764.0,Cash on Delivery,1
T02934,C1921,P0186,2025-12-02 10:20:36,4,241.47,965.88,Card,0
T02935,C1173,P0008,2025-06-11 12:08:20,4,8.5,34.0,Card,0
T02936,C1125,P0098,2025-06-27 01:51:03,4,476.77,1907.08,Mobile Money,0
T02937,C0925,P0111,2025-10-25 18:40:03,2,40.12,80.24,Mobile Money,0
T02938,C1927,P0158,2026-02-25 22:53:02,3,465.72,1397.16,Card,0
T02939,C1440,P0100,2026-05-09 18:47:34,3,42.3,126.9,Mobile Money,0
T02940,C1676,P0059,2026-01-08 01:27:55,2,253.83,507.66,Cash on Delivery,0
T02941,C1146,P0079,2026-03-07 21:41:03,2,449.07,898.14,Card,0
T02942,C1682,P0152,2026-05-01 20:50:45,1,63.49,63.49,Mobile Money,0
T02943,C0312,P0046,2026-02-27 22:53:16,1,314.06,314.06,Cash on Delivery,1
T02944,C1002,P0191,2026-04-08 08:03:50,3,484.8,1454.4,Mobile Money,0
T02945,C1832,P0105,2026-05-01 00:26:41,2,74.34,148.68,Card,0
T02946,C1377,P0182,2026-05-16 13:45:11,3,248.85,746.55,Cash on Delivery,0
T02947,C0799,P0052,2026-01-18 18:19:53,2,257.82,515.64,Card,0
T02948,C1753,P0162,2026-03-09 15:39:52,3,448.28,1344.84,Card,0
T02949,C0996,P0144,2025-10-28 01:26:45,2,197.14,394.28,Card,0
T02950,C1041,P0181,2026-06-08 01:06:56,3,128.12,384.36,Card,0
T02951,C1981,P0125,2025-10-20 03:30:57,4,96.25,385.0,Mobile Money,0
T02952,C0489,P0122,2026-02-25 08:10:20,3,488.05,1464.15,Cash on Delivery,0
T02953,C1708,P0180,2025-11-02 19:46:39,3,389.69,1169.07,Mobile Money,0
T02954,C1268,P0143,2025-11-22 22:57:14,1,320.02,320.02,Card,0
T02955,C1613,P0172,2026-02-04 13:11:24,1,75.78,75.78,Cash on Delivery,0
T02956,C0561,P0047,2025-08-07 10:19:49,3,230.98,692.94,Mobile Money,0
T02957,C0283,P0181,2025-07-28 02:23:39,4,128.12,512.48,Card,0
T02958,C0032,P0031,2026-02-27 04:13:48,4,365.86,1463.44,Card,0
T02959,C0381,P0158,2025-12-02 04:06:37,2,465.72,931.44,Cash on Delivery,0
T02960,C1552,P0063,2026-05-06 14:00:44,4,382.0,1528.0,Card,0
T02961,C1275,P0163,2025-10-15 21:40:39,2,479.48,958.96,Cash on Delivery,0
T02962,C0295,P0137,2025-08-10 05:39:15,2,235.01,470.02,Cash on Delivery,1
T02963,C0883,P0179,2026-01-01 03:12:50,1,178.36,178.36,Cash on Delivery,0
T02964,C1420,P0138,2026-04-19 02:23:46,4,309.85,1239.4,Card,0
T02965,C1923,P0072,2025-11-13 02:25:54,2,339.47,678.94,Cash on Delivery,0
T02966,C0907,P0083,2025-12-29 22:20:48,3,333.43,1000.29,Card,0
T02967,C1645,P0136,2025-11-08 08:43:58,2,248.35,496.7,Cash on Delivery,1
T02968,C1143,P0122,2025-07-15 22:27:44,3,488.05,1464.15,Mobile Money,0
T02969,C1868,P0138,2025-10-10 18:37:50,2,309.85,619.7,Cash on Delivery,0
T02970,C0523,P0167,2025-11-11 02:41:15,2,279.08,558.16,Cash on Delivery,0
T02971,C0574,P0138,2026-02-09 03:49:02,3,309.85,929.55,Card,0
T02972,C0644,P0071,2026-03-04 17:09:45,1,196.43,196.43,Card,1
T02973,C1928,P0061,2025-09-07 16:42:26,4,76.72,306.88,Cash on Delivery,0
T02974,C1548,P0102,2025-09-30 11:56:13,1,189.48,189.48,Mobile Money,0
T02975,C0438,P0035,2025-07-06 08:54:53,2,165.97,331.94,Mobile Money,0
T02976,C1764,P0051,2026-05-10 01:44:27,3,179.52,538.56,Card,0
T02977,C0527,P0111,2025-11-14 02:59:12,2,40.12,80.24,Mobile Money,0
T02978,C1575,P0177,2025-10-08 20:55:16,2,432.25,864.5,Cash on Delivery,0
T02979,C1989,P0026,2025-08-30 17:38:44,4,295.44,1181.76,Card,0
T02980,C1587,P0176,2026-05-27 15:01:02,1,46.99,46.99,Cash on Delivery,0
T02981,C1122,P0111,2025-12-08 21:12:48,4,40.12,160.48,Card,0
T02982,C0170,P0155,2026-01-16 16:17:12,3,214.62,643.86,Card,1
T02983,C0325,P0056,2026-05-31 01:27:12,1,486.03,486.03,Mobile Money,0
T02984,C0260,P0146,2026-03-06 14:41:58,1,196.12,196.12,Cash on Delivery,0
T02985,C0340,P0129,2025-07-15 12:18:00,2,467.63,935.26,Mobile Money,0
T02986,C0532,P0070,2026-02-09 02:44:31,4,52.61,210.44,Mobile Money,0
T02987,C1562,P0174,2025-10-23 09:44:40,3,351.98,1055.94,Cash on Delivery,1
T02988,C0594,P0160,2026-02-17 10:16:20,2,56.05,112.1,Cash on Delivery,0
T02989,C0714,P0105,2025-10-29 22:27:04,4,74.34,297.36,Cash on Delivery,0
T02990,C1397,P0088,2025-10-12 17:10:46,4,361.87,1447.48,Mobile Money,1
T02991,C0046,P0179,2025-08-30 14:46:43,2,178.36,356.72,Mobile Money,0
T02992,C1102,P0136,2026-02-28 13:27:50,3,248.35,745.05,Mobile Money,0
T02993,C1296,P0159,2025-09-16 13:47:32,4,341.52,1366.08,Cash on Delivery,0
T02994,C0111,P0148,2026-04-02 05:57:43,2,54.89,109.78,Mobile Money,0
T02995,C0501,P0015,2025-11-15 09:00:02,2,405.16,810.32,Card,1
T02996,C1864,P0076,2026-01-31 03:56:38,2,498.15,996.3,Cash on Delivery,0
T02997,C1221,P0019,2025-11-21 06:34:47,2,332.95,665.9,Cash on Delivery,0
T02998,C1087,P0120,2026-06-06 17:18:42,3,30.58,91.74,Mobile Money,0
T02999,C1568,P0105,2026-01-27 17:22:51,1,74.34,74.34,Mobile Money,0
T03000,C0194,P0110,2026-02-17 00:41:21,1,253.25,253.25,Card,0
T03001,C1675,P0007,2025-11-07 20:19:01,4,95.79,383.16,Mobile Money,0
T03002,C1964,P0087,2026-05-20 08:18:35,3,374.51,1123.53,Cash on Delivery,0
T03003,C0568,P0045,2025-08-25 09:41:24,4,148.43,593.72,Mobile Money,0
T03004,C0149,P0160,2026-04-30 20:17:35,4,56.05,224.2,Mobile Money,0
T03005,C1485,P0031,2025-12-23 02:09:35,1,365.86,365.86,Card,0
T03006,C1860,P0139,2025-07-30 03:51:42,1,134.14,134.14,Card,0
T03007,C0699,P0036,2025-12-26 16:38:02,3,140.99,422.97,Card,0
T03008,C0307,P0067,2026-03-29 14:15:31,4,97.33,389.32,Cash on Delivery,0
T03009,C0898,P0157,2026-02-20 05:19:51,1,128.76,128.76,Mobile Money,1
T03010,C1334,P0006,2026-02-09 00:15:31,3,469.58,1408.74,Cash on Delivery,0
T03011,C0657,P0088,2026-04-12 12:38:05,4,361.87,1447.48,Cash on Delivery,1
T03012,C1850,P0005,2025-10-14 13:02:56,2,15.19,30.38,Cash on Delivery,0
T03013,C1386,P0012,2026-02-23 12:26:27,1,491.7,491.7,Mobile Money,0
T03014,C0660,P0188,2025-10-10 10:03:47,1,489.06,489.06,Mobile Money,0
T03015,C1336,P0200,2025-10-25 10:21:21,1,270.37,270.37,Card,0
T03016,C0566,P0070,2025-11-06 09:47:01,4,52.61,210.44,Cash on Delivery,0
T03017,C0351,P0139,2025-07-31 06:49:00,3,134.14,402.42,Mobile Money,0
T03018,C1899,P0028,2025-07-23 02:58:50,3,86.81,260.43,Card,0
T03019,C0380,P0120,2025-06-25 21:38:39,1,30.58,30.58,Cash on Delivery,1
T03020,C1311,P0090,2025-08-17 11:51:53,4,128.98,515.92,Mobile Money,0
T03021,C1766,P0028,2025-10-28 09:46:51,3,86.81,260.43,Card,0
T03022,C0227,P0137,2026-01-23 03:09:52,3,235.01,705.03,Mobile Money,0
T03023,C1356,P0171,2025-10-22 05:03:08,3,275.23,825.69,Cash on Delivery,1
T03024,C0619,P0117,2025-10-03 18:50:59,1,155.12,155.12,Card,0
T03025,C0866,P0122,2025-06-26 20:52:53,2,488.05,976.1,Cash on Delivery,0
T03026,C0696,P0033,2025-07-30 08:22:14,3,432.24,1296.72,Card,0
T03027,C1422,P0120,2025-08-10 04:17:51,2,30.58,61.16,Mobile Money,0
T03028,C1349,P0013,2025-06-17 23:14:33,4,305.73,1222.92,Cash on Delivery,0
T03029,C1879,P0034,2026-02-15 17:53:51,3,52.23,156.69,Card,0
T03030,C0049,P0019,2025-08-04 23:19:55,2,332.95,665.9,Cash on Delivery,0
T03031,C0180,P0171,2025-08-02 03:51:06,4,275.23,1100.92,Mobile Money,1
T03032,C0738,P0114,2026-03-23 19:48:40,4,22.79,91.16,Cash on Delivery,0
T03033,C0590,P0177,2025-07-21 23:31:27,3,432.25,1296.75,Mobile Money,1
T03034,C1059,P0175,2026-05-31 15:15:37,3,446.49,1339.47,Card,0
T03035,C0364,P0071,2026-02-25 03:01:09,1,196.43,196.43,Card,0
T03036,C1303,P0054,2026-05-28 11:37:07,2,471.74,943.48,Card,0
T03037,C1267,P0152,2025-09-13 12:58:52,3,63.49,190.47,Cash on Delivery,0
T03038,C1416,P0010,2025-10-18 02:42:05,1,487.01,487.01,Cash on Delivery,0
T03039,C0204,P0048,2026-04-03 14:21:17,4,446.82,1787.28,Cash on Delivery,0
T03040,C0855,P0126,2026-03-24 09:12:17,1,349.51,349.51,Mobile Money,0
T03041,C1844,P0026,2026-02-12 18:04:00,1,295.44,295.44,Cash on Delivery,0
T03042,C0774,P0166,2026-01-09 11:00:38,1,226.98,226.98,Cash on Delivery,0
T03043,C0588,P0008,2025-07-31 13:13:08,1,8.5,8.5,Mobile Money,0
T03044,C0254,P0190,2025-11-12 06:18:08,2,459.96,919.92,Card,0
T03045,C1350,P0034,2025-10-28 04:11:35,3,52.23,156.69,Mobile Money,0
T03046,C0118,P0082,2025-07-06 06:59:35,4,292.44,1169.76,Cash on Delivery,0
T03047,C0911,P0165,2026-03-15 00:51:29,2,243.85,487.7,Mobile Money,0
T03048,C1673,P0102,2025-11-24 11:05:20,4,189.48,757.92,Mobile Money,0
T03049,C1222,P0053,2025-07-21 16:47:10,2,347.76,695.52,Cash on Delivery,0
T03050,C1616,P0118,2025-10-01 22:50:42,2,263.51,527.02,Cash on Delivery,0
T03051,C0414,P0052,2026-04-20 04:59:08,1,257.82,257.82,Cash on Delivery,0
T03052,C0993,P0124,2025-09-28 21:26:17,4,222.29,889.16,Mobile Money,1
T03053,C0016,P0001,2025-08-10 03:25:10,3,190.4,571.2,Cash on Delivery,0
T03054,C1392,P0145,2025-08-10 06:28:38,4,406.55,1626.2,Mobile Money,1
T03055,C1430,P0102,2025-07-05 12:25:53,2,189.48,378.96,Card,0
T03056,C1064,P0099,2026-03-03 14:40:09,3,483.49,1450.47,Cash on Delivery,0
T03057,C1405,P0155,2026-05-30 13:10:16,4,214.62,858.48,Card,1
T03058,C1910,P0004,2025-07-08 21:45:32,1,170.19,170.19,Card,0
T03059,C0351,P0197,2025-09-05 15:05:35,1,98.12,98.12,Cash on Delivery,0
T03060,C1967,P0078,2025-07-13 17:19:44,2,143.04,286.08,Cash on Delivery,1
T03061,C1965,P0012,2026-04-08 08:56:39,3,491.7,1475.1,Cash on Delivery,0
T03062,C1438,P0063,2025-09-11 00:43:00,3,382.0,1146.0,Cash on Delivery,0
T03063,C1080,P0082,2025-10-05 01:55:01,2,292.44,584.88,Cash on Delivery,1
T03064,C1818,P0147,2025-11-05 15:09:15,2,107.31,214.62,Cash on Delivery,0
T03065,C0678,P0199,2025-11-02 03:34:02,4,487.33,1949.32,Cash on Delivery,1
T03066,C0658,P0197,2026-01-16 19:22:27,4,98.12,392.48,Cash on Delivery,0
T03067,C0112,P0185,2026-05-18 05:35:37,2,342.11,684.22,Cash on Delivery,1
T03068,C1140,P0023,2025-11-24 12:29:50,3,461.33,1383.99,Card,0
T03069,C1221,P0142,2025-10-09 11:14:22,4,323.0,1292.0,Mobile Money,0
T03070,C1323,P0022,2025-08-03 23:19:55,4,200.6,802.4,Cash on Delivery,0
T03071,C0100,P0076,2026-03-19 16:45:54,2,498.15,996.3,Mobile Money,0
T03072,C1316,P0124,2026-03-12 08:24:08,1,222.29,222.29,Mobile Money,0
T03073,C0519,P0125,2026-05-06 22:15:30,3,96.25,288.75,Cash on Delivery,0
T03074,C0629,P0023,2026-01-13 13:48:28,2,461.33,922.66,Mobile Money,0
T03075,C1045,P0114,2025-07-07 17:03:01,4,22.79,91.16,Card,0
T03076,C0483,P0070,2025-09-12 11:46:16,4,52.61,210.44,Card,1
T03077,C1620,P0175,2025-07-30 10:43:26,1,446.49,446.49,Cash on Delivery,0
T03078,C0203,P0106,2026-04-11 00:55:03,1,164.66,164.66,Cash on Delivery,0
T03079,C0142,P0160,2025-10-15 01:59:26,4,56.05,224.2,Card,0
T03080,C0615,P0088,2025-12-31 00:00:35,4,361.87,1447.48,Card,0
T03081,C0529,P0107,2025-09-30 20:08:35,3,352.73,1058.19,Cash on Delivery,0
T03082,C0969,P0025,2026-05-22 00:09:45,4,197.4,789.6,Cash on Delivery,0
T03083,C1773,P0086,2026-01-22 02:51:05,3,13.95,41.85,Card,1
T03084,C0805,P0176,2025-12-15 06:26:29,3,46.99,140.97,Card,0
T03085,C0668,P0055,2026-05-12 22:19:11,1,281.26,281.26,Cash on Delivery,0
T03086,C1609,P0129,2025-09-14 09:06:10,1,467.63,467.63,Card,0
T03087,C0701,P0183,2025-10-19 00:31:27,1,287.88,287.88,Cash on Delivery,1
T03088,C0960,P0013,2025-07-09 09:45:36,3,305.73,917.19,Mobile Money,0
T03089,C0565,P0160,2025-07-21 22:50:26,4,56.05,224.2,Mobile Money,0
T03090,C0072,P0031,2025-06-22 21:07:49,4,365.86,1463.44,Cash on Delivery,0
T03091,C0087,P0124,2025-08-16 08:05:45,2,222.29,444.58,Card,1
T03092,C0281,P0074,2026-06-07 00:28:19,1,118.13,118.13,Cash on Delivery,0
T03093,C0749,P0115,2026-03-03 11:44:47,1,491.01,491.01,Cash on Delivery,1
T03094,C0609,P0196,2026-03-03 05:03:26,3,57.84,173.52,Cash on Delivery,0
T03095,C1454,P0194,2025-11-10 22:56:33,4,369.86,1479.44,Card,0
T03096,C1536,P0096,2026-04-15 07:50:33,1,497.3,497.3,Card,0
T03097,C1809,P0121,2025-12-06 17:00:01,2,351.26,702.52,Card,0
T03098,C1420,P0076,2026-02-01 17:40:40,4,498.15,1992.6,Card,0
T03099,C0702,P0062,2026-01-05 04:50:35,3,278.68,836.04,Card,0
T03100,C1218,P0021,2025-11-20 11:57:30,1,484.94,484.94,Card,0
T03101,C0021,P0181,2025-07-02 02:58:51,1,128.12,128.12,Cash on Delivery,1
T03102,C0202,P0143,2025-08-27 06:57:01,3,320.02,960.06,Mobile Money,0
T03103,C1183,P0151,2025-10-09 01:10:12,4,173.61,694.44,Mobile Money,0
T03104,C0504,P0054,2026-03-13 01:25:38,3,471.74,1415.22,Card,0
T03105,C0066,P0026,2025-08-25 01:53:04,1,295.44,295.44,Card,1
T03106,C0472,P0167,2025-06-15 20:00:50,3,279.08,837.24,Cash on Delivery,1
T03107,C1178,P0167,2026-03-20 07:10:04,4,279.08,1116.32,Cash on Delivery,1
T03108,C0413,P0087,2026-02-09 11:58:24,2,374.51,749.02,Cash on Delivery,0
T03109,C1695,P0153,2025-08-15 06:17:29,4,468.64,1874.56,Cash on Delivery,0
T03110,C1239,P0194,2025-07-16 05:29:01,2,369.86,739.72,Card,0
T03111,C0797,P0175,2026-04-19 06:09:38,3,446.49,1339.47,Cash on Delivery,0
T03112,C0483,P0127,2025-11-06 14:16:48,2,458.03,916.06,Mobile Money,0
T03113,C1056,P0049,2025-08-15 19:54:01,1,181.37,181.37,Mobile Money,0
T03114,C1342,P0158,2026-05-27 13:30:43,3,465.72,1397.16,Card,0
T03115,C0017,P0078,2025-12-11 06:58:10,3,143.04,429.12,Card,0
T03116,C1950,P0022,2026-02-27 15:37:55,4,200.6,802.4,Cash on Delivery,0
T03117,C0436,P0081,2026-01-04 23:57:52,4,85.01,340.04,Mobile Money,0
T03118,C1019,P0008,2025-06-22 11:02:12,4,8.5,34.0,Cash on Delivery,0
T03119,C0780,P0167,2025-11-14 20:02:08,3,279.08,837.24,Cash on Delivery,1
T03120,C1548,P0033,2026-01-20 07:05:11,2,432.24,864.48,Card,0
T03121,C1840,P0025,2026-05-08 05:57:54,2,197.4,394.8,Mobile Money,0
T03122,C0643,P0083,2025-11-27 14:25:58,3,333.43,1000.29,Cash on Delivery,0
T03123,C0325,P0125,2025-11-23 05:16:03,3,96.25,288.75,Card,0
T03124,C1051,P0163,2026-04-30 05:45:08,3,479.48,1438.44,Mobile Money,0
T03125,C0981,P0165,2025-12-13 02:01:28,2,243.85,487.7,Cash on Delivery,0
T03126,C0793,P0144,2026-01-01 17:01:15,4,197.14,788.56,Cash on Delivery,0
T03127,C0657,P0033,2025-12-12 18:48:46,2,432.24,864.48,Card,0
T03128,C1833,P0171,2026-06-05 02:15:02,2,275.23,550.46,Card,0
T03129,C1090,P0117,2025-11-27 04:06:38,4,155.12,620.48,Mobile Money,0
T03130,C0502,P0060,2026-03-07 18:43:08,1,175.81,175.81,Card,0
T03131,C1253,P0031,2025-08-07 10:14:56,1,365.86,365.86,Mobile Money,0
T03132,C0069,P0100,2025-10-09 19:19:49,3,42.3,126.9,Mobile Money,1
T03133,C0221,P0152,2026-02-05 04:03:42,4,63.49,253.96,Mobile Money,0
T03134,C0677,P0173,2025-06-27 12:46:16,3,434.1,1302.3,Card,0
T03135,C0211,P0186,2025-06-20 20:36:59,4,241.47,965.88,Card,0
T03136,C1599,P0023,2025-06-20 07:17:44,3,461.33,1383.99,Mobile Money,0
T03137,C0262,P0118,2026-04-23 22:48:53,2,263.51,527.02,Cash on Delivery,0
T03138,C1765,P0006,2026-01-28 03:21:16,4,469.58,1878.32,Mobile Money,0
T03139,C1087,P0030,2026-04-02 22:42:26,1,11.97,11.97,Card,0
T03140,C1881,P0136,2025-09-08 21:01:02,4,248.35,993.4,Card,0
T03141,C1788,P0161,2025-12-28 08:45:04,1,250.8,250.8,Mobile Money,0
T03142,C0846,P0038,2026-03-11 05:00:17,4,362.26,1449.04,Card,0
T03143,C0053,P0139,2025-07-09 18:23:03,2,134.14,268.28,Cash on Delivery,0
T03144,C0452,P0094,2025-08-03 23:33:51,2,118.94,237.88,Mobile Money,0
T03145,C1859,P0007,2026-02-26 03:14:06,2,95.79,191.58,Mobile Money,1
T03146,C1396,P0137,2025-08-15 03:44:15,2,235.01,470.02,Mobile Money,0
T03147,C0395,P0191,2026-01-20 01:34:05,4,484.8,1939.2,Mobile Money,1
T03148,C1171,P0037,2026-02-02 01:06:30,2,64.2,128.4,Cash on Delivery,0
T03149,C0647,P0008,2025-12-21 23:37:20,3,8.5,25.5,Cash on Delivery,0
T03150,C1471,P0059,2025-10-26 03:48:04,3,253.83,761.49,Card,1
T03151,C1463,P0007,2025-06-12 06:38:45,4,95.79,383.16,Cash on Delivery,0
T03152,C0530,P0003,2026-02-21 10:48:59,3,82.22,246.66,Mobile Money,1
T03153,C0485,P0045,2026-02-22 17:27:13,1,148.43,148.43,Card,0
T03154,C1680,P0092,2025-12-30 06:59:13,4,220.03,880.12,Mobile Money,1
T03155,C0315,P0079,2026-03-01 01:34:05,1,449.07,449.07,Card,0
T03156,C0238,P0146,2026-06-07 08:24:37,1,196.12,196.12,Cash on Delivery,0
T03157,C0669,P0174,2026-04-19 17:02:23,3,351.98,1055.94,Mobile Money,1
T03158,C0178,P0198,2025-12-09 22:15:50,1,118.55,118.55,Cash on Delivery,1
T03159,C0903,P0055,2025-09-19 18:58:57,3,281.26,843.78,Cash on Delivery,1
T03160,C1662,P0091,2026-03-02 03:50:29,3,199.58,598.74,Mobile Money,0
T03161,C1163,P0081,2025-08-21 16:00:48,1,85.01,85.01,Mobile Money,1
T03162,C1647,P0005,2025-08-09 10:15:35,2,15.19,30.38,Mobile Money,0
T03163,C0170,P0184,2025-07-13 23:50:49,4,63.18,252.72,Cash on Delivery,0
T03164,C1867,P0106,2026-05-31 23:12:36,4,164.66,658.64,Cash on Delivery,0
T03165,C0519,P0138,2025-10-02 21:20:44,4,309.85,1239.4,Cash on Delivery,1
T03166,C0965,P0142,2025-11-18 15:10:04,1,323.0,323.0,Cash on Delivery,1
T03167,C0426,P0061,2025-06-18 15:41:35,3,76.72,230.16,Card,0
T03168,C0641,P0136,2026-03-15 17:40:18,2,248.35,496.7,Cash on Delivery,0
T03169,C0107,P0197,2025-09-22 04:00:29,3,98.12,294.36,Cash on Delivery,0
T03170,C1935,P0048,2025-11-25 16:52:51,2,446.82,893.64,Mobile Money,0
T03171,C1689,P0103,2025-07-26 19:16:42,3,349.53,1048.59,Mobile Money,1
T03172,C0523,P0112,2025-10-18 20:11:43,2,445.55,891.1,Mobile Money,0
T03173,C1296,P0017,2025-06-30 08:44:57,3,65.41,196.23,Mobile Money,0
T03174,C0420,P0056,2025-08-04 18:42:22,2,486.03,972.06,Card,1
T03175,C0498,P0083,2026-01-31 22:19:32,2,333.43,666.86,Mobile Money,0
T03176,C1001,P0075,2025-08-05 21:48:54,4,279.82,1119.28,Card,1
T03177,C0530,P0127,2026-01-04 02:41:14,3,458.03,1374.09,Card,0
T03178,C0243,P0089,2025-08-02 01:16:08,2,51.37,102.74,Card,0
T03179,C1490,P0094,2026-05-15 05:09:45,1,118.94,118.94,Card,0
T03180,C1234,P0114,2025-10-08 09:00:19,3,22.79,68.37,Cash on Delivery,0
T03181,C0831,P0099,2025-08-06 02:03:34,1,483.49,483.49,Mobile Money,1
T03182,C0420,P0014,2025-11-23 13:21:31,3,11.57,34.71,Cash on Delivery,1
T03183,C0014,P0018,2025-07-29 12:39:57,1,90.82,90.82,Card,0
T03184,C1401,P0025,2025-08-20 06:47:26,4,197.4,789.6,Card,0
T03185,C1128,P0039,2026-03-15 15:25:25,4,249.43,997.72,Card,1
T03186,C1589,P0189,2026-02-26 06:25:02,2,446.12,892.24,Card,1
T03187,C1955,P0053,2026-04-05 23:41:36,4,347.76,1391.04,Mobile Money,0
T03188,C1155,P0118,2025-07-02 23:44:13,1,263.51,263.51,Card,0
T03189,C1223,P0043,2025-12-02 02:23:27,2,128.4,256.8,Mobile Money,0
T03190,C0791,P0137,2026-04-09 15:26:51,4,235.01,940.04,Cash on Delivery,0
T03191,C1591,P0074,2026-06-05 17:34:39,2,118.13,236.26,Card,0
T03192,C0083,P0125,2026-04-11 21:18:15,4,96.25,385.0,Mobile Money,0
T03193,C1110,P0032,2025-10-23 08:13:27,4,463.52,1854.08,Mobile Money,0
T03194,C1435,P0195,2025-07-31 18:35:38,4,475.45,1901.8,Cash on Delivery,0
T03195,C0713,P0189,2025-11-16 16:12:55,3,446.12,1338.36,Mobile Money,0
T03196,C1280,P0051,2025-06-25 06:29:29,4,179.52,718.08,Mobile Money,1
T03197,C0896,P0130,2026-04-15 12:59:53,4,370.26,1481.04,Card,0
T03198,C1732,P0139,2026-02-07 10:20:33,2,134.14,268.28,Card,1
T03199,C1856,P0196,2025-11-30 11:20:53,4,57.84,231.36,Cash on Delivery,1
T03200,C0282,P0001,2025-06-20 12:06:37,1,190.4,190.4,Card,0
T03201,C1538,P0139,2025-11-26 19:16:07,3,134.14,402.42,Card,1
T03202,C1143,P0093,2026-04-04 09:49:40,4,290.57,1162.28,Cash on Delivery,1
T03203,C1104,P0132,2025-06-28 05:00:10,1,181.21,181.21,Mobile Money,0
T03204,C0894,P0111,2025-10-12 18:12:00,1,40.12,40.12,Mobile Money,0
T03205,C1541,P0189,2026-03-01 04:27:33,3,446.12,1338.36,Card,0
T03206,C1009,P0143,2025-08-24 20:00:42,3,320.02,960.06,Card,1
T03207,C1818,P0195,2026-05-15 20:53:27,2,475.45,950.9,Mobile Money,0
T03208,C0812,P0006,2025-11-05 12:00:12,3,469.58,1408.74,Cash on Delivery,1
T03209,C1534,P0058,2025-07-21 06:44:54,1,498.88,498.88,Card,0
T03210,C0426,P0046,2026-03-10 12:18:56,2,314.06,628.12,Card,0
T03211,C1435,P0048,2026-01-29 19:40:25,2,446.82,893.64,Cash on Delivery,0
T03212,C0883,P0020,2026-04-12 19:53:48,2,107.93,215.86,Mobile Money,0
T03213,C0432,P0163,2025-09-02 17:42:13,4,479.48,1917.92,Card,1
T03214,C1220,P0195,2025-08-08 10:04:55,4,475.45,1901.8,Mobile Money,0
T03215,C1389,P0121,2026-03-14 01:57:01,4,351.26,1405.04,Mobile Money,0
T03216,C0935,P0068,2025-07-10 09:58:02,4,166.35,665.4,Card,0
T03217,C0066,P0149,2025-07-03 22:19:13,4,311.04,1244.16,Mobile Money,1
T03218,C0083,P0144,2025-09-26 23:26:52,3,197.14,591.42,Card,0
T03219,C0785,P0009,2025-06-26 02:46:49,1,307.87,307.87,Cash on Delivery,0
T03220,C1209,P0113,2026-04-25 11:31:39,4,291.54,1166.16,Card,0
T03221,C0523,P0173,2026-01-18 08:47:27,4,434.1,1736.4,Mobile Money,0
T03222,C0205,P0141,2025-07-30 19:32:46,3,343.56,1030.68,Cash on Delivery,1
T03223,C1183,P0026,2026-01-17 18:18:00,3,295.44,886.32,Card,0
T03224,C0148,P0022,2026-05-14 17:45:05,2,200.6,401.2,Card,0
T03225,C0419,P0010,2025-12-24 11:37:13,3,487.01,1461.03,Card,0
T03226,C1573,P0026,2025-06-13 19:26:46,3,295.44,886.32,Mobile Money,0
T03227,C0940,P0136,2025-06-25 14:15:18,1,248.35,248.35,Card,0
T03228,C1628,P0126,2025-07-09 05:53:00,3,349.51,1048.53,Card,0
T03229,C1224,P0195,2025-07-18 21:31:46,3,475.45,1426.35,Card,0
T03230,C1329,P0117,2026-02-07 22:06:23,3,155.12,465.36,Mobile Money,0
T03231,C1818,P0036,2025-07-31 02:41:30,4,140.99,563.96,Cash on Delivery,0
T03232,C0684,P0045,2025-07-28 19:20:49,1,148.43,148.43,Cash on Delivery,1
T03233,C1233,P0132,2025-11-06 08:30:27,4,181.21,724.84,Mobile Money,0
T03234,C0026,P0058,2025-12-17 16:58:52,1,498.88,498.88,Card,0
T03235,C1012,P0095,2025-12-12 13:31:13,3,17.04,51.12,Card,0
T03236,C0137,P0128,2025-09-15 08:10:17,1,276.87,276.87,Cash on Delivery,1
T03237,C0388,P0078,2025-09-17 12:36:50,4,143.04,572.16,Card,0
T03238,C1016,P0059,2026-05-31 23:04:04,2,253.83,507.66,Cash on Delivery,0
T03239,C1112,P0165,2026-01-21 19:37:55,4,243.85,975.4,Cash on Delivery,0
T03240,C1940,P0081,2026-05-27 07:00:50,1,85.01,85.01,Card,0
T03241,C0987,P0017,2026-02-16 00:24:45,3,65.41,196.23,Card,0
T03242,C1429,P0055,2025-10-05 22:14:21,1,281.26,281.26,Card,0
T03243,C1689,P0081,2026-04-08 16:44:16,2,85.01,170.02,Cash on Delivery,0
T03244,C1755,P0195,2025-10-02 14:16:04,3,475.45,1426.35,Card,0
T03245,C1935,P0110,2026-04-28 06:33:00,4,253.25,1013.0,Card,0
T03246,C1412,P0086,2025-09-21 05:12:15,2,13.95,27.9,Mobile Money,1
T03247,C1335,P0045,2025-06-19 01:51:00,1,148.43,148.43,Cash on Delivery,0
T03248,C1302,P0160,2025-07-19 12:35:07,3,56.05,168.15,Card,0
T03249,C1591,P0089,2026-03-03 13:35:09,3,51.37,154.11,Cash on Delivery,0
T03250,C0235,P0145,2025-12-09 16:24:34,2,406.55,813.1,Card,1
T03251,C1160,P0179,2026-03-01 09:14:46,4,178.36,713.44,Card,0
T03252,C1418,P0189,2026-05-29 16:25:50,1,446.12,446.12,Card,0
T03253,C0910,P0019,2025-10-31 01:39:29,4,332.95,1331.8,Mobile Money,0
T03254,C1597,P0067,2026-01-21 04:49:15,3,97.33,291.99,Mobile Money,0
T03255,C1897,P0184,2026-04-23 16:22:45,3,63.18,189.54,Cash on Delivery,0
T03256,C0943,P0104,2025-07-27 04:10:09,3,108.41,325.23,Cash on Delivery,0
T03257,C0705,P0134,2025-06-16 13:03:09,2,25.16,50.32,Card,0
T03258,C0832,P0099,2025-07-28 12:25:04,1,483.49,483.49,Card,1
T03259,C0462,P0087,2025-10-16 22:00:22,2,374.51,749.02,Card,0
T03260,C0415,P0081,2025-10-11 12:40:49,2,85.01,170.02,Card,0
T03261,C0190,P0083,2026-03-21 09:49:31,4,333.43,1333.72,Mobile Money,0
T03262,C1257,P0182,2025-12-21 08:40:33,4,248.85,995.4,Mobile Money,1
T03263,C1193,P0136,2025-07-17 16:59:35,2,248.35,496.7,Mobile Money,0
T03264,C0168,P0187,2026-01-31 17:50:15,3,115.68,347.04,Card,0
T03265,C1574,P0150,2026-03-12 21:07:21,4,162.89,651.56,Mobile Money,0
T03266,C1833,P0130,2026-04-20 18:48:20,1,370.26,370.26,Cash on Delivery,1
T03267,C0898,P0019,2026-02-15 08:20:27,1,332.95,332.95,Mobile Money,1
T03268,C0062,P0092,2026-04-02 07:34:35,4,220.03,880.12,Cash on Delivery,0
T03269,C0150,P0016,2026-02-17 09:21:20,2,119.29,238.58,Cash on Delivery,0
T03270,C0824,P0142,2025-08-28 23:32:23,4,323.0,1292.0,Card,0
T03271,C0310,P0065,2025-11-23 20:24:33,1,318.6,318.6,Cash on Delivery,1
T03272,C1454,P0194,2026-04-09 18:38:48,2,369.86,739.72,Mobile Money,0
T03273,C0306,P0161,2026-01-04 06:30:36,3,250.8,752.4,Cash on Delivery,1
T03274,C1320,P0105,2025-09-19 11:34:45,2,74.34,148.68,Cash on Delivery,0
T03275,C0169,P0039,2025-12-14 14:23:53,1,249.43,249.43,Mobile Money,0
T03276,C1621,P0068,2026-02-21 19:45:53,3,166.35,499.05,Card,1
T03277,C0588,P0199,2026-01-21 00:34:50,4,487.33,1949.32,Mobile Money,0
T03278,C1745,P0091,2026-04-06 07:09:39,3,199.58,598.74,Mobile Money,0
T03279,C1277,P0084,2026-01-23 07:41:08,3,156.16,468.48,Mobile Money,0
T03280,C0355,P0154,2025-08-11 19:21:59,3,402.72,1208.16,Cash on Delivery,1
T03281,C1392,P0197,2025-07-22 01:29:58,4,98.12,392.48,Card,0
T03282,C0533,P0072,2025-08-01 23:45:16,3,339.47,1018.41,Card,0
T03283,C1552,P0016,2025-11-17 13:28:04,3,119.29,357.87,Cash on Delivery,0
T03284,C0824,P0146,2025-08-25 22:40:49,3,196.12,588.36,Card,0
T03285,C0078,P0156,2025-11-03 06:15:53,2,495.3,990.6,Card,0
T03286,C0549,P0184,2025-11-29 01:56:39,4,63.18,252.72,Mobile Money,0
T03287,C1217,P0144,2026-03-03 19:45:45,1,197.14,197.14,Card,0
T03288,C1291,P0060,2026-02-17 04:06:13,1,175.81,175.81,Cash on Delivery,1
T03289,C0834,P0126,2025-08-18 21:42:53,3,349.51,1048.53,Mobile Money,0
T03290,C0502,P0126,2025-07-31 13:35:09,4,349.51,1398.04,Cash on Delivery,0
T03291,C1285,P0147,2025-08-26 21:29:24,4,107.31,429.24,Card,0
T03292,C1370,P0131,2025-06-20 18:39:08,4,366.37,1465.48,Mobile Money,0
T03293,C0100,P0094,2025-06-19 06:18:06,4,118.94,475.76,Cash on Delivery,0
T03294,C1339,P0029,2026-02-14 09:54:44,1,387.26,387.26,Mobile Money,0
T03295,C0494,P0025,2025-06-25 16:25:45,2,197.4,394.8,Cash on Delivery,0
T03296,C1141,P0097,2025-08-11 21:03:22,1,457.86,457.86,Mobile Money,0
T03297,C1606,P0199,2025-08-29 18:23:45,3,487.33,1461.99,Mobile Money,1
T03298,C1448,P0079,2025-08-06 00:11:42,3,449.07,1347.21,Card,0
T03299,C0541,P0098,2026-01-30 03:58:11,2,476.77,953.54,Mobile Money,1
T03300,C1879,P0144,2026-01-18 17:55:59,1,197.14,197.14,Mobile Money,0
T03301,C1527,P0010,2025-08-30 03:55:24,3,487.01,1461.03,Cash on Delivery,0
T03302,C0810,P0004,2025-06-17 10:39:14,4,170.19,680.76,Mobile Money,0
T03303,C1884,P0004,2026-04-24 13:31:14,4,170.19,680.76,Cash on Delivery,1
T03304,C1934,P0092,2025-12-03 21:11:30,2,220.03,440.06,Card,0
T03305,C0442,P0035,2026-03-14 18:07:48,3,165.97,497.91,Mobile Money,1
T03306,C1593,P0065,2025-07-02 08:20:29,3,318.6,955.8,Cash on Delivery,0
T03307,C1928,P0193,2025-10-16 07:22:08,1,315.64,315.64,Cash on Delivery,0
T03308,C0675,P0018,2025-12-21 01:05:28,2,90.82,181.64,Card,0
T03309,C1012,P0087,2025-11-18 16:08:15,2,374.51,749.02,Card,0
T03310,C1702,P0026,2026-05-06 15:55:48,1,295.44,295.44,Cash on Delivery,0
T03311,C0126,P0066,2025-09-21 19:01:10,2,400.18,800.36,Mobile Money,0
T03312,C1508,P0057,2025-09-01 19:21:59,3,251.14,753.42,Cash on Delivery,0
T03313,C0978,P0025,2025-07-13 15:28:02,2,197.4,394.8,Mobile Money,0
T03314,C0651,P0135,2025-12-05 14:17:21,3,91.79,275.37,Card,0
T03315,C1547,P0101,2025-10-07 00:29:36,4,426.31,1705.24,Mobile Money,0
T03316,C0542,P0126,2026-03-25 03:36:57,4,349.51,1398.04,Cash on Delivery,0
T03317,C0509,P0094,2025-09-04 12:07:25,4,118.94,475.76,Mobile Money,0
T03318,C1315,P0015,2026-05-31 06:13:48,4,405.16,1620.64,Mobile Money,1
T03319,C0776,P0039,2025-08-13 22:35:49,4,249.43,997.72,Mobile Money,0
T03320,C0340,P0043,2025-12-22 03:54:47,2,128.4,256.8,Card,0
T03321,C1562,P0169,2026-02-06 23:50:57,3,465.81,1397.43,Mobile Money,0
T03322,C0662,P0180,2025-07-27 18:54:12,4,389.69,1558.76,Card,1
T03323,C1700,P0133,2025-09-25 06:16:32,3,174.23,522.69,Card,0
T03324,C1629,P0101,2025-12-29 07:46:59,3,426.31,1278.93,Cash on Delivery,0
T03325,C1608,P0177,2025-06-21 23:55:48,3,432.25,1296.75,Cash on Delivery,0
T03326,C1053,P0060,2025-08-16 09:42:25,1,175.81,175.81,Mobile Money,0
T03327,C0073,P0019,2025-07-22 02:56:52,3,332.95,998.85,Card,0
T03328,C0394,P0138,2026-05-12 20:07:48,1,309.85,309.85,Cash on Delivery,0
T03329,C0952,P0057,2025-06-12 18:59:18,2,251.14,502.28,Cash on Delivery,0
T03330,C0965,P0068,2025-11-01 03:05:39,1,166.35,166.35,Cash on Delivery,1
T03331,C0695,P0087,2025-09-07 04:32:20,3,374.51,1123.53,Card,0
T03332,C1864,P0197,2025-07-31 03:44:25,4,98.12,392.48,Card,0
T03333,C0498,P0129,2026-04-27 14:43:44,2,467.63,935.26,Card,0
T03334,C1908,P0140,2025-11-25 22:02:43,3,254.05,762.15,Cash on Delivery,0
T03335,C1271,P0082,2025-11-13 14:17:42,2,292.44,584.88,Card,1
T03336,C1506,P0161,2026-05-11 10:29:07,3,250.8,752.4,Cash on Delivery,0
T03337,C0272,P0109,2026-03-31 19:36:56,1,434.2,434.2,Card,0
T03338,C0725,P0136,2025-08-25 11:05:36,3,248.35,745.05,Mobile Money,0
T03339,C0189,P0174,2026-01-05 23:00:42,3,351.98,1055.94,Cash on Delivery,0
T03340,C1276,P0044,2026-01-13 02:23:08,3,105.52,316.56,Card,0
T03341,C0853,P0139,2026-03-31 07:23:28,2,134.14,268.28,Card,0
T03342,C0234,P0082,2025-11-25 21:11:26,2,292.44,584.88,Mobile Money,1
T03343,C0358,P0176,2026-03-09 10:35:28,4,46.99,187.96,Mobile Money,0
T03344,C1453,P0063,2026-03-13 19:35:23,3,382.0,1146.0,Mobile Money,0
T03345,C1596,P0033,2026-02-18 23:49:38,1,432.24,432.24,Cash on Delivery,0
T03346,C0909,P0123,2026-05-07 22:28:47,2,25.33,50.66,Cash on Delivery,0
T03347,C1451,P0194,2025-07-26 07:45:15,1,369.86,369.86,Card,0
T03348,C1674,P0045,2025-08-02 17:22:32,3,148.43,445.29,Cash on Delivery,0
T03349,C1775,P0023,2025-10-08 06:18:11,2,461.33,922.66,Card,0
T03350,C1567,P0029,2025-09-14 08:33:26,1,387.26,387.26,Mobile Money,1
T03351,C0871,P0018,2025-09-09 22:06:20,3,90.82,272.46,Mobile Money,0
T03352,C1666,P0047,2025-10-17 06:23:24,3,230.98,692.94,Card,0
T03353,C0671,P0182,2025-10-20 14:54:22,4,248.85,995.4,Mobile Money,0
T03354,C1456,P0136,2025-07-10 21:37:12,3,248.35,745.05,Card,0
T03355,C0892,P0130,2026-05-06 13:08:07,2,370.26,740.52,Card,0
T03356,C0532,P0133,2025-11-29 11:04:32,3,174.23,522.69,Card,0
T03357,C1056,P0077,2026-02-24 17:26:26,2,450.71,901.42,Mobile Money,1
T03358,C1449,P0090,2025-06-30 04:30:51,3,128.98,386.94,Mobile Money,0
T03359,C1869,P0042,2025-06-26 18:00:59,4,283.82,1135.28,Cash on Delivery,1
T03360,C1479,P0173,2026-01-15 05:19:57,1,434.1,434.1,Mobile Money,0
T03361,C0896,P0145,2025-11-18 03:55:44,4,406.55,1626.2,Mobile Money,0
T03362,C0709,P0047,2026-06-08 12:30:38,2,230.98,461.96,Card,0
T03363,C1915,P0152,2025-12-02 08:41:05,3,63.49,190.47,Card,0
T03364,C0248,P0034,2025-12-25 09:33:37,2,52.23,104.46,Cash on Delivery,0
T03365,C0801,P0178,2025-07-15 02:57:29,2,473.89,947.78,Card,0
T03366,C1486,P0123,2025-09-25 08:14:08,3,25.33,75.99,Cash on Delivery,1
T03367,C0496,P0059,2025-12-01 20:46:01,3,253.83,761.49,Card,0
T03368,C1484,P0115,2025-09-13 22:03:43,2,491.01,982.02,Cash on Delivery,1
T03369,C1152,P0131,2026-04-23 17:34:05,3,366.37,1099.11,Cash on Delivery,0
T03370,C0665,P0120,2026-03-17 05:06:45,3,30.58,91.74,Cash on Delivery,0
T03371,C0851,P0113,2025-10-30 20:58:36,3,291.54,874.62,Card,0
T03372,C1107,P0188,2025-10-11 05:30:09,4,489.06,1956.24,Card,0
T03373,C1723,P0023,2026-02-16 22:51:50,3,461.33,1383.99,Mobile Money,0
T03374,C1127,P0116,2025-09-22 23:20:44,2,20.1,40.2,Cash on Delivery,1
T03375,C0684,P0007,2025-06-11 03:25:50,2,95.79,191.58,Card,0
T03376,C0535,P0192,2025-12-03 04:40:31,2,112.32,224.64,Cash on Delivery,0
T03377,C1300,P0102,2025-12-01 12:19:10,2,189.48,378.96,Card,1
T03378,C0444,P0155,2025-11-11 05:07:10,1,214.62,214.62,Card,0
T03379,C1219,P0136,2026-03-13 20:23:14,1,248.35,248.35,Mobile Money,0
T03380,C0582,P0002,2025-11-09 15:49:39,2,390.95,781.9,Card,0
T03381,C0548,P0103,2025-09-27 16:26:36,4,349.53,1398.12,Card,0
T03382,C1676,P0108,2026-03-30 01:30:48,4,151.77,607.08,Card,1
T03383,C0851,P0022,2026-05-13 08:04:01,2,200.6,401.2,Cash on Delivery,0
T03384,C0892,P0073,2025-09-05 17:28:58,4,462.72,1850.88,Card,0
T03385,C1354,P0081,2026-05-19 20:07:51,3,85.01,255.03,Cash on Delivery,0
T03386,C0147,P0191,2025-12-31 04:36:54,2,484.8,969.6,Cash on Delivery,1
T03387,C0384,P0026,2025-08-12 15:33:04,2,295.44,590.88,Card,0
T03388,C0886,P0011,2026-01-29 01:11:41,4,393.66,1574.64,Cash on Delivery,0
T03389,C0964,P0056,2026-05-02 01:43:27,1,486.03,486.03,Cash on Delivery,1
T03390,C0345,P0047,2025-12-17 00:27:59,4,230.98,923.92,Card,1
T03391,C0022,P0058,2025-08-21 16:48:08,2,498.88,997.76,Mobile Money,0
T03392,C1730,P0071,2026-06-02 15:02:29,4,196.43,785.72,Card,0
T03393,C1469,P0096,2025-12-26 05:35:53,1,497.3,497.3,Cash on Delivery,1
T03394,C1013,P0007,2025-10-11 20:27:20,4,95.79,383.16,Mobile Money,0
T03395,C0917,P0127,2026-04-19 06:40:32,2,458.03,916.06,Card,0
T03396,C1625,P0136,2025-11-17 00:45:37,1,248.35,248.35,Mobile Money,0
T03397,C0566,P0028,2026-05-24 00:16:03,4,86.81,347.24,Card,0
T03398,C0228,P0159,2026-01-17 01:47:48,4,341.52,1366.08,Mobile Money,0
T03399,C1577,P0116,2026-01-25 06:57:08,4,20.1,80.4,Cash on Delivery,1
T03400,C1958,P0037,2026-05-23 02:31:06,1,64.2,64.2,Card,0
T03401,C1061,P0179,2025-07-16 22:21:29,4,178.36,713.44,Mobile Money,1
T03402,C1214,P0101,2026-01-16 14:12:55,3,426.31,1278.93,Mobile Money,1
T03403,C1030,P0146,2025-09-07 09:34:44,2,196.12,392.24,Card,0
T03404,C0095,P0137,2026-05-29 17:33:57,3,235.01,705.03,Cash on Delivery,0
T03405,C0632,P0119,2026-01-27 06:23:23,2,482.8,965.6,Cash on Delivery,0
T03406,C1309,P0130,2025-11-04 17:43:57,3,370.26,1110.78,Mobile Money,0
T03407,C0691,P0110,2025-08-30 06:03:27,1,253.25,253.25,Card,0
T03408,C0407,P0069,2025-08-22 07:45:29,2,258.49,516.98,Mobile Money,1
T03409,C1848,P0007,2026-05-03 03:56:51,4,95.79,383.16,Mobile Money,0
T03410,C0234,P0127,2025-12-08 08:15:57,1,458.03,458.03,Cash on Delivery,0
T03411,C0484,P0062,2025-08-14 00:11:35,2,278.68,557.36,Cash on Delivery,0
T03412,C0939,P0015,2025-11-20 05:21:19,1,405.16,405.16,Cash on Delivery,0
T03413,C0719,P0120,2025-12-29 13:54:59,3,30.58,91.74,Mobile Money,1
T03414,C0965,P0014,2026-03-10 11:30:35,1,11.57,11.57,Cash on Delivery,0
T03415,C0274,P0122,2026-02-11 23:26:40,1,488.05,488.05,Card,0
T03416,C0637,P0179,2025-11-06 11:54:02,1,178.36,178.36,Card,0
T03417,C0060,P0027,2025-09-18 02:18:26,4,273.63,1094.52,Mobile Money,0
T03418,C0270,P0169,2026-03-10 09:47:01,1,465.81,465.81,Mobile Money,0
T03419,C0660,P0116,2026-01-31 22:24:39,1,20.1,20.1,Mobile Money,0
T03420,C1623,P0092,2025-08-02 17:48:57,1,220.03,220.03,Card,0
T03421,C1474,P0139,2026-05-12 15:14:14,4,134.14,536.56,Card,0
T03422,C1911,P0084,2025-12-17 13:48:55,4,156.16,624.64,Card,0
T03423,C0854,P0089,2025-09-14 21:32:43,1,51.37,51.37,Mobile Money,0
T03424,C0408,P0127,2025-07-03 20:40:23,3,458.03,1374.09,Mobile Money,0
T03425,C1518,P0015,2026-04-06 10:42:50,4,405.16,1620.64,Mobile Money,0
T03426,C0448,P0095,2026-03-09 07:40:29,3,17.04,51.12,Mobile Money,0
T03427,C0350,P0031,2025-11-09 11:55:51,1,365.86,365.86,Mobile Money,0
T03428,C1836,P0084,2025-08-19 23:10:41,4,156.16,624.64,Mobile Money,1
T03429,C1557,P0030,2026-05-01 18:26:57,3,11.97,35.91,Mobile Money,0
T03430,C1855,P0111,2026-04-25 17:40:12,4,40.12,160.48,Cash on Delivery,0
T03431,C0145,P0092,2025-10-09 12:37:34,3,220.03,660.09,Cash on Delivery,0
T03432,C0146,P0012,2025-07-11 09:11:47,4,491.7,1966.8,Cash on Delivery,1
T03433,C1859,P0092,2025-10-26 14:56:40,4,220.03,880.12,Cash on Delivery,0
T03434,C1296,P0115,2025-09-24 07:40:28,3,491.01,1473.03,Card,0
T03435,C0881,P0022,2026-04-17 06:51:24,2,200.6,401.2,Mobile Money,0
T03436,C0415,P0095,2025-10-09 22:35:10,3,17.04,51.12,Card,0
T03437,C1286,P0001,2025-12-15 07:39:19,3,190.4,571.2,Card,0
T03438,C1460,P0087,2026-04-09 22:58:17,1,374.51,374.51,Cash on Delivery,0
T03439,C0742,P0062,2025-12-12 15:40:46,2,278.68,557.36,Cash on Delivery,0
T03440,C1389,P0108,2026-03-27 18:57:36,3,151.77,455.31,Cash on Delivery,0
T03441,C0160,P0141,2025-08-17 21:29:01,3,343.56,1030.68,Mobile Money,0
T03442,C1774,P0100,2026-05-22 08:53:48,1,42.3,42.3,Card,1
T03443,C0799,P0049,2025-06-21 20:44:08,1,181.37,181.37,Cash on Delivery,0
T03444,C0183,P0159,2025-08-02 08:00:46,3,341.52,1024.56,Cash on Delivery,0
T03445,C1922,P0147,2025-07-12 23:22:29,3,107.31,321.93,Card,0
T03446,C1579,P0045,2026-02-08 01:55:07,4,148.43,593.72,Card,0
T03447,C1237,P0098,2025-07-10 05:02:23,1,476.77,476.77,Card,0
T03448,C0347,P0189,2025-09-20 06:12:29,3,446.12,1338.36,Mobile Money,0
T03449,C0801,P0044,2026-05-31 04:18:22,3,105.52,316.56,Card,0
T03450,C0146,P0137,2025-12-31 20:22:05,2,235.01,470.02,Cash on Delivery,0
T03451,C1492,P0056,2026-01-24 22:47:19,2,486.03,972.06,Mobile Money,0
T03452,C0799,P0105,2026-03-28 23:04:26,3,74.34,223.02,Mobile Money,0
T03453,C0471,P0200,2026-03-01 13:05:28,3,270.37,811.11,Cash on Delivery,1
T03454,C1775,P0178,2025-11-20 09:16:08,1,473.89,473.89,Cash on Delivery,0
T03455,C1874,P0001,2025-10-16 14:50:55,2,190.4,380.8,Mobile Money,1
T03456,C0894,P0019,2025-08-11 06:40:59,3,332.95,998.85,Card,0
T03457,C0053,P0064,2026-05-27 05:20:42,4,402.55,1610.2,Card,1
T03458,C1326,P0006,2026-03-16 09:07:46,1,469.58,469.58,Cash on Delivery,1
T03459,C0234,P0200,2026-04-15 18:15:31,2,270.37,540.74,Mobile Money,0
T03460,C0951,P0073,2026-04-26 19:13:43,1,462.72,462.72,Card,0
T03461,C1030,P0091,2025-07-03 23:59:18,4,199.58,798.32,Card,0
T03462,C1732,P0198,2025-06-11 03:08:49,1,118.55,118.55,Card,0
T03463,C1858,P0040,2025-06-14 21:30:48,3,59.89,179.67,Cash on Delivery,0
T03464,C1428,P0137,2025-07-15 01:56:52,3,235.01,705.03,Card,0
T03465,C0743,P0116,2025-08-24 14:11:30,3,20.1,60.3,Mobile Money,0
T03466,C0410,P0058,2025-07-23 14:36:07,2,498.88,997.76,Mobile Money,1
T03467,C1060,P0038,2025-08-13 06:16:49,2,362.26,724.52,Card,0
T03468,C1155,P0183,2026-01-05 13:23:59,2,287.88,575.76,Mobile Money,0
T03469,C0448,P0065,2026-06-01 02:22:43,4,318.6,1274.4,Mobile Money,0
T03470,C1210,P0186,2026-01-22 17:16:59,1,241.47,241.47,Cash on Delivery,1
T03471,C0352,P0018,2026-02-15 00:33:29,3,90.82,272.46,Card,0
T03472,C0384,P0157,2025-09-29 22:57:31,3,128.76,386.28,Mobile Money,0
T03473,C0465,P0036,2026-01-03 13:26:17,2,140.99,281.98,Card,0
T03474,C0162,P0095,2025-11-28 22:25:21,2,17.04,34.08,Card,0
T03475,C1819,P0044,2026-03-16 11:54:32,4,105.52,422.08,Cash on Delivery,1
T03476,C0564,P0100,2025-08-21 13:46:08,4,42.3,169.2,Card,0
T03477,C1023,P0170,2025-11-25 18:03:53,1,277.02,277.02,Card,0
T03478,C0750,P0074,2025-11-12 03:24:37,3,118.13,354.39,Cash on Delivery,0
T03479,C1163,P0167,2025-08-17 17:40:06,4,279.08,1116.32,Card,1
T03480,C1027,P0113,2026-06-07 01:42:44,3,291.54,874.62,Cash on Delivery,0
T03481,C0516,P0115,2026-01-30 11:53:36,2,491.01,982.02,Card,0
T03482,C1236,P0136,2026-02-10 10:04:04,2,248.35,496.7,Cash on Delivery,0
T03483,C1552,P0014,2025-06-15 10:29:07,4,11.57,46.28,Cash on Delivery,1
T03484,C1775,P0160,2026-04-22 05:46:26,4,56.05,224.2,Mobile Money,0
T03485,C1043,P0016,2026-05-04 21:22:31,4,119.29,477.16,Cash on Delivery,0
T03486,C0093,P0069,2026-06-03 08:26:07,4,258.49,1033.96,Cash on Delivery,0
T03487,C1041,P0005,2026-03-06 15:16:23,2,15.19,30.38,Mobile Money,0
T03488,C1896,P0111,2026-04-15 09:39:10,4,40.12,160.48,Card,1
T03489,C1748,P0094,2025-11-05 11:00:13,2,118.94,237.88,Mobile Money,0
T03490,C1168,P0016,2026-03-04 02:57:42,1,119.29,119.29,Cash on Delivery,0
T03491,C1943,P0042,2026-04-16 08:33:09,3,283.82,851.46,Mobile Money,1
T03492,C1518,P0121,2025-07-09 15:26:49,4,351.26,1405.04,Cash on Delivery,0
T03493,C0452,P0173,2026-01-16 17:57:22,4,434.1,1736.4,Cash on Delivery,1
T03494,C1099,P0024,2025-08-22 21:19:12,3,262.81,788.43,Mobile Money,1
T03495,C1576,P0040,2026-05-18 18:12:27,2,59.89,119.78,Cash on Delivery,0
T03496,C1527,P0062,2025-10-05 11:34:37,2,278.68,557.36,Cash on Delivery,0
T03497,C0398,P0018,2025-12-08 04:26:46,4,90.82,363.28,Card,0
T03498,C1644,P0082,2025-08-17 09:08:30,1,292.44,292.44,Mobile Money,1
T03499,C1947,P0012,2025-07-16 11:29:30,4,491.7,1966.8,Cash on Delivery,0
T03500,C1395,P0134,2025-09-13 03:43:17,4,25.16,100.64,Cash on Delivery,0
T03501,C0374,P0033,2026-01-21 12:01:03,1,432.24,432.24,Mobile Money,0
T03502,C1036,P0080,2025-09-24 08:13:07,2,444.45,888.9,Mobile Money,1
T03503,C0741,P0095,2025-11-16 12:30:37,1,17.04,17.04,Cash on Delivery,1
T03504,C0890,P0053,2026-06-06 18:38:13,1,347.76,347.76,Card,0
T03505,C1667,P0200,2025-06-25 23:51:32,2,270.37,540.74,Cash on Delivery,0
T03506,C0980,P0192,2025-06-16 04:42:11,2,112.32,224.64,Cash on Delivery,0
T03507,C1260,P0058,2026-03-16 05:22:09,4,498.88,1995.52,Cash on Delivery,1
T03508,C0371,P0173,2025-10-14 15:51:16,2,434.1,868.2,Mobile Money,0
T03509,C0749,P0036,2026-01-05 23:17:21,3,140.99,422.97,Cash on Delivery,0
T03510,C0840,P0019,2025-07-28 00:26:57,4,332.95,1331.8,Mobile Money,0
T03511,C1899,P0144,2026-03-28 19:31:49,2,197.14,394.28,Card,0
T03512,C0408,P0018,2025-12-04 20:39:22,4,90.82,363.28,Cash on Delivery,0
T03513,C0064,P0129,2025-11-02 21:58:45,1,467.63,467.63,Card,0
T03514,C0420,P0062,2025-12-29 04:50:51,2,278.68,557.36,Card,0
T03515,C1296,P0075,2025-10-13 21:28:19,2,279.82,559.64,Card,0
T03516,C0098,P0017,2026-05-05 01:57:52,4,65.41,261.64,Cash on Delivery,0
T03517,C0975,P0196,2026-02-11 23:25:06,3,57.84,173.52,Cash on Delivery,0
T03518,C1267,P0130,2026-05-01 16:30:03,4,370.26,1481.04,Cash on Delivery,0
T03519,C1497,P0138,2026-04-20 20:04:22,1,309.85,309.85,Cash on Delivery,0
T03520,C0453,P0179,2026-06-02 05:18:01,4,178.36,713.44,Card,0
T03521,C1648,P0014,2026-04-01 11:18:00,2,11.57,23.14,Card,0
T03522,C0861,P0066,2026-06-07 20:13:34,2,400.18,800.36,Card,0
T03523,C0757,P0181,2025-08-03 06:55:15,1,128.12,128.12,Mobile Money,0
T03524,C1381,P0192,2026-03-23 10:49:53,4,112.32,449.28,Mobile Money,0
T03525,C0346,P0049,2025-12-04 22:15:16,4,181.37,725.48,Cash on Delivery,0
T03526,C1713,P0190,2025-09-29 10:22:40,1,459.96,459.96,Cash on Delivery,1
T03527,C1174,P0196,2026-01-01 03:25:56,1,57.84,57.84,Cash on Delivery,0
T03528,C0796,P0070,2025-07-22 10:54:57,1,52.61,52.61,Card,0
T03529,C1284,P0088,2025-10-03 14:02:48,2,361.87,723.74,Mobile Money,1
T03530,C1134,P0066,2025-07-02 23:00:28,1,400.18,400.18,Cash on Delivery,0
T03531,C0651,P0049,2025-07-09 03:50:49,4,181.37,725.48,Cash on Delivery,0
T03532,C0394,P0035,2025-11-28 08:55:37,3,165.97,497.91,Cash on Delivery,0
T03533,C0325,P0074,2025-11-26 21:35:09,4,118.13,472.52,Cash on Delivery,0
T03534,C1660,P0151,2025-08-27 02:20:18,2,173.61,347.22,Card,0
T03535,C0272,P0111,2025-11-22 18:05:00,4,40.12,160.48,Cash on Delivery,0
T03536,C1660,P0068,2025-07-12 06:02:41,2,166.35,332.7,Card,0
T03537,C1516,P0156,2025-07-13 01:29:26,4,495.3,1981.2,Cash on Delivery,0
T03538,C0588,P0060,2026-02-07 11:55:23,2,175.81,351.62,Card,0
T03539,C1392,P0060,2025-10-04 08:39:19,1,175.81,175.81,Card,0
T03540,C1196,P0080,2026-01-29 00:23:39,2,444.45,888.9,Mobile Money,0
T03541,C0504,P0002,2025-06-11 19:23:58,3,390.95,1172.85,Card,0
T03542,C1609,P0046,2025-12-28 03:18:14,3,314.06,942.18,Card,0
T03543,C1757,P0054,2026-06-03 22:30:19,3,471.74,1415.22,Cash on Delivery,0
T03544,C0521,P0125,2025-08-17 10:56:52,1,96.25,96.25,Card,0
T03545,C0084,P0070,2025-07-11 22:35:03,4,52.61,210.44,Cash on Delivery,0
T03546,C1548,P0074,2026-02-05 17:50:26,1,118.13,118.13,Mobile Money,0
T03547,C1363,P0032,2026-05-01 16:54:36,2,463.52,927.04,Card,0
T03548,C0304,P0033,2026-01-05 00:51:21,4,432.24,1728.96,Mobile Money,0
T03549,C1138,P0016,2026-01-02 02:08:08,2,119.29,238.58,Card,0
T03550,C1261,P0151,2025-12-28 09:42:38,2,173.61,347.22,Cash on Delivery,0
T03551,C0233,P0054,2026-05-29 19:30:23,4,471.74,1886.96,Mobile Money,1
T03552,C1037,P0037,2025-10-26 20:51:57,1,64.2,64.2,Card,0
T03553,C1662,P0060,2026-05-07 19:12:31,2,175.81,351.62,Mobile Money,0
T03554,C0384,P0080,2026-05-11 11:46:32,2,444.45,888.9,Mobile Money,0
T03555,C0316,P0130,2025-06-14 20:11:33,3,370.26,1110.78,Cash on Delivery,0
T03556,C0299,P0185,2026-04-28 20:41:58,3,342.11,1026.33,Cash on Delivery,1
T03557,C0256,P0147,2025-12-15 22:45:29,4,107.31,429.24,Card,0
T03558,C0047,P0139,2026-04-10 23:24:56,2,134.14,268.28,Card,0
T03559,C0463,P0063,2025-10-15 01:13:48,3,382.0,1146.0,Cash on Delivery,0
T03560,C0031,P0094,2026-02-09 13:29:52,3,118.94,356.82,Cash on Delivery,0
T03561,C0456,P0055,2025-12-19 17:41:51,1,281.26,281.26,Mobile Money,0
T03562,C0818,P0030,2025-09-04 05:51:31,4,11.97,47.88,Mobile Money,0
T03563,C1947,P0142,2026-05-12 00:01:12,1,323.0,323.0,Mobile Money,1
T03564,C0178,P0117,2025-08-10 04:44:12,4,155.12,620.48,Card,0
T03565,C0508,P0036,2026-04-06 12:46:02,2,140.99,281.98,Cash on Delivery,1
T03566,C1830,P0162,2025-08-01 08:40:07,1,448.28,448.28,Card,0
T03567,C0719,P0075,2025-07-19 19:18:48,1,279.82,279.82,Card,0
T03568,C1061,P0178,2026-05-27 22:42:24,2,473.89,947.78,Card,1
T03569,C1939,P0120,2025-11-30 10:59:02,1,30.58,30.58,Mobile Money,0
T03570,C1745,P0118,2025-10-08 01:44:27,1,263.51,263.51,Cash on Delivery,0
T03571,C1232,P0168,2025-12-18 10:24:11,3,396.83,1190.49,Mobile Money,0
T03572,C0683,P0154,2025-11-14 10:55:22,2,402.72,805.44,Card,1
T03573,C1528,P0059,2026-04-26 00:13:44,3,253.83,761.49,Card,0
T03574,C1544,P0107,2026-01-02 04:28:02,3,352.73,1058.19,Card,0
T03575,C1121,P0094,2025-12-04 21:16:09,2,118.94,237.88,Mobile Money,0
T03576,C1036,P0007,2025-10-08 03:54:58,2,95.79,191.58,Cash on Delivery,0
T03577,C0349,P0002,2025-12-04 13:46:36,2,390.95,781.9,Mobile Money,0
T03578,C0500,P0149,2025-11-30 12:01:26,3,311.04,933.12,Cash on Delivery,0
T03579,C1081,P0012,2025-07-26 00:28:18,4,491.7,1966.8,Mobile Money,0
T03580,C0233,P0078,2025-08-19 21:18:56,2,143.04,286.08,Mobile Money,0
T03581,C0367,P0023,2025-06-08 20:40:40,2,461.33,922.66,Mobile Money,0
T03582,C1844,P0058,2026-02-27 11:14:11,3,498.88,1496.64,Cash on Delivery,0
T03583,C1939,P0056,2025-11-19 02:27:05,2,486.03,972.06,Card,0
T03584,C1623,P0147,2025-10-18 01:31:48,4,107.31,429.24,Cash on Delivery,1
T03585,C1769,P0187,2025-07-05 17:46:51,4,115.68,462.72,Mobile Money,0
T03586,C0340,P0187,2025-09-07 10:58:12,4,115.68,462.72,Mobile Money,0
T03587,C0624,P0004,2025-07-03 02:13:38,1,170.19,170.19,Mobile Money,1
T03588,C0323,P0193,2026-03-20 16:12:26,1,315.64,315.64,Mobile Money,0
T03589,C1975,P0140,2025-08-03 12:59:05,1,254.05,254.05,Mobile Money,0
T03590,C0553,P0189,2025-12-05 00:54:00,3,446.12,1338.36,Mobile Money,0
T03591,C0790,P0164,2026-02-04 02:29:42,2,163.06,326.12,Mobile Money,0
T03592,C1375,P0150,2026-05-08 02:08:01,1,162.89,162.89,Cash on Delivery,0
T03593,C1261,P0116,2026-05-26 20:57:38,4,20.1,80.4,Cash on Delivery,0
T03594,C0291,P0014,2025-12-24 05:27:22,1,11.57,11.57,Cash on Delivery,0
T03595,C1775,P0178,2025-09-18 18:49:25,1,473.89,473.89,Cash on Delivery,0
T03596,C1851,P0118,2026-05-03 05:52:31,4,263.51,1054.04,Mobile Money,0
T03597,C1546,P0056,2025-11-17 05:35:41,3,486.03,1458.09,Mobile Money,1
T03598,C0685,P0025,2025-07-13 22:41:11,1,197.4,197.4,Mobile Money,0
T03599,C0777,P0011,2025-07-05 00:55:11,1,393.66,393.66,Mobile Money,0
T03600,C1954,P0135,2026-04-11 09:19:24,3,91.79,275.37,Card,0
T03601,C0370,P0083,2025-09-16 07:11:02,4,333.43,1333.72,Mobile Money,0
T03602,C0368,P0089,2025-09-01 09:13:55,1,51.37,51.37,Mobile Money,0
T03603,C1625,P0055,2026-06-02 03:13:08,3,281.26,843.78,Card,0
T03604,C0688,P0015,2025-09-03 12:39:06,2,405.16,810.32,Card,0
T03605,C1400,P0004,2026-04-26 16:23:46,2,170.19,340.38,Card,0
T03606,C0533,P0113,2025-07-11 14:34:34,1,291.54,291.54,Cash on Delivery,0
T03607,C0363,P0137,2025-12-04 12:54:27,2,235.01,470.02,Cash on Delivery,0
T03608,C1392,P0163,2025-06-27 04:30:52,4,479.48,1917.92,Cash on Delivery,1
T03609,C1270,P0117,2026-02-19 07:56:06,3,155.12,465.36,Cash on Delivery,0
T03610,C0078,P0128,2026-02-22 04:44:42,2,276.87,553.74,Mobile Money,0
T03611,C0082,P0037,2026-01-02 04:05:14,2,64.2,128.4,Card,1
T03612,C0819,P0086,2026-03-02 01:39:19,2,13.95,27.9,Cash on Delivery,0
T03613,C1169,P0066,2025-10-04 13:01:37,4,400.18,1600.72,Cash on Delivery,0
T03614,C1421,P0065,2025-10-12 21:20:16,1,318.6,318.6,Cash on Delivery,1
T03615,C1694,P0101,2025-12-25 05:10:12,2,426.31,852.62,Card,1
T03616,C1343,P0031,2025-12-15 03:24:33,3,365.86,1097.58,Mobile Money,0
T03617,C0010,P0156,2026-02-05 12:51:30,3,495.3,1485.9,Cash on Delivery,0
T03618,C0356,P0089,2026-04-25 12:12:36,4,51.37,205.48,Cash on Delivery,0
T03619,C0237,P0090,2025-11-24 16:13:25,2,128.98,257.96,Cash on Delivery,0
T03620,C1448,P0077,2025-09-29 08:05:02,1,450.71,450.71,Cash on Delivery,1
T03621,C0931,P0068,2026-01-18 20:09:53,3,166.35,499.05,Cash on Delivery,0
T03622,C0557,P0009,2026-03-24 10:15:40,3,307.87,923.61,Mobile Money,0
T03623,C0403,P0165,2025-07-13 10:06:36,1,243.85,243.85,Card,1
T03624,C1507,P0075,2026-05-08 17:04:03,1,279.82,279.82,Mobile Money,0
T03625,C1977,P0027,2025-09-29 00:16:27,1,273.63,273.63,Card,0
T03626,C0521,P0188,2025-09-11 07:12:51,4,489.06,1956.24,Mobile Money,0
T03627,C0852,P0092,2026-04-02 07:58:23,1,220.03,220.03,Mobile Money,0
T03628,C1754,P0077,2025-07-27 13:38:42,3,450.71,1352.13,Mobile Money,1
T03629,C0797,P0191,2026-03-13 02:10:09,1,484.8,484.8,Card,0
T03630,C0088,P0150,2026-05-03 23:00:34,1,162.89,162.89,Card,0
T03631,C1318,P0106,2025-09-20 07:58:17,3,164.66,493.98,Card,0
T03632,C0551,P0095,2025-09-02 12:28:08,1,17.04,17.04,Cash on Delivery,0
T03633,C1078,P0143,2026-01-19 11:11:22,3,320.02,960.06,Card,0
T03634,C1134,P0160,2025-11-07 23:41:48,3,56.05,168.15,Cash on Delivery,0
T03635,C0701,P0112,2025-08-19 10:05:31,2,445.55,891.1,Cash on Delivery,1
T03636,C1993,P0052,2026-02-19 05:11:32,2,257.82,515.64,Mobile Money,0
T03637,C0037,P0035,2025-09-06 07:32:37,2,165.97,331.94,Card,0
T03638,C0623,P0078,2025-11-02 03:15:49,1,143.04,143.04,Cash on Delivery,0
T03639,C0521,P0114,2025-11-17 10:30:03,1,22.79,22.79,Mobile Money,0
T03640,C1657,P0019,2025-07-06 08:56:16,3,332.95,998.85,Cash on Delivery,0
T03641,C0336,P0105,2026-03-19 16:48:19,4,74.34,297.36,Cash on Delivery,1
T03642,C0296,P0026,2025-11-26 21:28:42,2,295.44,590.88,Cash on Delivery,0
T03643,C0886,P0025,2026-01-06 05:05:41,3,197.4,592.2,Mobile Money,0
T03644,C0151,P0069,2025-09-10 20:26:15,3,258.49,775.47,Mobile Money,0
T03645,C0662,P0089,2026-01-08 11:41:33,1,51.37,51.37,Cash on Delivery,0
T03646,C0452,P0064,2025-07-24 01:07:03,1,402.55,402.55,Cash on Delivery,0
T03647,C1136,P0058,2025-12-03 06:55:07,4,498.88,1995.52,Card,0
T03648,C1889,P0123,2026-02-04 23:21:33,2,25.33,50.66,Card,0
T03649,C0203,P0196,2026-04-12 16:06:11,2,57.84,115.68,Mobile Money,1
T03650,C1050,P0004,2026-01-07 17:21:09,1,170.19,170.19,Mobile Money,0
T03651,C0027,P0033,2026-02-12 21:28:19,1,432.24,432.24,Mobile Money,0
T03652,C1607,P0042,2026-02-21 13:02:18,1,283.82,283.82,Cash on Delivery,1
T03653,C0072,P0064,2026-05-18 13:28:20,1,402.55,402.55,Cash on Delivery,0
T03654,C0268,P0105,2025-08-19 13:37:52,4,74.34,297.36,Card,0
T03655,C0395,P0058,2025-10-11 14:48:09,3,498.88,1496.64,Card,0
T03656,C1339,P0101,2026-03-12 14:24:16,4,426.31,1705.24,Card,0
T03657,C0877,P0117,2025-12-19 14:29:05,4,155.12,620.48,Card,0
T03658,C0306,P0022,2026-04-26 17:19:51,1,200.6,200.6,Mobile Money,0
T03659,C0200,P0004,2025-12-27 14:16:16,4,170.19,680.76,Card,1
T03660,C0740,P0180,2026-02-02 12:34:08,2,389.69,779.38,Cash on Delivery,0
T03661,C1897,P0043,2025-10-11 22:23:22,4,128.4,513.6,Cash on Delivery,0
T03662,C0653,P0174,2025-09-15 02:33:39,4,351.98,1407.92,Cash on Delivery,0
T03663,C0941,P0166,2025-10-27 06:21:23,2,226.98,453.96,Cash on Delivery,0
T03664,C1591,P0153,2025-08-25 19:51:27,3,468.64,1405.92,Mobile Money,0
T03665,C1857,P0096,2026-02-25 20:59:53,3,497.3,1491.9,Mobile Money,1
T03666,C0965,P0075,2025-08-31 10:51:16,2,279.82,559.64,Card,0
T03667,C1086,P0120,2025-07-09 06:55:30,2,30.58,61.16,Mobile Money,1
T03668,C1485,P0174,2026-02-16 06:21:59,1,351.98,351.98,Mobile Money,0
T03669,C1263,P0112,2025-09-17 13:37:51,3,445.55,1336.65,Mobile Money,0
T03670,C1766,P0159,2026-02-10 07:40:40,3,341.52,1024.56,Card,0
T03671,C0941,P0163,2025-06-19 20:45:34,2,479.48,958.96,Card,0
T03672,C1735,P0077,2026-01-29 01:40:46,2,450.71,901.42,Mobile Money,0
T03673,C0413,P0197,2025-06-19 21:27:47,2,98.12,196.24,Card,0
T03674,C1078,P0200,2025-07-02 19:25:05,4,270.37,1081.48,Mobile Money,1
T03675,C1383,P0135,2025-08-02 00:18:42,3,91.79,275.37,Card,0
T03676,C0234,P0151,2026-01-15 00:15:14,4,173.61,694.44,Card,0
T03677,C1965,P0032,2025-08-18 07:21:51,2,463.52,927.04,Card,0
T03678,C1779,P0196,2026-01-02 20:43:24,2,57.84,115.68,Card,0
T03679,C0645,P0106,2025-08-04 23:07:35,3,164.66,493.98,Cash on Delivery,1
T03680,C0156,P0195,2026-02-27 14:19:28,2,475.45,950.9,Cash on Delivery,0
T03681,C0726,P0150,2025-07-27 20:45:00,4,162.89,651.56,Card,0
T03682,C0554,P0029,2026-02-10 04:45:15,3,387.26,1161.78,Mobile Money,0
T03683,C1613,P0060,2026-02-06 15:11:41,3,175.81,527.43,Mobile Money,0
T03684,C1756,P0199,2026-03-28 16:48:42,2,487.33,974.66,Mobile Money,0
T03685,C1632,P0196,2026-03-17 23:49:32,3,57.84,173.52,Cash on Delivery,0
T03686,C1392,P0086,2025-12-10 03:11:57,4,13.95,55.8,Mobile Money,1
T03687,C1865,P0084,2026-02-11 21:08:45,2,156.16,312.32,Mobile Money,0
T03688,C0543,P0156,2025-07-01 20:34:51,1,495.3,495.3,Cash on Delivery,0
T03689,C1870,P0039,2025-11-07 08:34:48,2,249.43,498.86,Card,0
T03690,C0758,P0126,2026-02-07 09:39:19,1,349.51,349.51,Cash on Delivery,0
T03691,C1224,P0109,2025-10-30 15:31:44,4,434.2,1736.8,Card,1
T03692,C0489,P0015,2025-07-13 21:26:32,3,405.16,1215.48,Cash on Delivery,0
T03693,C0665,P0198,2026-01-10 12:19:41,3,118.55,355.65,Mobile Money,1
T03694,C0663,P0174,2025-09-12 13:04:48,1,351.98,351.98,Mobile Money,0
T03695,C1905,P0010,2025-11-15 07:04:49,1,487.01,487.01,Card,0
T03696,C0881,P0077,2026-01-19 17:04:08,4,450.71,1802.84,Card,0
T03697,C1961,P0179,2025-08-15 12:00:53,1,178.36,178.36,Cash on Delivery,1
T03698,C0357,P0065,2026-03-22 14:04:12,1,318.6,318.6,Mobile Money,0
T03699,C0676,P0168,2025-11-10 06:59:45,2,396.83,793.66,Cash on Delivery,0
T03700,C0575,P0031,2026-05-18 04:45:03,2,365.86,731.72,Mobile Money,0
T03701,C1460,P0001,2025-08-01 07:25:14,3,190.4,571.2,Card,0
T03702,C1494,P0185,2025-09-22 08:55:54,1,342.11,342.11,Cash on Delivery,0
T03703,C1626,P0120,2026-02-08 22:21:06,4,30.58,122.32,Cash on Delivery,0
T03704,C1848,P0116,2026-01-04 19:06:51,2,20.1,40.2,Mobile Money,1
T03705,C1154,P0175,2026-02-01 06:29:17,3,446.49,1339.47,Mobile Money,0
T03706,C1720,P0054,2026-05-19 04:57:13,1,471.74,471.74,Mobile Money,0
T03707,C0224,P0159,2026-03-01 13:42:31,1,341.52,341.52,Card,0
T03708,C1731,P0012,2026-02-04 03:09:51,2,491.7,983.4,Mobile Money,0
T03709,C1614,P0112,2025-12-23 20:12:45,2,445.55,891.1,Cash on Delivery,0
T03710,C1114,P0140,2025-07-31 20:01:34,4,254.05,1016.2,Cash on Delivery,0
T03711,C1096,P0144,2025-12-06 19:06:38,1,197.14,197.14,Cash on Delivery,1
T03712,C1372,P0177,2026-03-24 03:46:39,1,432.25,432.25,Mobile Money,0
T03713,C0509,P0007,2026-05-18 05:50:39,3,95.79,287.37,Cash on Delivery,0
T03714,C1096,P0105,2026-02-08 12:02:30,4,74.34,297.36,Card,0
T03715,C1527,P0074,2025-09-21 11:35:26,3,118.13,354.39,Mobile Money,0
T03716,C0046,P0062,2025-09-22 11:59:17,2,278.68,557.36,Card,1
T03717,C1341,P0105,2025-10-03 02:50:15,1,74.34,74.34,Mobile Money,0
T03718,C1067,P0121,2026-02-23 16:10:59,3,351.26,1053.78,Cash on Delivery,0
T03719,C0706,P0172,2025-12-23 03:05:17,3,75.78,227.34,Mobile Money,0
T03720,C1487,P0055,2025-07-27 03:59:06,2,281.26,562.52,Card,0
T03721,C1413,P0167,2025-10-30 07:10:53,4,279.08,1116.32,Card,0
T03722,C1935,P0185,2025-07-19 18:16:32,4,342.11,1368.44,Mobile Money,0
T03723,C0825,P0091,2025-06-24 12:06:51,4,199.58,798.32,Cash on Delivery,0
T03724,C0739,P0102,2025-06-25 00:38:50,2,189.48,378.96,Cash on Delivery,0
T03725,C0760,P0025,2026-01-08 11:06:04,2,197.4,394.8,Card,0
T03726,C0741,P0159,2026-01-18 01:44:30,3,341.52,1024.56,Cash on Delivery,0
T03727,C1424,P0162,2026-01-21 18:10:33,3,448.28,1344.84,Card,0
T03728,C1167,P0198,2026-04-05 11:06:47,3,118.55,355.65,Mobile Money,1
T03729,C0397,P0082,2025-12-15 23:48:58,2,292.44,584.88,Cash on Delivery,0
T03730,C0961,P0024,2026-01-29 01:37:57,1,262.81,262.81,Card,0
T03731,C0082,P0036,2026-03-18 13:18:36,1,140.99,140.99,Card,0
T03732,C0870,P0048,2026-05-06 14:28:04,1,446.82,446.82,Cash on Delivery,0
T03733,C0977,P0171,2026-04-27 03:47:08,2,275.23,550.46,Cash on Delivery,0
T03734,C0542,P0068,2025-09-20 21:45:09,2,166.35,332.7,Card,0
T03735,C1800,P0110,2026-03-04 09:18:14,4,253.25,1013.0,Card,0
T03736,C0900,P0182,2025-11-24 07:15:18,2,248.85,497.7,Mobile Money,0
T03737,C0376,P0084,2025-11-20 16:34:32,4,156.16,624.64,Card,0
T03738,C1520,P0053,2025-10-08 05:32:56,3,347.76,1043.28,Card,1
T03739,C1679,P0074,2025-10-14 14:44:31,4,118.13,472.52,Mobile Money,0
T03740,C0918,P0100,2026-05-20 14:16:25,1,42.3,42.3,Cash on Delivery,0
T03741,C0022,P0015,2025-11-09 03:01:32,2,405.16,810.32,Card,0
T03742,C0629,P0178,2025-08-19 19:11:38,4,473.89,1895.56,Cash on Delivery,0
T03743,C1715,P0073,2025-08-11 18:08:39,4,462.72,1850.88,Mobile Money,0
T03744,C0339,P0017,2025-10-04 10:43:12,2,65.41,130.82,Card,0
T03745,C0179,P0104,2026-06-02 00:23:37,3,108.41,325.23,Card,0
T03746,C1007,P0165,2025-10-05 07:19:35,2,243.85,487.7,Mobile Money,1
T03747,C1930,P0049,2025-10-22 18:23:45,3,181.37,544.11,Mobile Money,0
T03748,C0789,P0030,2025-07-05 17:38:01,1,11.97,11.97,Cash on Delivery,0
T03749,C0610,P0034,2025-08-27 23:04:49,1,52.23,52.23,Cash on Delivery,0
T03750,C1711,P0178,2026-04-23 03:53:17,4,473.89,1895.56,Card,0
T03751,C1876,P0085,2026-03-27 08:36:12,1,327.72,327.72,Cash on Delivery,0
T03752,C1389,P0134,2026-04-22 16:31:59,2,25.16,50.32,Cash on Delivery,0
T03753,C0425,P0063,2025-11-29 21:44:03,4,382.0,1528.0,Card,0
T03754,C1680,P0159,2025-06-30 08:35:31,2,341.52,683.04,Card,0
T03755,C1839,P0129,2026-03-26 06:25:26,4,467.63,1870.52,Cash on Delivery,0
T03756,C0303,P0193,2025-12-28 22:16:18,4,315.64,1262.56,Cash on Delivery,0
T03757,C1330,P0099,2026-04-01 07:44:14,1,483.49,483.49,Card,0
T03758,C0991,P0045,2026-03-14 20:20:24,2,148.43,296.86,Card,0
T03759,C0569,P0184,2025-11-30 07:06:55,3,63.18,189.54,Cash on Delivery,0
T03760,C1650,P0033,2026-06-02 19:58:16,4,432.24,1728.96,Card,1
T03761,C0508,P0044,2026-05-26 23:08:52,2,105.52,211.04,Card,1
T03762,C1748,P0056,2025-11-14 06:35:55,4,486.03,1944.12,Cash on Delivery,1
T03763,C0546,P0096,2026-05-10 06:11:58,1,497.3,497.3,Card,0
T03764,C0413,P0014,2025-09-20 03:54:11,4,11.57,46.28,Mobile Money,0
T03765,C1791,P0125,2025-06-25 03:35:25,3,96.25,288.75,Mobile Money,0
T03766,C0742,P0145,2026-05-18 18:37:34,3,406.55,1219.65,Mobile Money,0
T03767,C0689,P0137,2026-05-14 11:47:36,3,235.01,705.03,Card,0
T03768,C0306,P0165,2025-12-23 13:40:38,4,243.85,975.4,Mobile Money,0
T03769,C0725,P0055,2025-08-12 13:25:40,4,281.26,1125.04,Card,1
T03770,C0549,P0098,2025-06-27 02:40:17,3,476.77,1430.31,Mobile Money,0
T03771,C0179,P0132,2025-09-11 20:14:34,1,181.21,181.21,Mobile Money,0
T03772,C1904,P0160,2025-11-02 07:18:39,1,56.05,56.05,Card,0
T03773,C1336,P0012,2025-09-09 08:50:51,1,491.7,491.7,Cash on Delivery,0
T03774,C1078,P0080,2025-07-23 16:03:13,2,444.45,888.9,Card,1
T03775,C1089,P0191,2026-02-15 03:42:59,2,484.8,969.6,Card,0
T03776,C0570,P0116,2026-03-22 21:04:07,3,20.1,60.3,Cash on Delivery,0
T03777,C1284,P0096,2025-07-21 04:13:54,1,497.3,497.3,Card,1
T03778,C0127,P0073,2026-03-27 05:38:24,4,462.72,1850.88,Card,0
T03779,C0268,P0046,2026-05-07 06:33:56,2,314.06,628.12,Mobile Money,0
T03780,C0094,P0128,2026-03-20 09:28:20,2,276.87,553.74,Card,0
T03781,C0071,P0060,2025-09-27 07:59:43,4,175.81,703.24,Mobile Money,0
T03782,C1934,P0081,2025-12-31 11:07:01,1,85.01,85.01,Card,0
T03783,C0620,P0111,2025-08-19 19:14:56,4,40.12,160.48,Card,0
T03784,C0091,P0102,2026-04-09 00:40:29,2,189.48,378.96,Cash on Delivery,1
T03785,C1134,P0109,2025-08-27 08:59:04,4,434.2,1736.8,Card,1
T03786,C0765,P0007,2025-07-12 23:18:40,4,95.79,383.16,Cash on Delivery,1
T03787,C1296,P0089,2026-04-06 15:11:04,3,51.37,154.11,Cash on Delivery,0
T03788,C1230,P0105,2026-06-06 16:02:45,2,74.34,148.68,Cash on Delivery,0
T03789,C0798,P0089,2025-11-10 03:54:17,2,51.37,102.74,Mobile Money,0
T03790,C0067,P0199,2025-06-15 00:12:34,4,487.33,1949.32,Cash on Delivery,0
T03791,C0043,P0046,2026-02-03 23:10:44,3,314.06,942.18,Cash on Delivery,0
T03792,C1468,P0183,2026-06-05 07:35:14,1,287.88,287.88,Mobile Money,0
T03793,C0848,P0199,2026-05-14 02:24:08,1,487.33,487.33,Card,0
T03794,C0113,P0032,2025-07-03 15:10:43,4,463.52,1854.08,Mobile Money,0
T03795,C1300,P0062,2025-07-04 15:47:24,3,278.68,836.04,Card,0
T03796,C0006,P0146,2025-09-15 22:33:41,1,196.12,196.12,Card,0
T03797,C0494,P0084,2025-06-08 11:25:12,4,156.16,624.64,Cash on Delivery,0
T03798,C1796,P0108,2025-12-24 16:32:41,1,151.77,151.77,Card,0
T03799,C1364,P0071,2026-01-07 19:51:27,3,196.43,589.29,Cash on Delivery,1
T03800,C1351,P0162,2025-09-27 12:57:06,4,448.28,1793.12,Card,0
T03801,C1268,P0033,2026-03-13 01:44:17,3,432.24,1296.72,Cash on Delivery,0
T03802,C1885,P0120,2025-06-14 22:27:16,4,30.58,122.32,Mobile Money,0
T03803,C0434,P0133,2025-06-16 20:20:30,2,174.23,348.46,Mobile Money,1
T03804,C1753,P0099,2026-01-15 22:23:51,2,483.49,966.98,Cash on Delivery,1
T03805,C0942,P0054,2025-10-12 03:33:20,4,471.74,1886.96,Card,0
T03806,C1916,P0080,2026-05-08 06:15:26,3,444.45,1333.35,Card,0
T03807,C1175,P0177,2025-06-26 11:06:16,3,432.25,1296.75,Mobile Money,0
T03808,C1472,P0055,2026-02-08 14:20:49,1,281.26,281.26,Mobile Money,0
T03809,C1007,P0035,2025-08-27 19:10:16,1,165.97,165.97,Cash on Delivery,0
T03810,C0566,P0119,2026-03-23 22:50:08,1,482.8,482.8,Card,0
T03811,C1879,P0003,2026-01-25 21:22:55,2,82.22,164.44,Cash on Delivery,0
T03812,C0514,P0110,2026-03-03 16:20:20,4,253.25,1013.0,Mobile Money,0
T03813,C0422,P0082,2025-12-24 15:07:14,2,292.44,584.88,Cash on Delivery,0
T03814,C1710,P0184,2025-12-24 06:09:05,1,63.18,63.18,Card,0
T03815,C1674,P0139,2025-10-11 21:35:21,1,134.14,134.14,Cash on Delivery,0
T03816,C0044,P0041,2026-02-28 16:42:44,4,20.56,82.24,Cash on Delivery,0
T03817,C0219,P0090,2026-04-04 07:07:08,1,128.98,128.98,Mobile Money,0
T03818,C0908,P0056,2025-07-06 18:34:20,2,486.03,972.06,Cash on Delivery,0
T03819,C0961,P0002,2026-02-27 04:55:21,1,390.95,390.95,Mobile Money,0
T03820,C0289,P0121,2026-05-20 02:25:45,1,351.26,351.26,Card,0
T03821,C1173,P0103,2026-01-20 09:11:44,4,349.53,1398.12,Mobile Money,0
T03822,C1050,P0084,2025-09-23 17:00:37,4,156.16,624.64,Card,1
T03823,C1665,P0175,2025-10-28 04:23:39,3,446.49,1339.47,Mobile Money,0
T03824,C1370,P0166,2026-04-07 10:31:35,2,226.98,453.96,Cash on Delivery,1
T03825,C1159,P0046,2026-01-03 04:53:26,2,314.06,628.12,Mobile Money,0
T03826,C1015,P0055,2025-09-11 09:38:14,4,281.26,1125.04,Card,0
T03827,C0831,P0118,2025-08-24 05:28:43,4,263.51,1054.04,Card,0
T03828,C0457,P0152,2026-03-03 05:52:06,3,63.49,190.47,Card,0
T03829,C0493,P0099,2025-08-20 02:20:44,4,483.49,1933.96,Cash on Delivery,0
T03830,C0110,P0042,2025-10-26 05:18:28,4,283.82,1135.28,Cash on Delivery,0
T03831,C1150,P0070,2025-07-20 02:44:55,4,52.61,210.44,Cash on Delivery,0
T03832,C1203,P0092,2025-12-21 11:55:10,4,220.03,880.12,Card,1
T03833,C0886,P0157,2025-08-17 00:15:11,2,128.76,257.52,Cash on Delivery,0
T03834,C1125,P0197,2025-09-07 17:39:15,1,98.12,98.12,Cash on Delivery,0
T03835,C1207,P0169,2026-01-11 01:24:01,1,465.81,465.81,Mobile Money,0
T03836,C0879,P0156,2025-11-02 04:47:33,1,495.3,495.3,Mobile Money,0
T03837,C1742,P0009,2025-08-21 21:05:59,1,307.87,307.87,Mobile Money,0
T03838,C0566,P0166,2026-02-23 22:30:26,2,226.98,453.96,Mobile Money,0
T03839,C1150,P0180,2025-12-20 03:02:45,4,389.69,1558.76,Mobile Money,1
T03840,C0945,P0034,2025-12-22 09:53:51,1,52.23,52.23,Card,0
T03841,C0466,P0042,2026-05-29 18:20:38,2,283.82,567.64,Cash on Delivery,0
T03842,C1890,P0033,2026-04-18 02:03:58,2,432.24,864.48,Mobile Money,0
T03843,C1005,P0092,2025-09-14 03:51:24,4,220.03,880.12,Mobile Money,0
T03844,C0913,P0087,2025-09-10 13:10:54,2,374.51,749.02,Card,0
T03845,C1056,P0124,2025-07-13 11:36:48,3,222.29,666.87,Cash on Delivery,0
T03846,C0964,P0101,2025-11-29 10:44:29,3,426.31,1278.93,Mobile Money,0
T03847,C1546,P0039,2025-11-30 09:23:48,2,249.43,498.86,Mobile Money,0
T03848,C0244,P0152,2025-07-13 00:02:12,4,63.49,253.96,Cash on Delivery,0
T03849,C1381,P0058,2026-05-15 11:38:27,1,498.88,498.88,Cash on Delivery,0
T03850,C0357,P0064,2026-01-04 12:48:34,3,402.55,1207.65,Cash on Delivery,0
T03851,C1863,P0117,2025-09-29 09:31:43,4,155.12,620.48,Cash on Delivery,0
T03852,C1125,P0040,2025-07-06 13:47:39,1,59.89,59.89,Mobile Money,1
T03853,C1618,P0124,2025-08-09 03:29:50,3,222.29,666.87,Mobile Money,0
T03854,C1666,P0088,2025-12-26 02:41:45,1,361.87,361.87,Card,0
T03855,C1152,P0016,2025-06-28 05:33:41,2,119.29,238.58,Mobile Money,0
T03856,C1990,P0145,2026-02-12 04:49:13,4,406.55,1626.2,Card,0
T03857,C0550,P0017,2026-04-20 18:52:09,1,65.41,65.41,Mobile Money,0
T03858,C0064,P0124,2025-11-19 21:31:41,4,222.29,889.16,Mobile Money,0
T03859,C0774,P0121,2026-02-13 00:45:55,1,351.26,351.26,Cash on Delivery,0
T03860,C0102,P0188,2025-08-25 12:30:01,4,489.06,1956.24,Card,1
T03861,C1251,P0049,2026-05-07 07:58:01,1,181.37,181.37,Cash on Delivery,0
T03862,C1721,P0023,2026-04-05 14:40:23,4,461.33,1845.32,Card,0
T03863,C1819,P0064,2026-04-24 05:49:27,1,402.55,402.55,Cash on Delivery,0
T03864,C0839,P0134,2025-10-25 23:45:28,1,25.16,25.16,Card,0
T03865,C1488,P0107,2025-11-07 13:10:54,1,352.73,352.73,Card,0
T03866,C0405,P0133,2025-12-26 22:23:33,3,174.23,522.69,Cash on Delivery,0
T03867,C1221,P0058,2026-02-24 18:37:28,4,498.88,1995.52,Cash on Delivery,0
T03868,C0420,P0135,2026-01-13 09:27:18,3,91.79,275.37,Cash on Delivery,0
T03869,C0220,P0121,2026-03-07 12:29:17,3,351.26,1053.78,Mobile Money,1
T03870,C0697,P0130,2026-03-23 10:53:12,4,370.26,1481.04,Cash on Delivery,0
T03871,C0342,P0005,2026-02-17 03:30:47,3,15.19,45.57,Mobile Money,0
T03872,C1480,P0095,2025-10-18 23:54:31,4,17.04,68.16,Cash on Delivery,1
T03873,C1355,P0041,2025-09-08 15:33:09,2,20.56,41.12,Mobile Money,0
T03874,C0680,P0193,2025-06-24 23:45:22,3,315.64,946.92,Card,0
T03875,C0806,P0083,2025-11-23 00:07:18,4,333.43,1333.72,Mobile Money,0
T03876,C1701,P0042,2026-05-16 19:05:42,4,283.82,1135.28,Mobile Money,0
T03877,C1767,P0056,2025-09-23 15:51:32,3,486.03,1458.09,Card,1
T03878,C0694,P0055,2025-09-13 04:15:51,1,281.26,281.26,Card,0
T03879,C0105,P0022,2025-09-11 12:57:58,3,200.6,601.8,Mobile Money,0
T03880,C0880,P0175,2026-04-02 01:19:55,2,446.49,892.98,Cash on Delivery,0
T03881,C0375,P0039,2026-02-16 19:25:03,3,249.43,748.29,Mobile Money,0
T03882,C1084,P0194,2025-06-10 09:05:17,1,369.86,369.86,Cash on Delivery,1
T03883,C1835,P0136,2026-02-28 03:49:33,4,248.35,993.4,Cash on Delivery,1
T03884,C0667,P0134,2025-06-21 11:48:36,4,25.16,100.64,Cash on Delivery,0
T03885,C1264,P0173,2025-09-25 00:50:28,3,434.1,1302.3,Cash on Delivery,1
T03886,C0141,P0122,2025-12-21 20:00:17,1,488.05,488.05,Mobile Money,0
T03887,C0874,P0196,2026-05-25 16:04:01,4,57.84,231.36,Card,0
T03888,C1917,P0064,2026-04-30 09:54:44,1,402.55,402.55,Cash on Delivery,1
T03889,C1341,P0052,2025-12-01 05:46:24,4,257.82,1031.28,Cash on Delivery,0
T03890,C0843,P0017,2025-11-10 14:45:58,4,65.41,261.64,Card,0
T03891,C0597,P0089,2025-08-21 06:30:53,1,51.37,51.37,Cash on Delivery,0
T03892,C0952,P0026,2025-11-01 03:41:49,4,295.44,1181.76,Cash on Delivery,0
T03893,C1120,P0040,2026-04-03 17:08:39,1,59.89,59.89,Mobile Money,0
T03894,C1786,P0196,2026-03-14 03:15:23,2,57.84,115.68,Card,0
T03895,C1097,P0117,2026-04-21 08:34:09,4,155.12,620.48,Cash on Delivery,1
T03896,C1705,P0045,2025-07-11 23:43:25,1,148.43,148.43,Cash on Delivery,0
T03897,C1734,P0077,2025-10-13 16:56:09,1,450.71,450.71,Card,0
T03898,C1125,P0091,2025-06-27 09:02:34,2,199.58,399.16,Card,0
T03899,C1816,P0103,2026-05-04 06:31:41,3,349.53,1048.59,Card,0
T03900,C1642,P0073,2026-04-08 05:30:58,1,462.72,462.72,Card,1
T03901,C0157,P0139,2025-12-13 07:07:58,3,134.14,402.42,Card,0
T03902,C0967,P0136,2025-07-10 06:29:13,1,248.35,248.35,Card,0
T03903,C0207,P0140,2026-05-07 23:38:52,4,254.05,1016.2,Mobile Money,0
T03904,C1330,P0093,2026-03-25 05:53:00,1,290.57,290.57,Mobile Money,0
T03905,C0805,P0114,2025-07-25 13:40:26,4,22.79,91.16,Cash on Delivery,0
T03906,C0209,P0011,2026-04-17 11:49:33,3,393.66,1180.98,Mobile Money,0
T03907,C0539,P0187,2025-06-22 10:23:19,3,115.68,347.04,Card,0
T03908,C0956,P0067,2025-07-13 03:52:08,3,97.33,291.99,Card,0
T03909,C1938,P0002,2025-10-23 08:15:15,4,390.95,1563.8,Mobile Money,1
T03910,C1855,P0148,2025-08-05 07:11:29,1,54.89,54.89,Mobile Money,0
T03911,C0986,P0072,2026-06-04 14:07:02,2,339.47,678.94,Mobile Money,0
T03912,C0156,P0083,2025-12-12 05:28:21,2,333.43,666.86,Cash on Delivery,0
T03913,C1643,P0157,2025-11-16 07:39:49,1,128.76,128.76,Mobile Money,0
T03914,C0617,P0028,2025-07-18 14:44:28,4,86.81,347.24,Mobile Money,1
T03915,C0507,P0112,2025-10-18 21:42:35,2,445.55,891.1,Mobile Money,1
T03916,C0622,P0133,2026-01-23 23:25:42,3,174.23,522.69,Mobile Money,0
T03917,C1460,P0073,2026-03-04 21:50:48,4,462.72,1850.88,Card,0
T03918,C0655,P0090,2025-06-23 13:15:21,1,128.98,128.98,Card,0
T03919,C0757,P0169,2025-06-29 16:32:03,4,465.81,1863.24,Mobile Money,0
T03920,C1876,P0181,2025-11-04 12:13:58,4,128.12,512.48,Cash on Delivery,0
T03921,C0060,P0155,2026-04-20 16:27:16,1,214.62,214.62,Mobile Money,0
T03922,C0327,P0086,2026-03-07 02:53:42,4,13.95,55.8,Card,0
T03923,C0799,P0175,2026-05-26 21:38:50,2,446.49,892.98,Mobile Money,0
T03924,C1458,P0017,2025-09-17 12:11:01,3,65.41,196.23,Mobile Money,0
T03925,C0083,P0007,2025-12-21 03:11:53,2,95.79,191.58,Cash on Delivery,0
T03926,C1307,P0028,2026-05-18 00:42:25,2,86.81,173.62,Mobile Money,0
T03927,C0763,P0141,2026-03-21 21:51:49,2,343.56,687.12,Card,1
T03928,C0811,P0188,2026-01-10 20:49:28,3,489.06,1467.18,Cash on Delivery,0
T03929,C1862,P0069,2025-10-14 10:16:22,3,258.49,775.47,Mobile Money,1
T03930,C0227,P0099,2026-03-13 00:55:40,1,483.49,483.49,Mobile Money,1
T03931,C0932,P0195,2026-03-12 20:31:53,2,475.45,950.9,Card,0
T03932,C0655,P0071,2025-10-14 12:40:06,1,196.43,196.43,Mobile Money,0
T03933,C1668,P0146,2025-12-03 07:29:11,4,196.12,784.48,Card,1
T03934,C0890,P0011,2026-05-14 10:05:23,2,393.66,787.32,Cash on Delivery,0
T03935,C1980,P0179,2026-04-12 12:45:08,2,178.36,356.72,Card,1
T03936,C0835,P0018,2026-02-27 08:55:54,3,90.82,272.46,Cash on Delivery,0
T03937,C1570,P0145,2025-12-17 03:30:49,1,406.55,406.55,Card,0
T03938,C1417,P0158,2025-09-24 09:00:34,3,465.72,1397.16,Card,0
T03939,C0351,P0168,2026-02-13 17:07:42,4,396.83,1587.32,Cash on Delivery,0
T03940,C0623,P0187,2026-03-05 04:01:56,3,115.68,347.04,Cash on Delivery,0
T03941,C0071,P0153,2025-08-20 08:54:15,3,468.64,1405.92,Cash on Delivery,0
T03942,C1351,P0053,2026-03-17 06:49:57,4,347.76,1391.04,Card,0
T03943,C0177,P0053,2026-03-16 01:41:45,4,347.76,1391.04,Mobile Money,0
T03944,C0531,P0171,2025-09-23 06:58:31,4,275.23,1100.92,Card,1
T03945,C0248,P0066,2025-12-07 17:37:33,2,400.18,800.36,Card,0
T03946,C1642,P0182,2026-01-12 09:05:18,1,248.85,248.85,Mobile Money,0
T03947,C0383,P0055,2026-02-07 12:00:07,3,281.26,843.78,Mobile Money,0
T03948,C0407,P0015,2025-09-15 19:25:08,1,405.16,405.16,Card,0
T03949,C0228,P0066,2025-11-04 21:59:24,2,400.18,800.36,Mobile Money,1
T03950,C0194,P0114,2025-08-21 12:30:46,1,22.79,22.79,Mobile Money,1
T03951,C0657,P0194,2025-12-23 17:55:56,2,369.86,739.72,Cash on Delivery,1
T03952,C0930,P0072,2026-01-23 01:40:36,2,339.47,678.94,Cash on Delivery,0
T03953,C0556,P0197,2025-12-24 13:49:28,4,98.12,392.48,Cash on Delivery,0
T03954,C1500,P0157,2026-01-09 00:41:00,2,128.76,257.52,Mobile Money,0
T03955,C0052,P0016,2026-02-03 18:07:26,2,119.29,238.58,Mobile Money,0
T03956,C0744,P0002,2025-10-05 01:58:58,4,390.95,1563.8,Card,0
T03957,C1406,P0061,2025-10-12 19:52:12,4,76.72,306.88,Mobile Money,0
T03958,C0692,P0052,2025-08-14 21:17:25,1,257.82,257.82,Mobile Money,0
T03959,C0155,P0031,2025-07-03 09:57:27,2,365.86,731.72,Mobile Money,0
T03960,C1024,P0121,2025-07-02 03:07:20,3,351.26,1053.78,Card,0
T03961,C1547,P0095,2025-08-17 13:55:32,4,17.04,68.16,Cash on Delivery,0
T03962,C0355,P0136,2025-09-25 22:30:24,4,248.35,993.4,Mobile Money,1
T03963,C1229,P0045,2025-12-26 18:48:08,2,148.43,296.86,Cash on Delivery,1
T03964,C0256,P0072,2025-10-04 19:30:09,3,339.47,1018.41,Card,1
T03965,C1483,P0021,2025-08-07 03:36:06,1,484.94,484.94,Card,0
T03966,C1948,P0022,2026-04-07 01:12:07,1,200.6,200.6,Mobile Money,1
T03967,C1294,P0195,2025-08-29 17:18:11,3,475.45,1426.35,Mobile Money,0
T03968,C0308,P0079,2026-05-16 01:49:27,1,449.07,449.07,Card,1
T03969,C0076,P0171,2026-01-17 16:21:00,3,275.23,825.69,Mobile Money,0
T03970,C1682,P0019,2025-08-13 01:05:58,3,332.95,998.85,Mobile Money,0
T03971,C1665,P0013,2026-02-25 02:04:35,3,305.73,917.19,Cash on Delivery,1
T03972,C0397,P0085,2025-06-09 18:21:31,2,327.72,655.44,Card,0
T03973,C1587,P0109,2026-03-23 03:22:50,3,434.2,1302.6,Card,0
T03974,C0377,P0001,2025-08-30 08:30:07,3,190.4,571.2,Cash on Delivery,0
T03975,C0800,P0156,2025-10-08 20:27:45,3,495.3,1485.9,Cash on Delivery,0
T03976,C0410,P0200,2026-05-04 18:03:50,3,270.37,811.11,Card,1
T03977,C0752,P0142,2025-10-03 16:23:52,4,323.0,1292.0,Cash on Delivery,0
T03978,C0831,P0093,2026-05-18 02:43:55,4,290.57,1162.28,Cash on Delivery,0
T03979,C1022,P0082,2025-08-24 15:57:32,2,292.44,584.88,Cash on Delivery,1
T03980,C1775,P0155,2025-07-03 05:31:11,1,214.62,214.62,Cash on Delivery,1
T03981,C1083,P0003,2026-05-10 18:41:30,2,82.22,164.44,Cash on Delivery,0
T03982,C1518,P0151,2025-08-14 12:30:34,2,173.61,347.22,Card,0
T03983,C0586,P0104,2025-10-06 11:34:40,4,108.41,433.64,Card,0
T03984,C1013,P0120,2025-11-01 04:53:56,4,30.58,122.32,Card,1
T03985,C1696,P0169,2025-08-23 21:27:03,4,465.81,1863.24,Mobile Money,0
T03986,C0941,P0081,2026-03-06 15:57:45,1,85.01,85.01,Card,0
T03987,C1529,P0101,2025-10-30 12:24:38,1,426.31,426.31,Card,0
T03988,C0115,P0090,2026-06-03 09:41:54,4,128.98,515.92,Card,0
T03989,C1119,P0152,2025-09-16 01:58:34,3,63.49,190.47,Mobile Money,0
T03990,C0450,P0172,2026-04-08 23:00:00,2,75.78,151.56,Cash on Delivery,0
T03991,C2000,P0114,2025-11-27 11:30:09,2,22.79,45.58,Card,0
T03992,C0002,P0029,2026-02-01 14:36:30,3,387.26,1161.78,Cash on Delivery,0
T03993,C0743,P0078,2026-02-23 09:02:53,4,143.04,572.16,Mobile Money,0
T03994,C0110,P0098,2026-03-08 21:11:44,1,476.77,476.77,Mobile Money,1
T03995,C1512,P0167,2026-02-11 16:51:05,1,279.08,279.08,Card,0
T03996,C0371,P0041,2025-06-13 02:18:35,3,20.56,61.68,Card,0
T03997,C0599,P0081,2025-11-26 15:27:25,2,85.01,170.02,Card,0
T03998,C0305,P0022,2025-11-04 01:22:03,2,200.6,401.2,Mobile Money,0
T03999,C1514,P0156,2026-03-02 11:18:16,4,495.3,1981.2,Cash on Delivery,0
T04000,C0932,P0068,2025-08-19 18:15:12,2,166.35,332.7,Mobile Money,0
T04001,C1877,P0022,2025-10-29 13:12:14,3,200.6,601.8,Card,0
T04002,C1769,P0121,2025-11-25 20:02:44,4,351.26,1405.04,Cash on Delivery,1
T04003,C1079,P0080,2025-10-05 12:06:55,2,444.45,888.9,Card,1
T04004,C0034,P0035,2025-11-24 19:05:05,1,165.97,165.97,Card,0
T04005,C0454,P0073,2025-11-10 21:52:10,1,462.72,462.72,Card,0
T04006,C1454,P0132,2025-07-11 00:30:30,4,181.21,724.84,Card,0
T04007,C0482,P0125,2025-07-16 19:40:57,3,96.25,288.75,Card,0
T04008,C1571,P0061,2025-07-01 11:35:53,2,76.72,153.44,Cash on Delivery,0
T04009,C0487,P0069,2026-03-03 03:05:57,1,258.49,258.49,Mobile Money,0
T04010,C0125,P0139,2025-12-23 06:03:12,4,134.14,536.56,Mobile Money,1
T04011,C1101,P0043,2025-08-29 19:12:53,3,128.4,385.2,Cash on Delivery,1
T04012,C1260,P0068,2025-10-27 09:05:24,2,166.35,332.7,Mobile Money,0
T04013,C1278,P0059,2025-07-10 16:55:31,2,253.83,507.66,Mobile Money,1
T04014,C1267,P0136,2025-12-02 14:43:20,2,248.35,496.7,Mobile Money,0
T04015,C1244,P0021,2026-04-16 12:09:45,1,484.94,484.94,Card,1
T04016,C0854,P0157,2025-06-18 09:09:17,1,128.76,128.76,Mobile Money,0
T04017,C0507,P0122,2025-07-08 04:29:27,2,488.05,976.1,Cash on Delivery,1
T04018,C0237,P0075,2026-04-16 08:48:05,3,279.82,839.46,Card,0
T04019,C0506,P0083,2026-05-15 17:30:13,4,333.43,1333.72,Mobile Money,0
T04020,C1693,P0165,2025-07-31 07:35:37,2,243.85,487.7,Cash on Delivery,0
T04021,C0728,P0165,2026-01-12 03:49:59,1,243.85,243.85,Card,0
T04022,C1456,P0120,2025-07-03 10:40:55,4,30.58,122.32,Cash on Delivery,0
T04023,C1649,P0083,2026-05-16 23:05:29,3,333.43,1000.29,Mobile Money,0
T04024,C0369,P0015,2026-02-16 10:36:13,3,405.16,1215.48,Card,0
T04025,C1993,P0141,2026-01-12 20:38:38,3,343.56,1030.68,Card,0
T04026,C0720,P0124,2026-01-04 12:52:12,1,222.29,222.29,Cash on Delivery,1
T04027,C1480,P0115,2025-09-29 00:18:06,2,491.01,982.02,Mobile Money,0
T04028,C1016,P0147,2025-10-19 17:36:56,1,107.31,107.31,Card,0
T04029,C0343,P0032,2025-09-22 23:56:11,3,463.52,1390.56,Card,0
T04030,C1136,P0149,2025-07-16 22:40:19,2,311.04,622.08,Mobile Money,0
T04031,C0536,P0142,2025-09-10 13:45:00,4,323.0,1292.0,Cash on Delivery,0
T04032,C1824,P0049,2026-02-15 08:03:05,4,181.37,725.48,Card,0
T04033,C0011,P0075,2026-01-30 17:16:22,1,279.82,279.82,Card,0
T04034,C0580,P0188,2026-04-12 04:22:35,1,489.06,489.06,Mobile Money,0
T04035,C0622,P0189,2026-06-07 03:33:55,2,446.12,892.24,Card,0
T04036,C1472,P0133,2026-04-25 15:42:26,4,174.23,696.92,Mobile Money,0
T04037,C0074,P0032,2026-05-18 22:17:58,3,463.52,1390.56,Cash on Delivery,0
T04038,C0355,P0194,2026-04-25 10:12:53,2,369.86,739.72,Card,0
T04039,C0298,P0021,2026-02-23 04:48:20,4,484.94,1939.76,Card,0
T04040,C0512,P0072,2026-05-05 11:09:32,2,339.47,678.94,Cash on Delivery,1
T04041,C0374,P0082,2025-12-15 15:26:37,1,292.44,292.44,Mobile Money,1
T04042,C0132,P0041,2025-11-17 01:33:16,2,20.56,41.12,Cash on Delivery,0
T04043,C1934,P0099,2025-07-06 18:52:36,2,483.49,966.98,Cash on Delivery,0
T04044,C0229,P0053,2026-05-12 04:06:27,4,347.76,1391.04,Card,1
T04045,C0797,P0128,2025-08-29 04:16:16,4,276.87,1107.48,Cash on Delivery,0
T04046,C0495,P0023,2026-04-19 00:44:11,4,461.33,1845.32,Cash on Delivery,0
T04047,C1888,P0085,2026-01-14 08:04:21,3,327.72,983.16,Cash on Delivery,0
T04048,C0189,P0071,2025-11-06 08:44:08,1,196.43,196.43,Mobile Money,1
T04049,C0332,P0151,2025-08-10 06:04:26,4,173.61,694.44,Card,0
T04050,C0666,P0100,2025-10-29 17:35:56,4,42.3,169.2,Cash on Delivery,0
T04051,C1286,P0157,2025-07-16 20:26:07,1,128.76,128.76,Cash on Delivery,0
T04052,C0351,P0037,2025-11-12 16:30:40,1,64.2,64.2,Mobile Money,0
T04053,C0937,P0174,2025-09-06 11:26:01,1,351.98,351.98,Card,0
T04054,C0367,P0018,2025-10-13 11:20:15,2,90.82,181.64,Mobile Money,0
T04055,C0872,P0095,2025-09-06 01:59:29,4,17.04,68.16,Card,0
T04056,C0270,P0179,2025-12-14 05:04:54,1,178.36,178.36,Card,0
T04057,C1054,P0103,2026-05-16 06:18:25,4,349.53,1398.12,Card,0
T04058,C0737,P0060,2026-05-12 13:36:45,1,175.81,175.81,Card,1
T04059,C0320,P0164,2025-08-04 21:02:09,2,163.06,326.12,Mobile Money,0
T04060,C0432,P0014,2025-11-12 04:18:23,3,11.57,34.71,Card,0
T04061,C1287,P0156,2026-05-27 07:59:12,2,495.3,990.6,Cash on Delivery,1
T04062,C0964,P0170,2025-09-02 09:37:05,2,277.02,554.04,Mobile Money,0
T04063,C1037,P0172,2025-06-16 04:15:28,2,75.78,151.56,Mobile Money,0
T04064,C1500,P0161,2025-06-08 13:48:58,4,250.8,1003.2,Card,0
T04065,C0560,P0160,2025-11-06 13:33:17,3,56.05,168.15,Mobile Money,0
T04066,C1658,P0005,2025-10-25 03:30:38,1,15.19,15.19,Card,0
T04067,C0255,P0090,2025-08-05 22:44:36,3,128.98,386.94,Card,1
T04068,C0280,P0090,2026-01-05 10:55:20,3,128.98,386.94,Card,1
T04069,C1186,P0117,2026-04-13 08:52:08,2,155.12,310.24,Card,0
T04070,C0298,P0084,2026-04-28 19:29:49,3,156.16,468.48,Card,0
T04071,C1618,P0148,2025-09-17 18:37:32,1,54.89,54.89,Card,0
T04072,C0518,P0102,2025-10-31 05:23:12,4,189.48,757.92,Mobile Money,1
T04073,C0426,P0122,2025-10-23 17:53:44,1,488.05,488.05,Card,0
T04074,C0169,P0025,2025-10-22 09:10:54,1,197.4,197.4,Card,0
T04075,C1707,P0003,2025-09-09 16:31:08,4,82.22,328.88,Card,0
T04076,C0083,P0174,2026-02-14 20:50:54,1,351.98,351.98,Card,0
T04077,C1157,P0074,2025-07-21 17:06:22,3,118.13,354.39,Mobile Money,0
T04078,C0353,P0086,2025-10-31 09:44:10,1,13.95,13.95,Mobile Money,0
T04079,C1118,P0015,2025-10-29 09:06:19,4,405.16,1620.64,Card,0
T04080,C0762,P0126,2026-03-11 03:46:47,4,349.51,1398.04,Cash on Delivery,0
T04081,C0079,P0039,2026-04-20 07:22:17,2,249.43,498.86,Mobile Money,0
T04082,C0820,P0166,2026-01-20 19:09:14,3,226.98,680.94,Card,0
T04083,C0669,P0131,2025-11-11 13:36:34,1,366.37,366.37,Mobile Money,0
T04084,C1858,P0126,2025-06-25 21:51:41,3,349.51,1048.53,Mobile Money,1
T04085,C0022,P0045,2026-05-21 12:36:04,1,148.43,148.43,Cash on Delivery,0
T04086,C1765,P0083,2025-08-13 17:08:08,2,333.43,666.86,Mobile Money,0
T04087,C1173,P0138,2026-02-23 17:32:04,2,309.85,619.7,Cash on Delivery,0
T04088,C0007,P0017,2025-07-12 06:03:04,3,65.41,196.23,Card,0
T04089,C0768,P0101,2025-10-28 10:08:17,4,426.31,1705.24,Cash on Delivery,0
T04090,C1101,P0067,2025-08-09 22:42:10,2,97.33,194.66,Card,0
T04091,C1788,P0158,2026-05-07 23:42:41,3,465.72,1397.16,Card,0
T04092,C0413,P0199,2026-02-09 22:49:11,2,487.33,974.66,Card,1
T04093,C1953,P0072,2025-11-10 01:02:42,2,339.47,678.94,Cash on Delivery,0
T04094,C0221,P0059,2026-06-01 04:34:32,4,253.83,1015.32,Mobile Money,0
T04095,C1749,P0157,2026-02-02 21:28:26,1,128.76,128.76,Card,0
T04096,C1954,P0129,2025-08-12 06:35:24,3,467.63,1402.89,Card,0
T04097,C1504,P0172,2025-09-01 09:38:56,3,75.78,227.34,Cash on Delivery,0
T04098,C1445,P0109,2025-08-21 03:45:09,2,434.2,868.4,Card,0
T04099,C0024,P0163,2025-12-20 06:24:47,3,479.48,1438.44,Cash on Delivery,0
T04100,C0390,P0193,2026-04-15 20:59:10,2,315.64,631.28,Mobile Money,0
T04101,C0129,P0196,2026-01-24 07:52:28,2,57.84,115.68,Cash on Delivery,0
T04102,C1060,P0041,2025-12-26 04:19:24,3,20.56,61.68,Card,0
T04103,C1974,P0105,2026-03-22 05:17:34,1,74.34,74.34,Cash on Delivery,0
T04104,C0287,P0109,2025-10-09 08:31:10,3,434.2,1302.6,Card,0
T04105,C1493,P0157,2026-01-30 05:38:04,1,128.76,128.76,Mobile Money,0
T04106,C1498,P0131,2026-04-21 09:01:07,2,366.37,732.74,Mobile Money,0
T04107,C0788,P0061,2025-09-01 01:07:01,2,76.72,153.44,Mobile Money,0
T04108,C0942,P0111,2026-05-24 06:15:31,1,40.12,40.12,Mobile Money,1
T04109,C0535,P0141,2026-01-15 10:52:59,1,343.56,343.56,Mobile Money,0
T04110,C1055,P0079,2025-09-17 14:05:39,2,449.07,898.14,Mobile Money,0
T04111,C0971,P0004,2025-06-18 04:55:35,1,170.19,170.19,Mobile Money,0
T04112,C1534,P0118,2026-02-24 18:53:16,2,263.51,527.02,Mobile Money,0
T04113,C0287,P0144,2026-03-23 18:08:31,3,197.14,591.42,Cash on Delivery,1
T04114,C1255,P0176,2025-09-24 15:18:36,3,46.99,140.97,Card,0
T04115,C0004,P0043,2025-06-16 20:09:06,4,128.4,513.6,Card,0
T04116,C0412,P0190,2025-07-12 03:07:01,4,459.96,1839.84,Mobile Money,1
T04117,C1369,P0144,2026-04-13 00:42:05,3,197.14,591.42,Card,1
T04118,C0453,P0126,2025-10-08 04:12:01,1,349.51,349.51,Mobile Money,0
T04119,C0837,P0158,2025-09-13 16:23:13,1,465.72,465.72,Cash on Delivery,0
T04120,C1442,P0014,2026-03-25 07:47:18,3,11.57,34.71,Cash on Delivery,0
T04121,C0978,P0184,2025-06-09 19:40:52,1,63.18,63.18,Mobile Money,1
T04122,C0153,P0079,2026-05-05 17:19:11,2,449.07,898.14,Card,0
T04123,C0834,P0094,2025-09-14 00:10:20,1,118.94,118.94,Card,0
T04124,C1755,P0115,2025-07-05 15:13:07,4,491.01,1964.04,Cash on Delivery,0
T04125,C0532,P0143,2025-11-24 00:59:53,4,320.02,1280.08,Cash on Delivery,0
T04126,C1755,P0053,2025-11-12 21:23:06,2,347.76,695.52,Mobile Money,0
T04127,C1731,P0195,2026-01-02 23:08:34,1,475.45,475.45,Cash on Delivery,0
T04128,C0001,P0089,2025-10-28 08:24:24,2,51.37,102.74,Cash on Delivery,0
T04129,C1207,P0167,2026-05-07 14:32:25,1,279.08,279.08,Cash on Delivery,0
T04130,C1886,P0197,2026-04-17 19:47:31,2,98.12,196.24,Card,0
T04131,C0373,P0017,2025-06-28 11:59:02,1,65.41,65.41,Card,0
T04132,C0201,P0106,2025-10-13 03:58:10,4,164.66,658.64,Mobile Money,1
T04133,C1323,P0192,2025-09-23 12:08:18,1,112.32,112.32,Card,0
T04134,C0306,P0076,2025-08-12 11:45:51,4,498.15,1992.6,Card,0
T04135,C1993,P0196,2025-10-25 15:34:46,1,57.84,57.84,Card,0
T04136,C1504,P0104,2025-10-01 13:26:41,3,108.41,325.23,Card,0
T04137,C1107,P0077,2025-10-01 10:51:42,2,450.71,901.42,Cash on Delivery,0
T04138,C0731,P0078,2026-03-04 22:18:20,1,143.04,143.04,Cash on Delivery,0
T04139,C1498,P0156,2026-03-21 22:18:08,2,495.3,990.6,Card,0
T04140,C1745,P0138,2026-05-25 14:42:01,4,309.85,1239.4,Cash on Delivery,1
T04141,C0785,P0180,2025-12-17 20:19:27,4,389.69,1558.76,Mobile Money,1
T04142,C0021,P0065,2025-09-08 01:36:15,4,318.6,1274.4,Card,0
T04143,C0177,P0182,2025-08-09 09:18:48,3,248.85,746.55,Mobile Money,0
T04144,C0837,P0107,2026-02-10 01:04:28,2,352.73,705.46,Mobile Money,0
T04145,C0250,P0192,2026-01-29 04:49:57,4,112.32,449.28,Cash on Delivery,0
T04146,C1097,P0149,2025-09-09 18:40:13,4,311.04,1244.16,Cash on Delivery,0
T04147,C0126,P0091,2026-03-07 23:13:05,4,199.58,798.32,Cash on Delivery,0
T04148,C0611,P0146,2026-03-31 02:28:53,2,196.12,392.24,Mobile Money,0
T04149,C0044,P0015,2025-07-01 19:47:14,2,405.16,810.32,Cash on Delivery,1
T04150,C0548,P0173,2025-11-03 16:31:31,1,434.1,434.1,Cash on Delivery,0
T04151,C1054,P0168,2026-03-24 20:45:21,3,396.83,1190.49,Cash on Delivery,0
T04152,C0357,P0026,2026-03-24 05:39:50,1,295.44,295.44,Card,1
T04153,C1272,P0121,2026-01-14 13:42:12,3,351.26,1053.78,Mobile Money,0
T04154,C1981,P0184,2025-08-26 08:26:36,1,63.18,63.18,Mobile Money,0
T04155,C1890,P0017,2025-10-05 09:02:21,1,65.41,65.41,Card,0
T04156,C1658,P0126,2025-09-17 19:57:17,4,349.51,1398.04,Card,0
T04157,C1922,P0132,2025-07-14 00:44:46,1,181.21,181.21,Mobile Money,0
T04158,C1318,P0163,2026-04-20 20:36:48,3,479.48,1438.44,Card,0
T04159,C1003,P0173,2025-07-28 03:44:18,3,434.1,1302.3,Cash on Delivery,0
T04160,C0511,P0170,2025-09-18 16:45:29,3,277.02,831.06,Card,0
T04161,C1705,P0159,2026-03-21 08:35:58,4,341.52,1366.08,Card,0
T04162,C0821,P0057,2025-10-21 14:51:32,2,251.14,502.28,Mobile Money,0
T04163,C1848,P0119,2025-08-06 16:53:43,1,482.8,482.8,Card,0
T04164,C1480,P0087,2026-05-21 10:31:47,4,374.51,1498.04,Mobile Money,0
T04165,C0341,P0181,2025-08-27 01:29:12,1,128.12,128.12,Mobile Money,0
T04166,C0182,P0160,2026-04-23 02:27:56,1,56.05,56.05,Cash on Delivery,0
T04167,C1288,P0165,2026-01-15 09:57:20,4,243.85,975.4,Cash on Delivery,0
T04168,C1468,P0011,2025-10-04 07:51:47,2,393.66,787.32,Card,0
T04169,C0751,P0138,2026-04-02 09:33:10,2,309.85,619.7,Cash on Delivery,0
T04170,C1873,P0198,2025-11-11 13:54:52,3,118.55,355.65,Cash on Delivery,1
T04171,C0293,P0087,2025-10-09 08:55:03,2,374.51,749.02,Card,0
T04172,C1228,P0092,2025-07-15 14:17:16,4,220.03,880.12,Mobile Money,0
T04173,C1851,P0186,2025-08-26 21:20:19,1,241.47,241.47,Mobile Money,0
T04174,C0293,P0152,2026-02-09 23:14:00,4,63.49,253.96,Card,0
T04175,C1410,P0021,2026-06-08 04:25:59,1,484.94,484.94,Cash on Delivery,1
T04176,C0143,P0083,2026-04-06 08:32:29,4,333.43,1333.72,Mobile Money,1
T04177,C1308,P0001,2026-02-19 23:55:48,3,190.4,571.2,Cash on Delivery,1
T04178,C0224,P0050,2026-04-29 01:21:01,3,117.83,353.49,Mobile Money,0
T04179,C0408,P0156,2025-08-30 15:28:37,1,495.3,495.3,Mobile Money,0
T04180,C1720,P0191,2025-11-24 13:03:35,4,484.8,1939.2,Card,0
T04181,C1840,P0041,2025-08-15 10:38:52,3,20.56,61.68,Card,0
T04182,C1594,P0086,2026-03-06 03:03:20,4,13.95,55.8,Cash on Delivery,0
T04183,C1527,P0039,2026-03-26 10:13:51,1,249.43,249.43,Cash on Delivery,0
T04184,C1520,P0025,2025-12-24 21:03:25,4,197.4,789.6,Card,1
T04185,C1906,P0117,2025-11-23 19:26:50,2,155.12,310.24,Mobile Money,0
T04186,C1469,P0175,2026-04-06 20:29:21,2,446.49,892.98,Cash on Delivery,0
T04187,C0997,P0084,2026-02-27 14:05:26,4,156.16,624.64,Mobile Money,0
T04188,C0623,P0155,2026-02-10 22:06:14,4,214.62,858.48,Cash on Delivery,0
T04189,C0733,P0042,2026-05-15 14:55:12,4,283.82,1135.28,Mobile Money,0
T04190,C0664,P0048,2025-06-29 18:24:09,4,446.82,1787.28,Cash on Delivery,0
T04191,C1947,P0131,2025-08-17 17:04:30,2,366.37,732.74,Card,1
T04192,C0647,P0168,2025-12-31 04:37:26,3,396.83,1190.49,Cash on Delivery,0
T04193,C0519,P0127,2025-06-23 16:41:34,1,458.03,458.03,Mobile Money,0
T04194,C0863,P0077,2026-04-17 08:21:39,2,450.71,901.42,Mobile Money,0
T04195,C1874,P0022,2025-11-11 03:44:30,2,200.6,401.2,Mobile Money,0
T04196,C1887,P0145,2026-03-08 01:38:12,3,406.55,1219.65,Mobile Money,0
T04197,C1316,P0039,2025-08-03 12:48:55,1,249.43,249.43,Card,0
T04198,C1181,P0015,2026-01-22 05:12:49,3,405.16,1215.48,Mobile Money,1
T04199,C0424,P0060,2025-10-15 19:15:33,4,175.81,703.24,Card,0
T04200,C1625,P0144,2025-11-07 07:08:01,1,197.14,197.14,Mobile Money,0
T04201,C1785,P0016,2025-11-12 21:00:30,2,119.29,238.58,Mobile Money,0
T04202,C1640,P0098,2025-11-08 14:59:35,2,476.77,953.54,Cash on Delivery,0
T04203,C1446,P0044,2026-05-22 09:40:17,3,105.52,316.56,Card,1
T04204,C0274,P0051,2025-10-12 23:16:14,4,179.52,718.08,Card,0
T04205,C0936,P0005,2025-09-05 04:29:30,3,15.19,45.57,Cash on Delivery,0
T04206,C0115,P0006,2026-03-17 19:37:40,4,469.58,1878.32,Cash on Delivery,0
T04207,C0073,P0012,2026-02-24 01:24:22,4,491.7,1966.8,Card,1
T04208,C1841,P0106,2025-12-28 17:39:25,2,164.66,329.32,Mobile Money,0
T04209,C0772,P0178,2025-12-31 14:11:50,4,473.89,1895.56,Card,0
T04210,C0400,P0178,2026-01-22 03:46:51,3,473.89,1421.67,Mobile Money,0
T04211,C1656,P0014,2026-02-20 02:51:04,4,11.57,46.28,Card,0
T04212,C1604,P0169,2026-03-25 10:39:54,2,465.81,931.62,Cash on Delivery,0
T04213,C0887,P0059,2026-02-20 17:02:03,2,253.83,507.66,Mobile Money,1
T04214,C1114,P0010,2025-09-23 17:26:50,3,487.01,1461.03,Mobile Money,0
T04215,C1924,P0101,2026-01-23 07:40:34,2,426.31,852.62,Mobile Money,0
T04216,C0066,P0028,2025-11-01 11:59:49,2,86.81,173.62,Mobile Money,0
T04217,C1337,P0144,2025-09-10 17:53:40,4,197.14,788.56,Cash on Delivery,0
T04218,C1997,P0151,2026-01-14 14:23:09,3,173.61,520.83,Card,1
T04219,C1433,P0021,2025-12-05 01:47:19,3,484.94,1454.82,Cash on Delivery,0
T04220,C1273,P0058,2026-06-02 23:54:07,1,498.88,498.88,Cash on Delivery,0
T04221,C0399,P0177,2026-05-26 09:56:01,1,432.25,432.25,Card,0
T04222,C0471,P0156,2025-08-20 16:27:46,3,495.3,1485.9,Mobile Money,0
T04223,C1458,P0132,2025-06-29 07:33:54,3,181.21,543.63,Mobile Money,0
T04224,C0707,P0188,2025-07-10 02:01:32,2,489.06,978.12,Cash on Delivery,1
T04225,C1707,P0103,2026-05-14 10:40:54,4,349.53,1398.12,Card,1
T04226,C1082,P0089,2025-10-11 20:24:23,2,51.37,102.74,Mobile Money,0
T04227,C0972,P0105,2025-08-10 07:50:36,4,74.34,297.36,Card,0
T04228,C1326,P0069,2026-04-16 09:53:04,1,258.49,258.49,Cash on Delivery,0
T04229,C1913,P0153,2025-09-25 12:05:38,1,468.64,468.64,Card,1
T04230,C1039,P0035,2025-06-16 06:57:24,1,165.97,165.97,Card,0
T04231,C1920,P0106,2025-11-17 19:10:13,2,164.66,329.32,Mobile Money,1
T04232,C1955,P0074,2025-07-10 04:18:49,4,118.13,472.52,Cash on Delivery,0
T04233,C1221,P0029,2026-03-10 11:01:23,2,387.26,774.52,Cash on Delivery,0
T04234,C0686,P0024,2026-05-26 17:18:12,3,262.81,788.43,Card,0
T04235,C0969,P0049,2026-01-06 14:25:51,4,181.37,725.48,Card,0
T04236,C0291,P0154,2025-11-19 17:42:48,1,402.72,402.72,Card,0
T04237,C0768,P0164,2025-09-10 22:03:37,2,163.06,326.12,Card,0
T04238,C1056,P0056,2025-07-08 09:00:06,2,486.03,972.06,Cash on Delivery,0
T04239,C0255,P0026,2026-03-19 23:33:21,3,295.44,886.32,Cash on Delivery,0
T04240,C1080,P0177,2025-07-22 17:00:57,3,432.25,1296.75,Cash on Delivery,0
T04241,C0230,P0037,2025-07-13 01:53:16,1,64.2,64.2,Cash on Delivery,0
T04242,C0101,P0053,2025-08-28 17:18:14,2,347.76,695.52,Mobile Money,1
T04243,C0869,P0078,2026-01-27 16:19:46,4,143.04,572.16,Mobile Money,1
T04244,C0002,P0011,2026-02-23 09:16:33,3,393.66,1180.98,Mobile Money,0
T04245,C0212,P0022,2026-05-02 02:31:48,2,200.6,401.2,Mobile Money,0
T04246,C0388,P0112,2025-08-13 21:12:40,1,445.55,445.55,Card,1
T04247,C1871,P0014,2025-10-20 22:12:22,3,11.57,34.71,Card,1
T04248,C0962,P0144,2025-07-24 08:06:26,4,197.14,788.56,Mobile Money,0
T04249,C0287,P0147,2025-12-17 01:35:38,1,107.31,107.31,Cash on Delivery,1
T04250,C1924,P0128,2026-03-28 17:28:47,3,276.87,830.61,Card,0
T04251,C0312,P0091,2025-10-09 16:08:56,2,199.58,399.16,Mobile Money,0
T04252,C0726,P0181,2025-10-22 20:56:49,1,128.12,128.12,Card,0
T04253,C0754,P0043,2026-05-10 10:33:23,2,128.4,256.8,Card,0
T04254,C0876,P0049,2025-07-18 08:53:30,4,181.37,725.48,Card,1
T04255,C1886,P0060,2025-09-23 13:49:43,2,175.81,351.62,Cash on Delivery,0
T04256,C0209,P0144,2025-10-03 05:38:59,1,197.14,197.14,Mobile Money,1
T04257,C0114,P0099,2025-07-29 04:12:45,4,483.49,1933.96,Mobile Money,0
T04258,C0063,P0175,2025-07-19 07:52:47,3,446.49,1339.47,Mobile Money,1
T04259,C0225,P0028,2025-08-27 08:59:03,4,86.81,347.24,Mobile Money,0
T04260,C1060,P0191,2025-09-23 17:43:35,1,484.8,484.8,Cash on Delivery,0
T04261,C0318,P0125,2026-05-09 08:36:32,1,96.25,96.25,Mobile Money,0
T04262,C0456,P0196,2026-03-20 18:08:56,3,57.84,173.52,Cash on Delivery,0
T04263,C1064,P0013,2026-04-08 18:38:08,4,305.73,1222.92,Cash on Delivery,0
T04264,C1246,P0158,2026-04-29 00:01:36,4,465.72,1862.88,Cash on Delivery,0
T04265,C1481,P0025,2026-04-29 00:40:15,1,197.4,197.4,Cash on Delivery,0
T04266,C1377,P0154,2025-06-30 10:06:02,4,402.72,1610.88,Card,0
T04267,C1780,P0039,2026-03-04 14:38:06,1,249.43,249.43,Cash on Delivery,0
T04268,C0573,P0109,2025-11-25 04:59:26,3,434.2,1302.6,Card,1
T04269,C1222,P0177,2025-10-22 15:13:28,1,432.25,432.25,Card,0
T04270,C0784,P0020,2025-10-07 10:11:32,4,107.93,431.72,Card,0
T04271,C1959,P0149,2026-01-04 20:34:11,3,311.04,933.12,Card,0
T04272,C0772,P0042,2025-07-18 03:47:32,1,283.82,283.82,Card,0
T04273,C1650,P0152,2026-02-16 18:18:57,3,63.49,190.47,Mobile Money,0
T04274,C1421,P0129,2026-05-05 12:24:49,2,467.63,935.26,Card,0
T04275,C1320,P0054,2025-09-02 11:37:05,2,471.74,943.48,Card,1
T04276,C1419,P0127,2025-06-11 19:50:35,4,458.03,1832.12,Mobile Money,1
T04277,C1284,P0042,2025-11-15 19:22:48,1,283.82,283.82,Card,0
T04278,C0420,P0025,2026-03-14 18:11:22,4,197.4,789.6,Mobile Money,0
T04279,C1452,P0192,2025-08-04 04:09:10,1,112.32,112.32,Cash on Delivery,1
T04280,C0429,P0040,2025-11-13 23:03:57,4,59.89,239.56,Cash on Delivery,0
T04281,C0547,P0136,2026-04-04 16:56:16,1,248.35,248.35,Card,0
T04282,C1071,P0172,2026-04-17 17:27:21,2,75.78,151.56,Cash on Delivery,0
T04283,C1449,P0153,2026-03-23 14:00:11,2,468.64,937.28,Card,0
T04284,C1982,P0005,2025-12-03 04:36:41,4,15.19,60.76,Cash on Delivery,1
T04285,C1352,P0125,2026-05-29 13:33:05,3,96.25,288.75,Cash on Delivery,1
T04286,C1004,P0087,2025-12-18 10:45:46,3,374.51,1123.53,Mobile Money,1
T04287,C0861,P0165,2025-11-10 12:20:32,3,243.85,731.55,Cash on Delivery,1
T04288,C0451,P0041,2025-10-20 04:01:34,4,20.56,82.24,Card,0
T04289,C0341,P0087,2025-10-11 01:07:33,4,374.51,1498.04,Cash on Delivery,0
T04290,C1561,P0136,2025-07-25 20:38:34,1,248.35,248.35,Card,1
T04291,C0381,P0039,2026-04-28 16:36:27,1,249.43,249.43,Card,0
T04292,C0648,P0105,2025-07-27 01:13:23,1,74.34,74.34,Card,0
T04293,C0316,P0004,2025-07-13 20:49:05,1,170.19,170.19,Mobile Money,0
T04294,C1102,P0054,2025-09-11 19:45:32,2,471.74,943.48,Card,0
T04295,C0355,P0019,2025-10-09 21:38:50,1,332.95,332.95,Cash on Delivery,0
T04296,C0662,P0068,2026-04-19 07:25:45,1,166.35,166.35,Card,0
T04297,C1296,P0193,2025-11-11 17:24:16,3,315.64,946.92,Mobile Money,0
T04298,C0349,P0196,2026-03-04 16:03:44,3,57.84,173.52,Cash on Delivery,0
T04299,C0728,P0044,2026-01-22 07:16:59,2,105.52,211.04,Cash on Delivery,0
T04300,C0712,P0009,2025-07-21 21:36:51,2,307.87,615.74,Card,1
T04301,C1781,P0078,2026-02-02 23:30:01,3,143.04,429.12,Mobile Money,0
T04302,C1509,P0190,2026-03-07 01:51:02,2,459.96,919.92,Card,0
T04303,C0513,P0015,2025-10-30 14:55:54,2,405.16,810.32,Mobile Money,0
T04304,C1956,P0020,2025-11-01 15:59:08,1,107.93,107.93,Mobile Money,0
T04305,C0770,P0130,2025-08-31 21:44:23,2,370.26,740.52,Mobile Money,0
T04306,C0852,P0131,2025-07-07 18:25:15,3,366.37,1099.11,Cash on Delivery,0
T04307,C1334,P0192,2025-09-12 23:15:07,1,112.32,112.32,Cash on Delivery,0
T04308,C0901,P0041,2026-02-01 19:26:40,3,20.56,61.68,Mobile Money,1
T04309,C0319,P0102,2025-10-31 20:05:56,2,189.48,378.96,Cash on Delivery,0
T04310,C0721,P0001,2026-01-09 05:09:52,1,190.4,190.4,Mobile Money,1
T04311,C1733,P0174,2026-01-18 06:19:12,3,351.98,1055.94,Card,1
T04312,C1717,P0145,2026-04-19 12:04:10,1,406.55,406.55,Cash on Delivery,0
T04313,C0363,P0055,2026-03-16 02:10:54,3,281.26,843.78,Card,0
T04314,C1209,P0138,2026-06-08 11:14:44,1,309.85,309.85,Mobile Money,1
T04315,C1136,P0065,2025-09-11 07:40:06,1,318.6,318.6,Cash on Delivery,0
T04316,C1320,P0007,2025-09-29 16:46:16,4,95.79,383.16,Card,0
T04317,C0001,P0178,2025-12-13 09:48:11,2,473.89,947.78,Mobile Money,0
T04318,C1695,P0148,2025-11-01 20:34:22,4,54.89,219.56,Card,0
T04319,C1804,P0068,2025-08-08 01:15:43,2,166.35,332.7,Cash on Delivery,0
T04320,C1662,P0150,2025-12-04 15:52:16,1,162.89,162.89,Cash on Delivery,1
T04321,C0629,P0001,2025-06-25 11:47:14,3,190.4,571.2,Mobile Money,0
T04322,C1725,P0149,2026-03-29 19:48:51,1,311.04,311.04,Card,0
T04323,C1129,P0141,2025-07-08 18:04:50,1,343.56,343.56,Mobile Money,0
T04324,C1305,P0161,2026-03-13 08:47:30,2,250.8,501.6,Cash on Delivery,0
T04325,C1637,P0151,2026-01-29 04:57:34,4,173.61,694.44,Cash on Delivery,0
T04326,C1382,P0026,2025-10-06 15:47:19,4,295.44,1181.76,Cash on Delivery,1
T04327,C1227,P0163,2025-07-08 20:21:17,1,479.48,479.48,Mobile Money,0
T04328,C0916,P0100,2025-10-19 16:25:22,1,42.3,42.3,Mobile Money,0
T04329,C0324,P0001,2026-04-14 17:25:44,2,190.4,380.8,Card,0
T04330,C1386,P0023,2026-05-02 13:43:10,3,461.33,1383.99,Mobile Money,1
T04331,C1086,P0150,2026-06-01 02:07:29,3,162.89,488.67,Mobile Money,0
T04332,C1604,P0129,2025-09-02 03:14:24,3,467.63,1402.89,Card,0
T04333,C0897,P0147,2025-12-27 12:10:06,2,107.31,214.62,Card,0
T04334,C0639,P0048,2025-07-11 01:12:54,3,446.82,1340.46,Cash on Delivery,1
T04335,C1430,P0180,2026-03-04 01:02:22,1,389.69,389.69,Card,0
T04336,C1158,P0050,2025-09-01 03:53:32,2,117.83,235.66,Card,1
T04337,C0993,P0192,2025-10-21 19:56:14,1,112.32,112.32,Card,0
T04338,C0421,P0147,2026-02-05 12:58:49,3,107.31,321.93,Cash on Delivery,1
T04339,C0188,P0063,2025-09-02 09:13:57,1,382.0,382.0,Cash on Delivery,0
T04340,C0304,P0162,2026-02-10 23:07:06,1,448.28,448.28,Mobile Money,0
T04341,C0917,P0089,2026-04-28 06:45:03,3,51.37,154.11,Mobile Money,1
T04342,C1060,P0162,2026-03-27 09:53:26,2,448.28,896.56,Cash on Delivery,0
T04343,C0047,P0151,2025-08-22 19:46:35,1,173.61,173.61,Cash on Delivery,0
T04344,C0231,P0172,2025-11-25 08:16:47,4,75.78,303.12,Mobile Money,0
T04345,C1725,P0027,2025-10-29 08:18:40,2,273.63,547.26,Mobile Money,0
T04346,C0820,P0165,2025-06-08 16:06:08,4,243.85,975.4,Mobile Money,0
T04347,C1598,P0075,2025-11-21 11:33:27,4,279.82,1119.28,Card,0
T04348,C1104,P0066,2026-02-15 02:42:32,4,400.18,1600.72,Mobile Money,0
T04349,C1956,P0140,2025-08-23 14:48:58,4,254.05,1016.2,Cash on Delivery,0
T04350,C0766,P0130,2025-10-26 01:41:59,1,370.26,370.26,Card,1
T04351,C0029,P0190,2026-04-17 09:54:02,4,459.96,1839.84,Cash on Delivery,0
T04352,C0799,P0087,2025-07-29 23:48:55,4,374.51,1498.04,Cash on Delivery,0
T04353,C1463,P0083,2026-04-25 20:47:28,3,333.43,1000.29,Card,0
T04354,C0977,P0033,2025-09-04 19:37:27,4,432.24,1728.96,Cash on Delivery,0
T04355,C1940,P0180,2026-03-22 07:08:02,4,389.69,1558.76,Mobile Money,1
T04356,C0643,P0073,2026-05-18 23:37:03,2,462.72,925.44,Mobile Money,0
T04357,C0018,P0182,2025-07-22 00:19:09,2,248.85,497.7,Card,0
T04358,C1031,P0126,2025-10-22 12:15:33,3,349.51,1048.53,Cash on Delivery,0
T04359,C0508,P0163,2025-07-22 20:49:20,4,479.48,1917.92,Mobile Money,1
T04360,C0511,P0114,2025-12-08 06:21:02,4,22.79,91.16,Mobile Money,1
T04361,C1897,P0084,2025-10-15 05:02:16,3,156.16,468.48,Cash on Delivery,0
T04362,C0093,P0102,2025-12-29 22:49:46,1,189.48,189.48,Cash on Delivery,0
T04363,C0493,P0060,2026-03-27 15:07:24,2,175.81,351.62,Mobile Money,0
T04364,C0989,P0024,2026-05-05 03:34:59,1,262.81,262.81,Card,0
T04365,C0167,P0109,2026-02-25 06:42:03,4,434.2,1736.8,Cash on Delivery,0
T04366,C1205,P0140,2025-10-01 06:05:08,2,254.05,508.1,Cash on Delivery,0
T04367,C0606,P0064,2025-07-20 04:35:09,4,402.55,1610.2,Mobile Money,0
T04368,C1819,P0133,2025-07-16 01:30:14,4,174.23,696.92,Cash on Delivery,0
T04369,C0816,P0132,2026-04-14 04:33:13,4,181.21,724.84,Cash on Delivery,0
T04370,C1536,P0136,2025-06-28 20:10:55,1,248.35,248.35,Card,1
T04371,C0963,P0174,2026-02-18 11:35:45,4,351.98,1407.92,Mobile Money,1
T04372,C1314,P0052,2025-08-04 11:49:55,4,257.82,1031.28,Card,0
T04373,C1813,P0190,2025-08-22 23:22:32,1,459.96,459.96,Mobile Money,0
T04374,C0882,P0024,2025-08-30 04:26:09,4,262.81,1051.24,Card,0
T04375,C0359,P0169,2025-12-02 23:05:38,1,465.81,465.81,Cash on Delivery,1
T04376,C1550,P0134,2025-09-28 09:35:40,4,25.16,100.64,Cash on Delivery,1
T04377,C0101,P0178,2026-05-13 12:31:58,2,473.89,947.78,Card,0
T04378,C1485,P0180,2026-04-17 11:02:30,4,389.69,1558.76,Mobile Money,0
T04379,C0883,P0001,2026-04-13 07:25:30,4,190.4,761.6,Cash on Delivery,0
T04380,C1061,P0106,2026-04-21 13:25:09,4,164.66,658.64,Cash on Delivery,0
T04381,C0259,P0198,2026-03-16 12:25:30,4,118.55,474.2,Cash on Delivery,0
T04382,C0309,P0155,2025-07-26 11:59:06,2,214.62,429.24,Mobile Money,0
T04383,C0625,P0100,2026-04-02 05:05:58,1,42.3,42.3,Card,1
T04384,C0679,P0110,2025-12-31 13:45:29,3,253.25,759.75,Cash on Delivery,0
T04385,C0742,P0004,2025-07-13 09:54:06,1,170.19,170.19,Mobile Money,0
T04386,C1056,P0139,2026-02-02 03:15:51,4,134.14,536.56,Cash on Delivery,0
T04387,C0811,P0155,2025-11-01 16:15:45,4,214.62,858.48,Card,1
T04388,C1260,P0177,2025-12-06 14:43:07,4,432.25,1729.0,Mobile Money,0
T04389,C1835,P0093,2026-05-09 22:46:50,1,290.57,290.57,Cash on Delivery,0
T04390,C0925,P0131,2026-02-14 12:18:39,3,366.37,1099.11,Card,0
T04391,C1141,P0085,2025-11-02 09:20:10,3,327.72,983.16,Cash on Delivery,1
T04392,C1495,P0176,2026-05-01 13:29:59,2,46.99,93.98,Mobile Money,0
T04393,C0920,P0167,2026-04-01 10:39:42,1,279.08,279.08,Card,1
T04394,C0597,P0020,2026-05-10 01:38:09,3,107.93,323.79,Card,1
T04395,C0204,P0117,2025-12-02 15:25:41,2,155.12,310.24,Cash on Delivery,0
T04396,C0727,P0146,2026-03-20 05:12:50,4,196.12,784.48,Mobile Money,0
T04397,C1321,P0105,2026-04-01 00:06:06,1,74.34,74.34,Mobile Money,1
T04398,C1511,P0100,2026-03-15 08:14:49,1,42.3,42.3,Mobile Money,1
T04399,C0248,P0106,2026-02-12 03:37:34,3,164.66,493.98,Cash on Delivery,0
T04400,C1420,P0184,2026-04-03 07:57:44,2,63.18,126.36,Mobile Money,0
T04401,C0356,P0144,2025-07-19 09:25:03,3,197.14,591.42,Card,1
T04402,C1365,P0145,2026-05-20 00:19:44,1,406.55,406.55,Card,1
T04403,C1567,P0119,2026-05-30 13:07:03,1,482.8,482.8,Cash on Delivery,0
T04404,C1563,P0109,2025-08-14 07:53:52,3,434.2,1302.6,Card,0
T04405,C0529,P0087,2025-11-19 07:40:02,4,374.51,1498.04,Mobile Money,0
T04406,C0220,P0011,2025-07-23 18:54:52,1,393.66,393.66,Mobile Money,0
T04407,C1577,P0082,2025-12-14 00:43:10,1,292.44,292.44,Cash on Delivery,0
T04408,C1061,P0020,2025-11-25 01:33:51,3,107.93,323.79,Card,0
T04409,C0039,P0126,2025-11-20 05:21:09,4,349.51,1398.04,Cash on Delivery,1
T04410,C1088,P0109,2026-03-10 07:50:36,1,434.2,434.2,Cash on Delivery,1
T04411,C0032,P0175,2026-01-17 21:29:35,3,446.49,1339.47,Card,0
T04412,C1915,P0177,2025-11-06 03:49:14,1,432.25,432.25,Mobile Money,1
T04413,C0482,P0019,2026-01-07 06:37:44,2,332.95,665.9,Cash on Delivery,0
T04414,C0089,P0067,2025-12-24 03:00:45,3,97.33,291.99,Mobile Money,0
T04415,C1073,P0060,2025-06-30 04:41:48,3,175.81,527.43,Mobile Money,0
T04416,C1597,P0143,2025-12-26 15:14:46,4,320.02,1280.08,Cash on Delivery,0
T04417,C0207,P0171,2026-05-13 06:43:37,3,275.23,825.69,Cash on Delivery,1
T04418,C0029,P0005,2025-07-03 00:04:37,3,15.19,45.57,Mobile Money,0
T04419,C1861,P0190,2026-03-01 00:45:34,4,459.96,1839.84,Mobile Money,0
T04420,C0946,P0150,2025-08-08 13:52:00,1,162.89,162.89,Card,0
T04421,C1967,P0116,2026-01-16 18:08:38,1,20.1,20.1,Card,0
T04422,C0080,P0110,2025-07-22 18:45:11,1,253.25,253.25,Card,0
T04423,C0660,P0100,2026-03-03 23:24:08,1,42.3,42.3,Card,0
T04424,C1814,P0114,2025-06-28 03:25:10,2,22.79,45.58,Mobile Money,0
T04425,C0344,P0137,2026-02-17 19:28:44,4,235.01,940.04,Cash on Delivery,1
T04426,C0995,P0033,2025-08-26 04:00:00,1,432.24,432.24,Card,0
T04427,C1384,P0070,2025-10-15 04:17:19,1,52.61,52.61,Cash on Delivery,0
T04428,C0400,P0158,2025-10-02 18:55:54,2,465.72,931.44,Mobile Money,1
T04429,C1106,P0193,2025-08-09 17:44:39,2,315.64,631.28,Mobile Money,0
T04430,C1806,P0086,2025-06-15 12:14:42,2,13.95,27.9,Cash on Delivery,0
T04431,C0049,P0184,2025-11-18 21:25:35,1,63.18,63.18,Card,0
T04432,C1460,P0050,2025-11-04 04:18:28,4,117.83,471.32,Cash on Delivery,1
T04433,C0231,P0023,2026-02-21 19:02:04,2,461.33,922.66,Cash on Delivery,1
T04434,C1453,P0199,2025-07-27 15:58:43,3,487.33,1461.99,Card,0
T04435,C0284,P0115,2025-11-02 08:17:38,2,491.01,982.02,Mobile Money,0
T04436,C1209,P0020,2026-04-02 16:06:57,1,107.93,107.93,Mobile Money,1
T04437,C0097,P0121,2026-02-22 02:26:27,4,351.26,1405.04,Cash on Delivery,0
T04438,C0365,P0187,2025-12-10 16:19:13,3,115.68,347.04,Cash on Delivery,1
T04439,C1008,P0026,2025-11-21 03:53:43,3,295.44,886.32,Cash on Delivery,0
T04440,C0458,P0106,2026-03-19 08:34:25,1,164.66,164.66,Mobile Money,0
T04441,C0142,P0062,2025-08-21 01:37:02,2,278.68,557.36,Cash on Delivery,0
T04442,C1000,P0139,2025-10-05 07:28:18,3,134.14,402.42,Mobile Money,0
T04443,C0487,P0012,2026-05-23 11:55:51,3,491.7,1475.1,Card,0
T04444,C1184,P0110,2025-06-25 16:17:52,3,253.25,759.75,Mobile Money,0
T04445,C0705,P0014,2026-03-10 13:22:15,4,11.57,46.28,Card,0
T04446,C0572,P0155,2026-04-30 23:10:12,1,214.62,214.62,Card,0
T04447,C1335,P0043,2025-06-27 01:41:19,1,128.4,128.4,Card,0
T04448,C1752,P0109,2025-07-09 08:56:02,1,434.2,434.2,Cash on Delivery,0
T04449,C0234,P0163,2026-04-02 12:12:48,3,479.48,1438.44,Cash on Delivery,0
T04450,C0351,P0160,2026-04-30 08:51:02,3,56.05,168.15,Card,1
T04451,C0028,P0167,2026-01-16 15:16:15,4,279.08,1116.32,Cash on Delivery,0
T04452,C1622,P0003,2026-01-22 05:57:44,4,82.22,328.88,Cash on Delivery,0
T04453,C1974,P0108,2026-04-06 01:46:02,2,151.77,303.54,Card,0
T04454,C0876,P0170,2026-01-31 01:07:31,1,277.02,277.02,Mobile Money,0
T04455,C1235,P0015,2026-02-24 23:36:19,2,405.16,810.32,Card,1
T04456,C1469,P0062,2025-07-02 13:57:03,3,278.68,836.04,Mobile Money,1
T04457,C0697,P0026,2025-10-15 10:09:58,1,295.44,295.44,Card,0
T04458,C1090,P0148,2025-08-09 22:06:39,3,54.89,164.67,Cash on Delivery,0
T04459,C1852,P0149,2025-10-09 23:54:50,3,311.04,933.12,Mobile Money,0
T04460,C1252,P0063,2026-01-08 09:12:41,3,382.0,1146.0,Cash on Delivery,0
T04461,C1380,P0101,2025-09-27 18:33:30,3,426.31,1278.93,Cash on Delivery,0
T04462,C1593,P0139,2025-11-18 01:19:52,3,134.14,402.42,Cash on Delivery,0
T04463,C0468,P0131,2026-03-07 10:50:16,1,366.37,366.37,Cash on Delivery,0
T04464,C0917,P0111,2025-11-14 16:35:33,1,40.12,40.12,Cash on Delivery,0
T04465,C0769,P0112,2025-11-22 06:07:08,2,445.55,891.1,Card,0
T04466,C1649,P0023,2025-08-27 04:06:52,3,461.33,1383.99,Cash on Delivery,0
T04467,C0601,P0152,2025-09-12 09:26:39,3,63.49,190.47,Card,0
T04468,C1530,P0135,2026-03-04 10:01:14,1,91.79,91.79,Cash on Delivery,0
T04469,C1839,P0038,2025-10-01 12:16:25,3,362.26,1086.78,Mobile Money,0
T04470,C1230,P0103,2025-07-13 11:26:39,3,349.53,1048.59,Cash on Delivery,0
T04471,C0259,P0062,2026-03-19 13:02:43,1,278.68,278.68,Card,0
T04472,C1249,P0102,2026-01-14 06:23:27,4,189.48,757.92,Mobile Money,0
T04473,C1952,P0105,2025-10-11 06:58:45,4,74.34,297.36,Mobile Money,0
T04474,C1840,P0100,2025-10-23 22:37:37,2,42.3,84.6,Card,1
T04475,C0573,P0005,2026-01-10 14:30:37,3,15.19,45.57,Cash on Delivery,0
T04476,C1937,P0049,2025-08-05 09:28:17,2,181.37,362.74,Mobile Money,0
T04477,C1471,P0070,2025-12-21 04:41:52,2,52.61,105.22,Mobile Money,0
T04478,C0783,P0189,2026-04-22 20:17:21,3,446.12,1338.36,Mobile Money,1
T04479,C0944,P0001,2026-01-01 16:09:25,1,190.4,190.4,Mobile Money,0
T04480,C0637,P0128,2026-05-06 04:12:11,2,276.87,553.74,Card,0
T04481,C0119,P0158,2026-04-01 08:16:17,3,465.72,1397.16,Card,0
T04482,C0245,P0064,2026-01-06 19:22:29,2,402.55,805.1,Card,0
T04483,C0524,P0057,2026-03-10 20:42:07,4,251.14,1004.56,Card,0
T04484,C1772,P0122,2025-09-15 20:12:45,4,488.05,1952.2,Mobile Money,1
T04485,C0450,P0024,2026-03-14 01:47:54,3,262.81,788.43,Cash on Delivery,0
T04486,C0954,P0001,2025-12-29 06:06:39,1,190.4,190.4,Mobile Money,0
T04487,C1385,P0028,2025-08-31 16:24:27,4,86.81,347.24,Mobile Money,0
T04488,C0443,P0094,2025-09-23 15:50:58,4,118.94,475.76,Card,0
T04489,C0534,P0199,2025-06-12 01:40:49,4,487.33,1949.32,Card,0
T04490,C0202,P0157,2026-05-11 13:25:42,1,128.76,128.76,Cash on Delivery,0
T04491,C0454,P0197,2026-02-22 18:36:07,1,98.12,98.12,Mobile Money,0
T04492,C1103,P0124,2026-01-14 16:08:40,1,222.29,222.29,Card,0
T04493,C1820,P0039,2025-11-19 12:19:43,4,249.43,997.72,Mobile Money,0
T04494,C1691,P0130,2026-04-10 23:24:23,2,370.26,740.52,Mobile Money,0
T04495,C0903,P0149,2026-02-23 03:14:52,3,311.04,933.12,Mobile Money,0
T04496,C1275,P0189,2026-01-28 02:40:50,4,446.12,1784.48,Mobile Money,0
T04497,C1683,P0176,2025-09-01 11:22:53,2,46.99,93.98,Cash on Delivery,0
T04498,C1518,P0073,2025-09-16 17:47:11,4,462.72,1850.88,Cash on Delivery,0
T04499,C0770,P0094,2026-03-27 21:57:51,3,118.94,356.82,Mobile Money,1
T04500,C0498,P0017,2026-01-06 17:53:40,3,65.41,196.23,Card,1
T04501,C0768,P0125,2026-05-19 21:22:46,4,96.25,385.0,Mobile Money,0
T04502,C0590,P0131,2026-04-02 04:15:35,1,366.37,366.37,Card,0
T04503,C0362,P0079,2025-06-16 07:54:46,3,449.07,1347.21,Card,1
T04504,C1140,P0105,2026-05-27 12:10:10,2,74.34,148.68,Card,0
T04505,C1075,P0055,2026-01-19 02:30:41,4,281.26,1125.04,Card,0
T04506,C0254,P0074,2025-06-13 07:31:24,1,118.13,118.13,Card,0
T04507,C0993,P0061,2025-07-28 23:19:34,3,76.72,230.16,Mobile Money,0
T04508,C1887,P0141,2025-12-30 04:19:28,1,343.56,343.56,Cash on Delivery,0
T04509,C0970,P0080,2025-11-19 23:00:44,3,444.45,1333.35,Card,0
T04510,C1366,P0048,2025-06-10 06:21:56,1,446.82,446.82,Card,1
T04511,C0228,P0070,2026-02-07 12:03:04,3,52.61,157.83,Card,0
T04512,C1616,P0010,2026-06-02 15:01:55,1,487.01,487.01,Cash on Delivery,0
T04513,C0445,P0013,2026-01-26 21:01:20,3,305.73,917.19,Mobile Money,0
T04514,C1348,P0058,2025-08-02 02:32:54,4,498.88,1995.52,Cash on Delivery,0
T04515,C0157,P0084,2025-10-08 11:08:12,2,156.16,312.32,Card,0
T04516,C1599,P0144,2026-01-15 01:37:45,3,197.14,591.42,Cash on Delivery,0
T04517,C1431,P0175,2026-06-01 07:55:55,3,446.49,1339.47,Card,0
T04518,C0798,P0158,2025-07-21 05:53:04,1,465.72,465.72,Cash on Delivery,0
T04519,C1560,P0067,2025-09-15 00:55:46,4,97.33,389.32,Mobile Money,0
T04520,C0362,P0101,2026-03-09 10:17:37,1,426.31,426.31,Mobile Money,0
T04521,C0008,P0101,2025-10-08 19:51:19,4,426.31,1705.24,Cash on Delivery,1
T04522,C0096,P0172,2025-07-26 17:12:44,4,75.78,303.12,Cash on Delivery,0
T04523,C0608,P0162,2026-01-17 22:59:06,3,448.28,1344.84,Cash on Delivery,0
T04524,C1282,P0050,2025-09-26 13:43:08,1,117.83,117.83,Cash on Delivery,0
T04525,C1489,P0182,2025-08-09 10:46:54,4,248.85,995.4,Cash on Delivery,0
T04526,C0898,P0102,2025-11-11 04:47:42,1,189.48,189.48,Cash on Delivery,0
T04527,C0710,P0072,2025-12-07 11:32:21,2,339.47,678.94,Card,0
T04528,C0965,P0137,2026-01-01 22:04:46,1,235.01,235.01,Cash on Delivery,0
T04529,C1934,P0103,2025-12-06 03:31:26,1,349.53,349.53,Card,0
T04530,C1188,P0027,2025-12-23 00:19:06,1,273.63,273.63,Card,0
T04531,C0463,P0093,2026-03-22 12:48:59,4,290.57,1162.28,Card,0
T04532,C1528,P0100,2026-03-29 17:19:24,3,42.3,126.9,Card,1
T04533,C1914,P0117,2026-01-11 01:34:36,3,155.12,465.36,Mobile Money,0
T04534,C0798,P0110,2025-08-14 13:50:06,1,253.25,253.25,Mobile Money,1
T04535,C1091,P0019,2025-10-07 00:14:49,2,332.95,665.9,Card,0
T04536,C0515,P0050,2025-08-12 21:58:07,4,117.83,471.32,Card,0
T04537,C0155,P0066,2026-01-01 13:58:31,2,400.18,800.36,Mobile Money,0
T04538,C0111,P0106,2025-10-17 02:09:17,4,164.66,658.64,Cash on Delivery,0
T04539,C1792,P0040,2025-11-23 20:17:34,1,59.89,59.89,Mobile Money,0
T04540,C1675,P0018,2025-11-04 23:18:41,3,90.82,272.46,Cash on Delivery,0
T04541,C0345,P0167,2025-08-25 13:01:57,3,279.08,837.24,Mobile Money,0
T04542,C0569,P0135,2025-11-26 00:29:11,3,91.79,275.37,Mobile Money,0
T04543,C0645,P0130,2026-04-27 19:19:12,2,370.26,740.52,Mobile Money,0
T04544,C0452,P0082,2025-12-25 20:44:12,4,292.44,1169.76,Card,0
T04545,C0631,P0088,2026-03-17 15:52:46,1,361.87,361.87,Cash on Delivery,0
T04546,C0737,P0085,2026-04-12 14:38:29,1,327.72,327.72,Mobile Money,0
T04547,C1816,P0148,2026-01-14 22:06:15,1,54.89,54.89,Mobile Money,0
T04548,C1717,P0030,2025-08-17 01:22:05,4,11.97,47.88,Cash on Delivery,0
T04549,C0135,P0179,2025-11-14 17:16:24,1,178.36,178.36,Card,0
T04550,C1911,P0170,2026-01-10 20:22:16,3,277.02,831.06,Card,0
T04551,C1737,P0034,2026-05-01 18:37:15,3,52.23,156.69,Cash on Delivery,0
T04552,C0822,P0117,2026-03-02 09:06:24,4,155.12,620.48,Cash on Delivery,1
T04553,C0027,P0029,2025-06-19 17:11:53,2,387.26,774.52,Mobile Money,0
T04554,C0933,P0013,2025-09-01 23:46:33,2,305.73,611.46,Mobile Money,0
T04555,C1487,P0189,2025-07-16 13:41:44,4,446.12,1784.48,Cash on Delivery,0
T04556,C1672,P0021,2025-12-25 09:25:28,3,484.94,1454.82,Card,0
T04557,C0467,P0070,2026-01-31 04:16:17,1,52.61,52.61,Card,0
T04558,C1249,P0145,2026-04-22 16:36:05,2,406.55,813.1,Cash on Delivery,1
T04559,C0618,P0141,2025-06-17 12:56:21,3,343.56,1030.68,Card,0
T04560,C0458,P0012,2026-05-20 12:41:19,2,491.7,983.4,Card,0
T04561,C0663,P0128,2025-08-15 00:47:59,1,276.87,276.87,Cash on Delivery,0
T04562,C1920,P0193,2025-12-20 14:45:51,1,315.64,315.64,Mobile Money,0
T04563,C0538,P0180,2026-02-05 01:55:13,1,389.69,389.69,Card,0
T04564,C1369,P0015,2026-03-07 16:27:58,2,405.16,810.32,Card,1
T04565,C0922,P0065,2026-01-02 02:08:43,3,318.6,955.8,Cash on Delivery,0
T04566,C1432,P0021,2026-04-21 08:55:02,1,484.94,484.94,Mobile Money,0
T04567,C1296,P0016,2026-03-30 21:25:41,4,119.29,477.16,Cash on Delivery,0
T04568,C1970,P0042,2025-09-29 10:43:20,4,283.82,1135.28,Cash on Delivery,1
T04569,C0637,P0041,2025-10-19 01:51:14,4,20.56,82.24,Card,1
T04570,C0715,P0152,2025-07-23 02:14:12,1,63.49,63.49,Card,0
T04571,C1578,P0079,2026-01-22 08:56:24,2,449.07,898.14,Card,0
T04572,C1145,P0169,2026-03-17 07:21:33,1,465.81,465.81,Cash on Delivery,0
T04573,C1296,P0131,2025-11-05 04:03:36,3,366.37,1099.11,Card,0
T04574,C0473,P0044,2026-03-03 06:50:44,1,105.52,105.52,Mobile Money,1
T04575,C0633,P0158,2025-07-02 09:38:20,3,465.72,1397.16,Mobile Money,0
T04576,C0973,P0165,2025-11-22 15:51:14,4,243.85,975.4,Mobile Money,0
T04577,C0538,P0024,2026-05-02 04:27:26,2,262.81,525.62,Mobile Money,0
T04578,C0638,P0058,2025-08-12 14:18:42,1,498.88,498.88,Card,0
T04579,C0540,P0189,2025-08-22 18:19:12,3,446.12,1338.36,Cash on Delivery,0
T04580,C1152,P0135,2026-03-09 15:53:40,1,91.79,91.79,Mobile Money,0
T04581,C0421,P0094,2026-01-16 13:01:08,3,118.94,356.82,Cash on Delivery,0
T04582,C1029,P0016,2025-10-10 07:39:06,4,119.29,477.16,Mobile Money,0
T04583,C0243,P0157,2025-09-17 22:48:59,4,128.76,515.04,Mobile Money,1
T04584,C0420,P0151,2025-08-17 08:55:33,2,173.61,347.22,Card,0
T04585,C1841,P0185,2025-09-02 01:07:11,1,342.11,342.11,Cash on Delivery,1
T04586,C0695,P0169,2026-06-04 17:10:00,4,465.81,1863.24,Card,0
T04587,C1690,P0098,2025-12-12 06:57:52,3,476.77,1430.31,Mobile Money,0
T04588,C1140,P0037,2025-10-17 20:28:15,1,64.2,64.2,Card,0
T04589,C1312,P0017,2025-07-17 15:04:09,4,65.41,261.64,Mobile Money,0
T04590,C0025,P0156,2026-02-19 06:51:38,1,495.3,495.3,Mobile Money,0
T04591,C0317,P0175,2026-04-16 03:21:20,2,446.49,892.98,Cash on Delivery,0
T04592,C0358,P0126,2025-06-25 01:43:56,4,349.51,1398.04,Mobile Money,0
T04593,C0690,P0020,2025-12-30 06:27:35,1,107.93,107.93,Card,1
T04594,C0559,P0088,2025-07-22 08:34:53,3,361.87,1085.61,Mobile Money,1
T04595,C0439,P0200,2026-03-09 09:39:22,3,270.37,811.11,Card,0
T04596,C1733,P0039,2025-10-15 08:56:40,2,249.43,498.86,Card,0
T04597,C0143,P0175,2026-05-12 09:39:20,1,446.49,446.49,Mobile Money,0
T04598,C1489,P0100,2026-02-21 08:35:20,1,42.3,42.3,Cash on Delivery,1
T04599,C0877,P0001,2026-02-12 06:35:38,4,190.4,761.6,Cash on Delivery,0
T04600,C0919,P0082,2025-10-06 04:31:14,2,292.44,584.88,Mobile Money,0
T04601,C1082,P0018,2025-09-10 06:01:59,1,90.82,90.82,Mobile Money,0
T04602,C0878,P0126,2026-05-23 21:05:42,1,349.51,349.51,Card,1
T04603,C1759,P0052,2025-06-29 00:10:53,4,257.82,1031.28,Cash on Delivery,1
T04604,C0269,P0046,2025-10-14 23:14:02,3,314.06,942.18,Cash on Delivery,0
T04605,C1347,P0096,2026-05-24 15:30:49,1,497.3,497.3,Cash on Delivery,0
T04606,C1717,P0061,2025-12-23 06:24:11,1,76.72,76.72,Card,0
T04607,C0089,P0133,2025-07-26 07:39:54,4,174.23,696.92,Cash on Delivery,1
T04608,C0005,P0173,2025-06-25 21:50:50,4,434.1,1736.4,Cash on Delivery,0
T04609,C0204,P0101,2025-07-17 21:29:22,3,426.31,1278.93,Mobile Money,0
T04610,C0471,P0162,2025-07-21 09:21:02,1,448.28,448.28,Cash on Delivery,0
T04611,C0063,P0190,2025-12-31 00:29:13,1,459.96,459.96,Cash on Delivery,0
T04612,C0540,P0044,2026-01-01 20:18:51,3,105.52,316.56,Cash on Delivery,0
T04613,C1707,P0198,2026-04-26 16:57:59,1,118.55,118.55,Card,0
T04614,C1233,P0030,2026-02-17 18:33:37,2,11.97,23.94,Cash on Delivery,0
T04615,C1081,P0063,2026-01-16 04:39:46,1,382.0,382.0,Cash on Delivery,1
T04616,C1457,P0064,2025-11-23 23:26:22,4,402.55,1610.2,Mobile Money,1
T04617,C1784,P0052,2026-01-21 21:09:58,3,257.82,773.46,Mobile Money,0
T04618,C1131,P0141,2026-05-06 01:44:14,1,343.56,343.56,Card,0
T04619,C1018,P0109,2026-03-19 14:47:45,4,434.2,1736.8,Mobile Money,0
T04620,C1070,P0045,2025-10-24 05:30:32,4,148.43,593.72,Cash on Delivery,1
T04621,C1193,P0077,2026-06-06 05:54:11,1,450.71,450.71,Cash on Delivery,0
T04622,C1737,P0046,2026-05-08 14:16:12,1,314.06,314.06,Cash on Delivery,1
T04623,C0268,P0196,2025-07-21 13:39:19,4,57.84,231.36,Cash on Delivery,0
T04624,C1774,P0088,2025-09-24 08:53:10,1,361.87,361.87,Cash on Delivery,0
T04625,C0870,P0073,2025-12-03 17:41:28,3,462.72,1388.16,Mobile Money,0
T04626,C1082,P0099,2026-05-07 14:16:22,1,483.49,483.49,Cash on Delivery,0
T04627,C0803,P0128,2025-11-16 10:37:14,1,276.87,276.87,Mobile Money,0
T04628,C0578,P0174,2026-05-02 12:47:38,4,351.98,1407.92,Cash on Delivery,1
T04629,C1834,P0172,2026-02-10 20:50:31,2,75.78,151.56,Mobile Money,1
T04630,C0372,P0077,2026-05-17 13:00:54,2,450.71,901.42,Card,1
T04631,C1555,P0160,2026-02-01 20:42:07,4,56.05,224.2,Cash on Delivery,0
T04632,C1849,P0022,2026-02-20 03:30:44,1,200.6,200.6,Cash on Delivery,0
T04633,C1456,P0011,2025-07-05 05:50:35,2,393.66,787.32,Card,0
T04634,C0140,P0019,2025-10-28 19:38:08,3,332.95,998.85,Card,0
T04635,C1848,P0067,2025-07-22 04:25:38,3,97.33,291.99,Cash on Delivery,1
T04636,C0261,P0018,2026-03-19 23:14:39,1,90.82,90.82,Mobile Money,1
T04637,C0974,P0112,2025-08-06 14:19:53,4,445.55,1782.2,Cash on Delivery,0
T04638,C0579,P0115,2025-10-03 05:31:14,2,491.01,982.02,Card,0
T04639,C1844,P0070,2025-08-25 11:55:56,4,52.61,210.44,Cash on Delivery,1
T04640,C1979,P0127,2025-12-21 10:23:58,3,458.03,1374.09,Card,1
T04641,C1104,P0154,2025-09-27 03:35:16,1,402.72,402.72,Mobile Money,0
T04642,C0623,P0176,2025-08-15 23:16:17,1,46.99,46.99,Mobile Money,0
T04643,C1669,P0053,2025-08-14 00:59:49,1,347.76,347.76,Mobile Money,1
T04644,C0189,P0116,2026-01-21 03:58:17,4,20.1,80.4,Cash on Delivery,0
T04645,C0103,P0021,2025-07-10 05:03:36,1,484.94,484.94,Mobile Money,0
T04646,C1940,P0107,2025-06-19 04:55:07,3,352.73,1058.19,Card,0
T04647,C0173,P0186,2025-11-01 09:19:00,1,241.47,241.47,Card,0
T04648,C0999,P0150,2025-11-09 08:57:52,1,162.89,162.89,Mobile Money,0
T04649,C1215,P0075,2025-06-20 12:34:42,2,279.82,559.64,Cash on Delivery,0
T04650,C0225,P0158,2025-08-30 12:51:14,3,465.72,1397.16,Cash on Delivery,0
T04651,C1978,P0172,2025-11-09 06:14:31,3,75.78,227.34,Card,0
T04652,C0134,P0193,2026-01-13 02:18:00,4,315.64,1262.56,Cash on Delivery,0
T04653,C0075,P0037,2026-03-02 05:49:31,1,64.2,64.2,Cash on Delivery,0
T04654,C0459,P0183,2026-01-02 13:11:12,1,287.88,287.88,Card,1
T04655,C0627,P0187,2025-09-20 11:08:47,2,115.68,231.36,Cash on Delivery,0
T04656,C1269,P0153,2025-10-14 15:59:52,3,468.64,1405.92,Mobile Money,1
T04657,C0673,P0077,2026-03-09 12:37:47,2,450.71,901.42,Card,0
T04658,C1013,P0013,2025-10-07 17:00:42,2,305.73,611.46,Cash on Delivery,0
T04659,C1940,P0186,2025-10-17 04:03:28,4,241.47,965.88,Cash on Delivery,0
T04660,C0626,P0017,2026-06-05 18:22:34,3,65.41,196.23,Cash on Delivery,0
T04661,C0680,P0152,2025-09-25 09:59:39,2,63.49,126.98,Mobile Money,0
T04662,C1742,P0032,2025-12-18 07:57:16,1,463.52,463.52,Cash on Delivery,0
T04663,C1634,P0165,2026-06-02 04:24:39,2,243.85,487.7,Card,1
T04664,C1913,P0091,2025-11-19 17:49:01,4,199.58,798.32,Cash on Delivery,1
T04665,C1643,P0188,2026-02-26 21:51:58,1,489.06,489.06,Cash on Delivery,0
T04666,C0534,P0186,2026-04-27 01:31:59,3,241.47,724.41,Card,0
T04667,C0085,P0186,2025-09-21 07:59:29,4,241.47,965.88,Mobile Money,1
T04668,C0077,P0080,2025-09-24 21:19:04,1,444.45,444.45,Card,0
T04669,C1457,P0074,2026-01-07 14:01:59,3,118.13,354.39,Mobile Money,0
T04670,C1201,P0121,2025-10-20 05:52:53,1,351.26,351.26,Cash on Delivery,0
T04671,C1991,P0170,2025-11-05 05:53:19,4,277.02,1108.08,Mobile Money,1
T04672,C0082,P0174,2026-03-26 18:34:54,2,351.98,703.96,Card,0
T04673,C1010,P0021,2026-02-10 12:34:54,3,484.94,1454.82,Mobile Money,0
T04674,C0225,P0142,2026-03-09 02:29:11,2,323.0,646.0,Cash on Delivery,0
T04675,C0781,P0009,2025-12-22 05:29:01,2,307.87,615.74,Cash on Delivery,1
T04676,C1879,P0017,2026-03-08 06:54:50,2,65.41,130.82,Cash on Delivery,0
T04677,C1296,P0153,2026-04-04 01:10:01,2,468.64,937.28,Cash on Delivery,0
T04678,C1611,P0024,2025-07-02 15:34:06,3,262.81,788.43,Cash on Delivery,0
T04679,C1895,P0151,2025-08-19 15:53:53,1,173.61,173.61,Cash on Delivery,0
T04680,C0617,P0086,2025-09-27 03:25:47,1,13.95,13.95,Card,0
T04681,C1269,P0042,2025-09-26 16:06:33,4,283.82,1135.28,Cash on Delivery,0
T04682,C1358,P0018,2026-04-08 17:34:20,3,90.82,272.46,Card,0
T04683,C0152,P0092,2025-06-25 08:24:08,3,220.03,660.09,Card,1
T04684,C0676,P0189,2025-11-03 20:42:58,4,446.12,1784.48,Card,1
T04685,C1997,P0126,2025-09-28 19:51:10,3,349.51,1048.53,Card,0
T04686,C0339,P0097,2026-01-26 07:19:32,1,457.86,457.86,Card,1
T04687,C1760,P0047,2025-06-23 00:08:57,4,230.98,923.92,Card,1
T04688,C1278,P0057,2025-11-21 16:30:12,3,251.14,753.42,Mobile Money,0
T04689,C0837,P0151,2025-12-03 04:51:07,3,173.61,520.83,Card,0
T04690,C0170,P0184,2025-07-19 20:38:13,2,63.18,126.36,Mobile Money,0
T04691,C1057,P0146,2025-12-07 20:42:38,3,196.12,588.36,Card,0
T04692,C1281,P0003,2026-02-04 21:30:52,4,82.22,328.88,Card,1
T04693,C1137,P0126,2026-03-29 03:15:50,3,349.51,1048.53,Card,1
T04694,C0342,P0047,2025-12-31 11:59:58,1,230.98,230.98,Mobile Money,1
T04695,C1811,P0048,2026-05-10 05:18:22,4,446.82,1787.28,Card,1
T04696,C1875,P0142,2025-10-15 06:05:01,3,323.0,969.0,Cash on Delivery,0
T04697,C0138,P0065,2026-04-29 18:06:55,2,318.6,637.2,Card,0
T04698,C1094,P0099,2025-08-27 01:37:51,1,483.49,483.49,Mobile Money,0
T04699,C1507,P0043,2026-04-13 16:27:18,2,128.4,256.8,Card,0
T04700,C0771,P0200,2025-12-21 03:47:19,3,270.37,811.11,Card,0
T04701,C1375,P0133,2025-12-04 14:35:26,1,174.23,174.23,Card,0
T04702,C0339,P0078,2026-06-01 03:25:08,1,143.04,143.04,Card,0
T04703,C0596,P0165,2025-08-05 23:05:55,1,243.85,243.85,Cash on Delivery,1
T04704,C0377,P0180,2026-03-02 23:39:31,2,389.69,779.38,Mobile Money,0
T04705,C0481,P0191,2025-12-23 22:53:04,3,484.8,1454.4,Mobile Money,0
T04706,C1770,P0053,2025-12-19 21:08:47,2,347.76,695.52,Card,0
T04707,C0172,P0006,2026-01-11 19:29:50,3,469.58,1408.74,Card,0
T04708,C1334,P0018,2025-08-19 09:07:23,3,90.82,272.46,Cash on Delivery,0
T04709,C0723,P0127,2026-05-15 10:35:25,1,458.03,458.03,Cash on Delivery,1
T04710,C1220,P0025,2025-08-30 06:52:57,3,197.4,592.2,Mobile Money,1
T04711,C1696,P0115,2026-01-08 02:00:40,1,491.01,491.01,Card,0
T04712,C0418,P0155,2026-02-15 02:36:27,3,214.62,643.86,Mobile Money,0
T04713,C1352,P0028,2025-08-17 07:25:53,1,86.81,86.81,Cash on Delivery,0
T04714,C1822,P0085,2025-12-30 02:46:48,2,327.72,655.44,Cash on Delivery,0
T04715,C1106,P0009,2025-07-14 02:12:48,1,307.87,307.87,Cash on Delivery,0
T04716,C0375,P0064,2025-11-01 12:28:55,2,402.55,805.1,Cash on Delivery,0
T04717,C1123,P0022,2025-11-04 04:25:04,3,200.6,601.8,Mobile Money,0
T04718,C1642,P0170,2026-02-12 04:23:51,2,277.02,554.04,Mobile Money,0
T04719,C0777,P0064,2025-07-13 07:13:10,2,402.55,805.1,Mobile Money,0
T04720,C0940,P0126,2025-12-18 05:34:51,3,349.51,1048.53,Card,0
T04721,C0344,P0191,2025-10-23 21:08:20,4,484.8,1939.2,Mobile Money,0
T04722,C1864,P0169,2025-07-13 11:57:56,1,465.81,465.81,Card,1
T04723,C0849,P0050,2025-06-14 00:31:58,4,117.83,471.32,Mobile Money,1
T04724,C0033,P0198,2025-07-28 14:04:52,2,118.55,237.1,Card,0
T04725,C1217,P0063,2026-06-02 07:57:54,1,382.0,382.0,Mobile Money,0
T04726,C1891,P0105,2025-06-16 00:43:20,4,74.34,297.36,Card,0
T04727,C1545,P0006,2025-12-04 17:32:17,3,469.58,1408.74,Mobile Money,0
T04728,C0464,P0101,2026-04-08 21:00:26,1,426.31,426.31,Mobile Money,1
T04729,C0099,P0162,2026-02-10 15:59:34,3,448.28,1344.84,Card,0
T04730,C0727,P0148,2025-10-25 07:15:42,2,54.89,109.78,Cash on Delivery,0
T04731,C1206,P0060,2025-12-07 11:09:50,2,175.81,351.62,Mobile Money,0
T04732,C1582,P0035,2026-04-04 00:14:29,3,165.97,497.91,Card,0
T04733,C0778,P0087,2025-08-28 19:18:06,4,374.51,1498.04,Card,0
T04734,C1064,P0107,2026-01-30 05:00:39,3,352.73,1058.19,Cash on Delivery,1
T04735,C1143,P0127,2025-07-09 13:55:53,3,458.03,1374.09,Mobile Money,0
T04736,C1228,P0073,2025-10-02 20:01:31,4,462.72,1850.88,Mobile Money,0
T04737,C1167,P0096,2025-11-20 14:01:08,3,497.3,1491.9,Mobile Money,0
T04738,C0884,P0115,2025-08-22 20:25:29,4,491.01,1964.04,Mobile Money,0
T04739,C1938,P0133,2026-01-09 21:17:19,4,174.23,696.92,Cash on Delivery,0
T04740,C0259,P0021,2026-05-01 14:19:11,3,484.94,1454.82,Mobile Money,0
T04741,C0847,P0046,2026-03-13 00:01:49,2,314.06,628.12,Mobile Money,0
T04742,C1077,P0127,2025-08-19 06:02:01,1,458.03,458.03,Cash on Delivery,0
T04743,C1557,P0148,2025-11-23 17:01:38,3,54.89,164.67,Card,0
T04744,C1751,P0090,2026-02-21 09:38:23,1,128.98,128.98,Card,1
T04745,C0665,P0113,2026-05-25 06:04:08,3,291.54,874.62,Cash on Delivery,0
T04746,C1418,P0068,2025-09-26 13:24:49,4,166.35,665.4,Mobile Money,0
T04747,C0351,P0195,2025-08-04 02:49:06,3,475.45,1426.35,Mobile Money,1
T04748,C1957,P0137,2025-07-11 14:43:40,1,235.01,235.01,Cash on Delivery,0
T04749,C0245,P0110,2025-12-10 21:12:33,3,253.25,759.75,Mobile Money,0
T04750,C0639,P0038,2026-02-07 04:55:17,4,362.26,1449.04,Card,0
T04751,C0827,P0072,2026-05-08 16:31:16,2,339.47,678.94,Card,0
T04752,C1468,P0185,2025-10-06 09:34:42,2,342.11,684.22,Card,1
T04753,C0814,P0028,2025-09-25 17:27:33,4,86.81,347.24,Cash on Delivery,0
T04754,C0500,P0071,2025-12-02 23:06:28,3,196.43,589.29,Card,0
T04755,C0117,P0183,2026-05-06 17:49:43,2,287.88,575.76,Card,0
T04756,C0204,P0108,2026-05-04 07:22:00,2,151.77,303.54,Mobile Money,0
T04757,C1383,P0095,2025-10-10 09:35:14,3,17.04,51.12,Mobile Money,0
T04758,C0489,P0005,2025-12-13 04:38:19,4,15.19,60.76,Card,0
T04759,C1764,P0157,2025-06-26 11:03:59,3,128.76,386.28,Card,1
T04760,C0172,P0142,2026-04-07 18:36:32,2,323.0,646.0,Card,0
T04761,C1879,P0146,2025-07-11 21:31:28,3,196.12,588.36,Cash on Delivery,0
T04762,C0958,P0097,2026-01-25 17:34:37,3,457.86,1373.58,Cash on Delivery,0
T04763,C0320,P0045,2026-03-27 13:46:38,4,148.43,593.72,Mobile Money,0
T04764,C1689,P0037,2025-11-01 15:43:45,3,64.2,192.6,Cash on Delivery,1
T04765,C1692,P0009,2026-03-09 04:04:07,3,307.87,923.61,Card,1
T04766,C0402,P0137,2025-10-11 05:54:48,4,235.01,940.04,Mobile Money,0
T04767,C0218,P0090,2025-08-17 04:45:01,4,128.98,515.92,Card,1
T04768,C1405,P0074,2025-08-19 00:10:35,2,118.13,236.26,Mobile Money,1
T04769,C0088,P0051,2025-07-06 10:52:29,4,179.52,718.08,Card,0
T04770,C0158,P0176,2025-07-08 14:28:20,4,46.99,187.96,Mobile Money,0
T04771,C0155,P0026,2026-02-19 12:55:47,4,295.44,1181.76,Mobile Money,1
T04772,C0691,P0167,2026-02-06 07:26:10,2,279.08,558.16,Cash on Delivery,0
T04773,C1837,P0073,2026-02-23 22:57:33,2,462.72,925.44,Cash on Delivery,0
T04774,C0275,P0087,2025-08-18 20:28:33,1,374.51,374.51,Card,1
T04775,C1760,P0141,2026-02-10 13:39:38,2,343.56,687.12,Cash on Delivery,0
T04776,C0916,P0113,2025-06-21 11:13:57,2,291.54,583.08,Cash on Delivery,1
T04777,C0382,P0097,2025-09-25 20:52:19,1,457.86,457.86,Mobile Money,0
T04778,C0928,P0078,2026-05-13 02:58:11,3,143.04,429.12,Mobile Money,0
T04779,C0922,P0030,2025-06-12 15:51:50,3,11.97,35.91,Card,0
T04780,C1772,P0082,2025-06-21 23:05:53,1,292.44,292.44,Mobile Money,1
T04781,C0873,P0088,2026-06-07 02:24:21,4,361.87,1447.48,Cash on Delivery,0
T04782,C0630,P0067,2025-12-19 20:17:12,1,97.33,97.33,Card,0
T04783,C0623,P0171,2025-07-13 17:48:17,2,275.23,550.46,Card,0
T04784,C1735,P0144,2025-09-01 02:48:28,2,197.14,394.28,Mobile Money,0
T04785,C1833,P0039,2026-05-01 18:25:44,2,249.43,498.86,Card,0
T04786,C1421,P0031,2026-05-06 14:47:15,1,365.86,365.86,Cash on Delivery,1
T04787,C0221,P0169,2025-11-29 07:18:14,4,465.81,1863.24,Card,0
T04788,C1772,P0156,2026-04-17 16:05:28,3,495.3,1485.9,Mobile Money,0
T04789,C0531,P0064,2025-12-09 17:20:29,1,402.55,402.55,Cash on Delivery,0
T04790,C1224,P0111,2025-07-13 09:57:37,2,40.12,80.24,Card,0
T04791,C1145,P0025,2026-01-13 11:51:05,2,197.4,394.8,Card,1
T04792,C1027,P0099,2026-02-23 17:28:47,2,483.49,966.98,Cash on Delivery,1
T04793,C0445,P0130,2025-06-13 02:12:02,1,370.26,370.26,Card,1
T04794,C0806,P0020,2025-11-24 07:51:23,4,107.93,431.72,Mobile Money,0
T04795,C0358,P0101,2025-08-27 13:27:12,4,426.31,1705.24,Cash on Delivery,0
T04796,C1757,P0036,2026-05-06 03:27:11,2,140.99,281.98,Mobile Money,0
T04797,C1061,P0099,2026-05-05 12:11:22,1,483.49,483.49,Cash on Delivery,0
T04798,C0917,P0054,2025-06-09 23:24:48,1,471.74,471.74,Cash on Delivery,0
T04799,C1108,P0092,2025-09-19 19:03:16,2,220.03,440.06,Card,0
T04800,C1229,P0188,2026-01-05 06:50:08,4,489.06,1956.24,Mobile Money,0
T04801,C0252,P0011,2026-01-06 18:16:50,4,393.66,1574.64,Mobile Money,0
T04802,C1893,P0087,2025-08-28 14:11:26,3,374.51,1123.53,Mobile Money,0
T04803,C0061,P0165,2025-11-11 23:06:38,4,243.85,975.4,Card,0
T04804,C1949,P0067,2025-09-28 04:04:17,2,97.33,194.66,Cash on Delivery,0
T04805,C1863,P0195,2025-12-29 23:04:52,3,475.45,1426.35,Cash on Delivery,0
T04806,C0111,P0067,2026-04-12 03:43:25,4,97.33,389.32,Mobile Money,0
T04807,C0034,P0016,2025-10-08 18:51:39,1,119.29,119.29,Cash on Delivery,0
T04808,C0125,P0044,2025-08-27 06:13:23,1,105.52,105.52,Card,0
T04809,C1742,P0103,2026-02-18 18:51:55,1,349.53,349.53,Cash on Delivery,0
T04810,C1571,P0120,2026-02-15 17:18:45,2,30.58,61.16,Mobile Money,0
T04811,C1782,P0126,2025-07-02 14:39:54,3,349.51,1048.53,Mobile Money,0
T04812,C1333,P0084,2025-06-28 20:10:45,2,156.16,312.32,Card,0
T04813,C1423,P0058,2025-12-14 16:46:31,4,498.88,1995.52,Mobile Money,0
T04814,C1677,P0166,2026-06-05 05:33:08,2,226.98,453.96,Cash on Delivery,0
T04815,C1647,P0111,2025-07-14 19:22:16,3,40.12,120.36,Card,0
T04816,C1089,P0152,2025-10-10 15:00:38,4,63.49,253.96,Cash on Delivery,0
T04817,C0603,P0106,2026-03-05 04:23:16,4,164.66,658.64,Cash on Delivery,0
T04818,C0026,P0146,2026-03-23 00:14:13,2,196.12,392.24,Mobile Money,0
T04819,C1068,P0157,2026-02-14 11:07:08,4,128.76,515.04,Card,0
T04820,C1185,P0090,2026-03-16 02:52:03,1,128.98,128.98,Mobile Money,0
T04821,C1407,P0124,2025-10-06 06:14:53,1,222.29,222.29,Card,0
T04822,C1700,P0113,2026-04-21 02:34:03,3,291.54,874.62,Card,0
T04823,C1037,P0077,2025-11-25 10:30:00,1,450.71,450.71,Cash on Delivery,1
T04824,C1922,P0153,2025-12-26 16:47:14,2,468.64,937.28,Cash on Delivery,0
T04825,C0025,P0088,2025-12-03 02:16:42,4,361.87,1447.48,Card,1
T04826,C0275,P0034,2025-10-16 13:51:59,4,52.23,208.92,Card,0
T04827,C0222,P0114,2026-02-09 13:40:35,2,22.79,45.58,Mobile Money,0
T04828,C1153,P0037,2025-11-04 21:01:51,3,64.2,192.6,Card,1
T04829,C1457,P0060,2026-01-13 04:10:21,3,175.81,527.43,Cash on Delivery,0
T04830,C1272,P0079,2025-10-22 08:03:53,2,449.07,898.14,Card,1
T04831,C1756,P0111,2025-11-20 23:23:42,4,40.12,160.48,Mobile Money,1
T04832,C1368,P0196,2026-02-09 07:52:46,3,57.84,173.52,Mobile Money,0
T04833,C0464,P0040,2026-02-05 19:57:48,2,59.89,119.78,Cash on Delivery,0
T04834,C1215,P0096,2026-05-31 13:53:59,2,497.3,994.6,Card,0
T04835,C1085,P0163,2026-03-27 14:21:02,4,479.48,1917.92,Cash on Delivery,0
T04836,C0460,P0005,2026-01-30 23:41:47,1,15.19,15.19,Card,1
T04837,C1123,P0139,2026-03-29 17:01:08,2,134.14,268.28,Cash on Delivery,1
T04838,C1288,P0168,2026-05-07 00:47:52,1,396.83,396.83,Mobile Money,0
T04839,C1248,P0087,2026-03-27 08:09:12,4,374.51,1498.04,Cash on Delivery,0
T04840,C1722,P0011,2026-02-26 14:29:17,3,393.66,1180.98,Mobile Money,1
T04841,C1968,P0094,2025-10-27 10:44:45,3,118.94,356.82,Mobile Money,0
T04842,C0765,P0141,2026-03-22 03:00:16,2,343.56,687.12,Card,0
T04843,C0451,P0188,2026-02-12 00:34:34,1,489.06,489.06,Mobile Money,0
T04844,C1229,P0007,2025-10-07 11:40:37,3,95.79,287.37,Mobile Money,0
T04845,C0407,P0101,2025-11-05 12:03:06,1,426.31,426.31,Card,0
T04846,C1761,P0051,2025-10-06 04:12:53,3,179.52,538.56,Mobile Money,0
T04847,C1758,P0005,2026-06-01 04:20:16,4,15.19,60.76,Mobile Money,0
T04848,C0893,P0013,2026-03-24 22:10:37,2,305.73,611.46,Card,0
T04849,C0318,P0133,2025-08-08 02:36:53,3,174.23,522.69,Card,0
T04850,C0626,P0129,2026-04-29 17:11:11,2,467.63,935.26,Cash on Delivery,1
T04851,C1908,P0054,2026-04-23 09:00:29,4,471.74,1886.96,Card,0
T04852,C0704,P0131,2025-06-30 14:07:06,3,366.37,1099.11,Card,0
T04853,C0305,P0179,2025-10-04 04:35:41,2,178.36,356.72,Mobile Money,1
T04854,C1269,P0031,2026-03-19 08:57:42,4,365.86,1463.44,Mobile Money,0
T04855,C1232,P0074,2026-02-18 19:31:26,1,118.13,118.13,Cash on Delivery,0
T04856,C0163,P0003,2025-11-13 09:35:53,4,82.22,328.88,Card,0
T04857,C1600,P0085,2025-12-28 11:49:42,4,327.72,1310.88,Mobile Money,0
T04858,C0530,P0160,2026-02-10 04:36:12,2,56.05,112.1,Card,1
T04859,C0998,P0034,2025-09-24 06:56:34,4,52.23,208.92,Mobile Money,0
T04860,C1987,P0067,2025-09-09 00:36:19,1,97.33,97.33,Cash on Delivery,0
T04861,C1216,P0091,2025-06-11 14:24:23,2,199.58,399.16,Card,0
T04862,C1902,P0067,2025-10-13 07:08:21,1,97.33,97.33,Card,0
T04863,C0245,P0167,2026-04-16 03:48:50,2,279.08,558.16,Cash on Delivery,0
T04864,C0915,P0166,2026-04-06 12:35:56,4,226.98,907.92,Card,0
T04865,C0910,P0133,2026-05-23 16:00:37,1,174.23,174.23,Mobile Money,0
T04866,C1088,P0091,2026-06-07 21:10:37,1,199.58,199.58,Card,1
T04867,C1721,P0112,2026-05-15 15:16:36,4,445.55,1782.2,Mobile Money,0
T04868,C0213,P0104,2026-04-18 10:05:12,3,108.41,325.23,Mobile Money,1
T04869,C0856,P0005,2026-05-10 13:54:32,3,15.19,45.57,Cash on Delivery,0
T04870,C1266,P0167,2026-06-07 04:30:26,3,279.08,837.24,Card,0
T04871,C0363,P0024,2025-08-28 19:58:04,4,262.81,1051.24,Mobile Money,0
T04872,C1510,P0050,2026-05-19 14:24:31,1,117.83,117.83,Cash on Delivery,0
T04873,C1707,P0058,2026-02-13 12:29:31,1,498.88,498.88,Card,0
T04874,C0770,P0167,2026-05-22 15:21:05,2,279.08,558.16,Card,0
T04875,C1061,P0063,2025-11-23 23:22:10,4,382.0,1528.0,Card,0
T04876,C0343,P0016,2026-03-23 21:52:39,2,119.29,238.58,Mobile Money,1
T04877,C1563,P0090,2025-07-16 11:51:55,4,128.98,515.92,Card,0
T04878,C0233,P0191,2025-12-27 13:53:33,3,484.8,1454.4,Mobile Money,0
T04879,C0416,P0064,2026-03-20 04:01:30,1,402.55,402.55,Cash on Delivery,0
T04880,C0997,P0137,2025-06-09 00:49:06,3,235.01,705.03,Card,0
T04881,C0744,P0070,2026-01-25 08:32:05,2,52.61,105.22,Card,0
T04882,C0560,P0143,2025-11-10 08:48:42,3,320.02,960.06,Card,0
T04883,C0076,P0094,2026-01-17 04:22:39,2,118.94,237.88,Card,0
T04884,C0313,P0060,2025-06-28 07:18:03,4,175.81,703.24,Card,1
T04885,C1616,P0064,2026-04-13 14:25:38,2,402.55,805.1,Mobile Money,1
T04886,C1206,P0087,2025-09-18 06:39:23,3,374.51,1123.53,Card,1
T04887,C0726,P0187,2025-07-26 11:37:06,4,115.68,462.72,Mobile Money,0
T04888,C0399,P0167,2025-07-15 04:07:20,4,279.08,1116.32,Cash on Delivery,0
T04889,C0924,P0079,2026-05-13 14:54:02,2,449.07,898.14,Mobile Money,0
T04890,C1169,P0036,2026-05-27 03:57:13,2,140.99,281.98,Card,0
T04891,C0983,P0100,2026-03-22 19:29:44,2,42.3,84.6,Card,0
T04892,C1316,P0022,2025-07-12 19:43:46,3,200.6,601.8,Mobile Money,0
T04893,C1962,P0029,2025-08-19 14:12:42,3,387.26,1161.78,Cash on Delivery,0
T04894,C0530,P0160,2025-11-15 16:23:02,2,56.05,112.1,Card,0
T04895,C1314,P0038,2026-03-04 20:37:28,1,362.26,362.26,Card,1
T04896,C0343,P0121,2026-01-24 20:15:13,1,351.26,351.26,Card,1
T04897,C0579,P0160,2026-02-02 08:02:41,2,56.05,112.1,Card,0
T04898,C1579,P0191,2025-07-22 04:51:40,3,484.8,1454.4,Card,0
T04899,C1367,P0123,2025-08-13 15:21:56,2,25.33,50.66,Mobile Money,0
T04900,C0125,P0196,2026-05-29 08:36:56,1,57.84,57.84,Card,0
T04901,C0669,P0096,2025-10-05 00:09:57,2,497.3,994.6,Card,0
T04902,C0503,P0040,2025-07-28 06:00:09,4,59.89,239.56,Card,0
T04903,C1418,P0173,2026-06-03 23:43:14,3,434.1,1302.3,Mobile Money,0
T04904,C0273,P0173,2025-11-23 10:50:23,4,434.1,1736.4,Card,0
T04905,C0913,P0102,2026-03-28 19:47:44,2,189.48,378.96,Card,0
T04906,C1911,P0108,2026-01-14 06:24:09,2,151.77,303.54,Cash on Delivery,0
T04907,C1343,P0166,2025-09-08 19:38:29,1,226.98,226.98,Card,0
T04908,C1353,P0005,2025-06-09 08:54:59,1,15.19,15.19,Mobile Money,0
T04909,C0278,P0124,2026-01-26 06:19:15,4,222.29,889.16,Card,1
T04910,C1571,P0093,2025-08-06 02:43:40,3,290.57,871.71,Mobile Money,0
T04911,C0532,P0055,2026-04-29 02:14:00,4,281.26,1125.04,Card,0
T04912,C0831,P0005,2025-07-30 07:18:46,3,15.19,45.57,Cash on Delivery,0
T04913,C0191,P0032,2026-04-08 15:13:55,3,463.52,1390.56,Mobile Money,0
T04914,C0657,P0074,2025-06-18 16:00:30,4,118.13,472.52,Mobile Money,0
T04915,C1532,P0101,2026-05-25 04:47:28,3,426.31,1278.93,Mobile Money,1
T04916,C1303,P0160,2025-07-18 20:00:06,3,56.05,168.15,Card,0
T04917,C1746,P0188,2026-03-03 10:13:24,1,489.06,489.06,Cash on Delivery,0
T04918,C0106,P0056,2025-09-10 16:07:06,1,486.03,486.03,Mobile Money,0
T04919,C0192,P0069,2026-02-03 17:41:22,2,258.49,516.98,Mobile Money,0
T04920,C0175,P0022,2025-10-28 03:30:03,4,200.6,802.4,Card,0
T04921,C0085,P0002,2025-09-15 14:57:41,3,390.95,1172.85,Mobile Money,0
T04922,C1240,P0180,2025-10-23 22:28:33,4,389.69,1558.76,Card,0
T04923,C1051,P0014,2026-02-19 05:32:52,1,11.57,11.57,Cash on Delivery,0
T04924,C0070,P0152,2025-06-10 09:17:02,4,63.49,253.96,Cash on Delivery,1
T04925,C0765,P0154,2026-05-18 16:17:49,2,402.72,805.44,Card,0
T04926,C1098,P0015,2026-05-19 02:41:35,1,405.16,405.16,Mobile Money,0
T04927,C1779,P0028,2026-04-08 17:40:08,3,86.81,260.43,Cash on Delivery,0
T04928,C1530,P0073,2025-07-04 14:57:13,1,462.72,462.72,Cash on Delivery,1
T04929,C1526,P0010,2025-12-06 18:52:00,4,487.01,1948.04,Mobile Money,0
T04930,C1919,P0062,2025-06-14 10:20:50,4,278.68,1114.72,Mobile Money,0
T04931,C1256,P0006,2025-09-05 03:23:12,2,469.58,939.16,Card,0
T04932,C0528,P0080,2025-09-18 10:52:49,4,444.45,1777.8,Card,1
T04933,C0445,P0038,2025-07-18 00:41:22,1,362.26,362.26,Cash on Delivery,0
T04934,C1107,P0065,2025-08-15 03:04:25,2,318.6,637.2,Mobile Money,1
T04935,C0369,P0178,2025-09-04 21:18:24,1,473.89,473.89,Cash on Delivery,0
T04936,C0908,P0156,2026-01-21 08:25:19,4,495.3,1981.2,Card,0
T04937,C0255,P0070,2026-05-15 16:33:43,3,52.61,157.83,Cash on Delivery,0
T04938,C0561,P0200,2025-08-03 14:10:58,3,270.37,811.11,Cash on Delivery,0
T04939,C0320,P0021,2026-01-31 13:56:22,4,484.94,1939.76,Cash on Delivery,1
T04940,C0032,P0187,2025-09-06 07:24:24,2,115.68,231.36,Cash on Delivery,0
T04941,C1040,P0020,2025-10-06 06:01:48,2,107.93,215.86,Mobile Money,0
T04942,C0173,P0153,2025-08-25 08:05:01,4,468.64,1874.56,Cash on Delivery,0
T04943,C1895,P0137,2026-03-13 06:57:35,3,235.01,705.03,Cash on Delivery,0
T04944,C0936,P0061,2026-05-10 12:03:31,1,76.72,76.72,Card,0
T04945,C0707,P0104,2025-06-22 05:45:13,1,108.41,108.41,Mobile Money,0
T04946,C1205,P0076,2025-08-05 07:27:52,3,498.15,1494.45,Card,0
T04947,C1179,P0132,2025-12-14 22:51:58,3,181.21,543.63,Cash on Delivery,1
T04948,C0760,P0103,2025-06-28 13:14:59,3,349.53,1048.59,Mobile Money,0
T04949,C0427,P0165,2026-05-08 17:21:21,1,243.85,243.85,Mobile Money,0
T04950,C0213,P0165,2026-03-17 12:50:21,4,243.85,975.4,Card,1
T04951,C0157,P0157,2025-10-24 18:20:49,2,128.76,257.52,Cash on Delivery,0
T04952,C0435,P0177,2025-06-16 14:14:41,3,432.25,1296.75,Mobile Money,1
T04953,C0842,P0178,2025-11-11 11:12:06,4,473.89,1895.56,Card,1
T04954,C0312,P0133,2025-09-15 09:08:36,1,174.23,174.23,Card,1
T04955,C0377,P0064,2025-07-22 12:25:50,3,402.55,1207.65,Card,0
T04956,C1041,P0089,2026-04-04 16:59:20,1,51.37,51.37,Mobile Money,1
T04957,C1782,P0097,2025-07-16 07:34:42,3,457.86,1373.58,Cash on Delivery,0
T04958,C0217,P0137,2025-09-27 18:45:57,3,235.01,705.03,Card,0
T04959,C0366,P0196,2026-01-07 20:57:44,1,57.84,57.84,Mobile Money,0
T04960,C1549,P0016,2026-03-07 15:40:54,4,119.29,477.16,Card,0
T04961,C0341,P0078,2026-01-10 17:13:53,2,143.04,286.08,Cash on Delivery,1
T04962,C0119,P0073,2026-01-28 10:32:58,3,462.72,1388.16,Card,0
T04963,C0836,P0169,2026-04-20 18:59:09,1,465.81,465.81,Cash on Delivery,0
T04964,C1397,P0074,2025-11-21 03:12:43,3,118.13,354.39,Card,0
T04965,C1456,P0137,2025-12-06 02:33:38,3,235.01,705.03,Card,0
T04966,C1418,P0177,2025-12-05 17:10:33,2,432.25,864.5,Cash on Delivery,0
T04967,C1103,P0115,2025-10-22 16:46:06,2,491.01,982.02,Cash on Delivery,0
T04968,C0424,P0015,2026-05-22 11:58:01,3,405.16,1215.48,Mobile Money,0
T04969,C1130,P0118,2026-04-29 15:24:01,4,263.51,1054.04,Card,1
T04970,C0630,P0105,2026-05-11 08:02:34,3,74.34,223.02,Card,0
T04971,C0148,P0126,2026-01-22 17:27:54,1,349.51,349.51,Card,1
T04972,C0816,P0098,2026-04-23 11:38:34,2,476.77,953.54,Cash on Delivery,0
T04973,C0901,P0082,2025-07-13 19:34:15,4,292.44,1169.76,Mobile Money,0
T04974,C1098,P0193,2026-01-06 07:33:02,3,315.64,946.92,Mobile Money,0
T04975,C0973,P0021,2026-02-16 21:07:02,1,484.94,484.94,Card,0
T04976,C1559,P0183,2026-05-22 02:12:16,4,287.88,1151.52,Card,0
T04977,C0943,P0087,2025-09-08 22:50:22,3,374.51,1123.53,Card,0
T04978,C0053,P0002,2025-06-09 04:20:37,2,390.95,781.9,Cash on Delivery,0
T04979,C0201,P0139,2025-07-15 00:24:34,3,134.14,402.42,Cash on Delivery,0
T04980,C1915,P0140,2026-01-20 04:42:07,2,254.05,508.1,Card,0
T04981,C0535,P0164,2026-01-29 04:22:48,4,163.06,652.24,Mobile Money,0
T04982,C0398,P0155,2026-04-01 13:15:42,4,214.62,858.48,Card,0
T04983,C1307,P0182,2026-05-25 20:12:47,3,248.85,746.55,Card,0
T04984,C0190,P0021,2026-06-06 08:32:08,1,484.94,484.94,Card,0
T04985,C1004,P0200,2026-01-09 16:15:45,4,270.37,1081.48,Cash on Delivery,1
T04986,C0640,P0044,2025-11-02 20:43:53,3,105.52,316.56,Mobile Money,0
T04987,C1303,P0189,2025-07-06 21:25:47,2,446.12,892.24,Mobile Money,0
T04988,C0804,P0129,2025-07-18 05:27:16,1,467.63,467.63,Mobile Money,0
T04989,C1552,P0055,2026-03-16 01:38:38,2,281.26,562.52,Cash on Delivery,0
T04990,C1506,P0089,2025-11-16 12:38:38,2,51.37,102.74,Cash on Delivery,0
T04991,C1556,P0038,2026-01-03 10:07:26,3,362.26,1086.78,Card,1
T04992,C0017,P0019,2025-10-14 19:29:00,1,332.95,332.95,Cash on Delivery,1
T04993,C0811,P0030,2025-07-22 11:11:50,2,11.97,23.94,Cash on Delivery,0
T04994,C0093,P0048,2025-12-06 10:30:21,3,446.82,1340.46,Card,0
T04995,C0631,P0114,2025-12-20 12:11:44,2,22.79,45.58,Card,0
T04996,C0846,P0053,2026-02-13 16:18:57,4,347.76,1391.04,Card,0
T04997,C0842,P0162,2026-03-31 06:09:41,1,448.28,448.28,Cash on Delivery,0
T04998,C1805,P0072,2025-09-22 11:32:01,3,339.47,1018.41,Mobile Money,1
T04999,C0544,P0184,2026-03-09 01:40:50,3,63.18,189.54,Cash on Delivery,0
T05000,C0975,P0083,2026-03-27 16:48:01,4,333.43,1333.72,Card,0
T05001,C1654,P0054,2025-09-10 08:15:04,2,471.74,943.48,Cash on Delivery,0
T05002,C0097,P0037,2025-07-15 23:09:04,3,64.2,192.6,Card,0
T05003,C1441,P0103,2025-10-27 20:22:42,2,349.53,699.06,Cash on Delivery,1
T05004,C1383,P0001,2025-07-04 07:24:02,4,190.4,761.6,Cash on Delivery,1
T05005,C0057,P0156,2026-01-18 03:59:59,1,495.3,495.3,Cash on Delivery,0
T05006,C0556,P0070,2026-01-22 01:18:17,4,52.61,210.44,Cash on Delivery,1
T05007,C1100,P0175,2025-08-09 16:07:14,1,446.49,446.49,Card,0
T05008,C0322,P0158,2026-04-21 19:01:01,1,465.72,465.72,Card,1
T05009,C0284,P0053,2025-11-21 08:14:26,2,347.76,695.52,Cash on Delivery,0
T05010,C1003,P0132,2026-01-30 03:24:34,2,181.21,362.42,Mobile Money,1
T05011,C0134,P0126,2026-03-29 16:49:04,1,349.51,349.51,Card,1
T05012,C1428,P0102,2025-09-08 20:42:37,1,189.48,189.48,Mobile Money,0
T05013,C0998,P0038,2025-12-30 02:12:33,4,362.26,1449.04,Mobile Money,0
T05014,C1933,P0050,2026-02-11 20:14:58,4,117.83,471.32,Card,0
T05015,C1886,P0119,2026-03-24 14:02:52,3,482.8,1448.4,Card,0
T05016,C0921,P0170,2025-10-27 21:36:42,4,277.02,1108.08,Cash on Delivery,1
T05017,C0396,P0159,2026-04-10 14:57:01,3,341.52,1024.56,Cash on Delivery,0
T05018,C1213,P0064,2025-06-14 00:02:03,3,402.55,1207.65,Cash on Delivery,0
T05019,C0538,P0053,2025-09-30 23:03:14,1,347.76,347.76,Card,0
T05020,C0394,P0189,2026-05-18 16:48:25,2,446.12,892.24,Card,0
T05021,C0406,P0140,2026-02-20 00:44:10,2,254.05,508.1,Cash on Delivery,0
T05022,C1699,P0181,2025-11-13 05:07:04,1,128.12,128.12,Mobile Money,0
T05023,C0155,P0071,2025-11-18 11:45:00,2,196.43,392.86,Card,1
T05024,C0559,P0060,2025-09-13 09:48:25,3,175.81,527.43,Card,0
T05025,C0399,P0194,2026-02-01 08:34:16,4,369.86,1479.44,Card,1
T05026,C1034,P0024,2025-10-18 00:38:55,4,262.81,1051.24,Cash on Delivery,0
T05027,C0152,P0120,2026-04-06 07:39:03,4,30.58,122.32,Cash on Delivery,0
T05028,C1148,P0088,2025-12-03 20:42:38,4,361.87,1447.48,Mobile Money,1
T05029,C0802,P0185,2026-01-14 17:34:22,4,342.11,1368.44,Card,1
T05030,C1547,P0041,2025-07-06 08:36:07,4,20.56,82.24,Mobile Money,0
T05031,C1013,P0001,2025-06-21 23:18:53,2,190.4,380.8,Card,0
T05032,C0794,P0171,2025-11-11 13:56:10,2,275.23,550.46,Cash on Delivery,0
T05033,C0175,P0053,2025-10-24 16:22:24,1,347.76,347.76,Cash on Delivery,0
T05034,C1409,P0009,2025-06-30 17:54:11,1,307.87,307.87,Card,0
T05035,C1708,P0199,2025-10-04 06:14:32,4,487.33,1949.32,Card,0
T05036,C0106,P0059,2025-08-10 02:38:44,4,253.83,1015.32,Card,0
T05037,C0528,P0179,2025-12-08 23:15:03,1,178.36,178.36,Mobile Money,0
T05038,C1779,P0038,2026-02-17 06:10:45,3,362.26,1086.78,Card,0
T05039,C1491,P0153,2026-04-27 09:57:18,1,468.64,468.64,Mobile Money,0
T05040,C1488,P0059,2025-09-14 15:42:50,1,253.83,253.83,Cash on Delivery,1
T05041,C1634,P0168,2025-11-26 17:56:21,4,396.83,1587.32,Cash on Delivery,0
T05042,C0365,P0134,2026-01-18 07:04:13,1,25.16,25.16,Mobile Money,1
T05043,C0876,P0181,2025-08-12 11:50:27,2,128.12,256.24,Cash on Delivery,0
T05044,C0313,P0149,2025-11-24 16:33:58,4,311.04,1244.16,Mobile Money,0
T05045,C0262,P0076,2025-08-06 04:01:54,1,498.15,498.15,Mobile Money,0
T05046,C0646,P0191,2025-09-02 14:40:31,4,484.8,1939.2,Cash on Delivery,0
T05047,C1412,P0053,2025-12-10 12:40:47,4,347.76,1391.04,Card,0
T05048,C0842,P0009,2025-09-05 13:42:51,1,307.87,307.87,Cash on Delivery,0
T05049,C1536,P0111,2025-06-27 12:22:43,4,40.12,160.48,Mobile Money,0
T05050,C0442,P0087,2026-05-02 12:01:46,4,374.51,1498.04,Card,1
T05051,C0262,P0037,2025-07-12 21:49:56,3,64.2,192.6,Card,1
T05052,C1487,P0051,2025-07-10 18:09:57,2,179.52,359.04,Card,0
T05053,C0608,P0099,2025-09-29 07:37:37,2,483.49,966.98,Cash on Delivery,0
T05054,C0523,P0142,2026-03-06 02:00:45,3,323.0,969.0,Cash on Delivery,0
T05055,C1233,P0010,2026-02-23 11:58:18,1,487.01,487.01,Cash on Delivery,0
T05056,C0162,P0013,2026-03-09 01:50:36,1,305.73,305.73,Card,0
T05057,C1459,P0060,2025-07-27 22:37:52,1,175.81,175.81,Mobile Money,0
T05058,C0202,P0005,2026-01-01 11:44:09,4,15.19,60.76,Card,1
T05059,C0948,P0160,2026-04-05 11:49:38,4,56.05,224.2,Mobile Money,1
T05060,C0752,P0141,2025-08-25 09:17:55,1,343.56,343.56,Card,0
T05061,C1402,P0182,2026-01-28 23:25:41,1,248.85,248.85,Mobile Money,0
T05062,C1840,P0182,2025-10-23 15:25:49,1,248.85,248.85,Card,0
T05063,C0690,P0051,2026-03-19 18:23:33,3,179.52,538.56,Card,0
T05064,C0588,P0118,2025-10-23 11:29:04,4,263.51,1054.04,Cash on Delivery,0
T05065,C1380,P0046,2025-08-25 07:16:37,3,314.06,942.18,Mobile Money,0
T05066,C0348,P0038,2026-03-13 22:47:03,4,362.26,1449.04,Card,0
T05067,C1686,P0141,2025-09-16 07:23:52,4,343.56,1374.24,Mobile Money,0
T05068,C0845,P0130,2025-11-07 11:18:53,1,370.26,370.26,Card,0
T05069,C1442,P0013,2025-06-11 10:30:24,1,305.73,305.73,Mobile Money,0
T05070,C1652,P0147,2026-01-23 23:51:25,1,107.31,107.31,Card,1
T05071,C1691,P0095,2026-02-07 12:27:54,1,17.04,17.04,Card,1
T05072,C0079,P0173,2025-09-15 05:29:21,2,434.1,868.2,Card,1
T05073,C0057,P0057,2025-10-04 23:56:48,3,251.14,753.42,Cash on Delivery,0
T05074,C1359,P0144,2025-11-22 08:36:37,3,197.14,591.42,Card,1
T05075,C0283,P0134,2026-03-31 15:11:37,2,25.16,50.32,Card,0
T05076,C1445,P0038,2025-06-19 13:48:47,3,362.26,1086.78,Card,0
T05077,C1796,P0127,2026-05-23 19:23:18,3,458.03,1374.09,Cash on Delivery,0
T05078,C1929,P0058,2025-10-10 21:34:10,2,498.88,997.76,Mobile Money,1
T05079,C1679,P0113,2025-11-02 18:20:30,4,291.54,1166.16,Card,0
T05080,C1844,P0004,2026-05-23 16:50:11,2,170.19,340.38,Cash on Delivery,0
T05081,C1973,P0146,2026-04-14 04:21:59,1,196.12,196.12,Card,0
T05082,C0182,P0187,2026-03-05 05:37:51,3,115.68,347.04,Card,0
T05083,C0956,P0169,2025-09-04 13:32:11,1,465.81,465.81,Cash on Delivery,0
T05084,C0472,P0093,2026-05-25 20:06:38,1,290.57,290.57,Card,0
T05085,C0679,P0004,2025-12-24 12:35:39,1,170.19,170.19,Mobile Money,0
T05086,C1431,P0007,2025-08-20 05:26:39,1,95.79,95.79,Mobile Money,0
T05087,C0193,P0085,2026-03-07 22:54:25,3,327.72,983.16,Card,0
T05088,C0601,P0123,2025-12-12 10:24:26,1,25.33,25.33,Card,1
T05089,C1324,P0095,2026-01-24 00:11:02,3,17.04,51.12,Card,1
T05090,C0765,P0102,2026-03-14 06:24:19,1,189.48,189.48,Card,0
T05091,C0991,P0197,2025-08-26 05:26:06,1,98.12,98.12,Card,0
T05092,C0065,P0051,2026-02-06 05:59:11,2,179.52,359.04,Card,0
T05093,C0222,P0054,2025-07-22 22:24:52,4,471.74,1886.96,Card,0
T05094,C0474,P0072,2025-09-06 12:47:42,4,339.47,1357.88,Cash on Delivery,0
T05095,C0655,P0168,2026-03-10 05:02:16,2,396.83,793.66,Card,0
T05096,C0784,P0019,2026-04-28 19:06:11,2,332.95,665.9,Card,0
T05097,C0364,P0171,2025-11-03 04:40:22,3,275.23,825.69,Card,0
T05098,C0796,P0016,2025-09-26 22:31:15,4,119.29,477.16,Cash on Delivery,0
T05099,C1699,P0190,2026-03-06 06:33:07,4,459.96,1839.84,Card,0
T05100,C1896,P0187,2025-11-03 10:00:50,1,115.68,115.68,Cash on Delivery,0
T05101,C1325,P0138,2026-04-12 01:59:05,1,309.85,309.85,Mobile Money,0
T05102,C1423,P0109,2026-04-21 00:40:37,1,434.2,434.2,Card,0
T05103,C1504,P0030,2025-07-19 07:24:27,4,11.97,47.88,Mobile Money,0
T05104,C1115,P0168,2025-08-11 09:21:03,3,396.83,1190.49,Cash on Delivery,0
T05105,C0174,P0074,2025-08-15 19:54:36,4,118.13,472.52,Mobile Money,0
T05106,C0024,P0134,2025-09-17 11:16:29,1,25.16,25.16,Card,0
T05107,C1654,P0007,2026-03-09 05:03:03,2,95.79,191.58,Mobile Money,0
T05108,C0878,P0161,2026-05-27 08:43:33,1,250.8,250.8,Cash on Delivery,0
T05109,C0145,P0166,2025-12-24 05:27:31,4,226.98,907.92,Mobile Money,0
T05110,C0509,P0031,2025-10-10 02:03:59,1,365.86,365.86,Card,1
T05111,C0645,P0139,2025-09-28 01:00:10,4,134.14,536.56,Card,0
T05112,C1667,P0064,2026-04-16 11:12:07,4,402.55,1610.2,Card,0
T05113,C1897,P0056,2025-09-24 23:28:55,3,486.03,1458.09,Mobile Money,0
T05114,C1666,P0038,2025-09-29 20:50:47,2,362.26,724.52,Cash on Delivery,0
T05115,C1164,P0002,2025-12-27 12:50:39,2,390.95,781.9,Cash on Delivery,0
T05116,C0617,P0040,2025-11-25 15:29:56,2,59.89,119.78,Mobile Money,0
T05117,C1502,P0125,2026-03-31 02:46:18,4,96.25,385.0,Mobile Money,0
T05118,C1518,P0185,2025-09-02 12:56:24,3,342.11,1026.33,Mobile Money,1
T05119,C1227,P0164,2025-08-10 16:39:32,4,163.06,652.24,Mobile Money,0
T05120,C1883,P0152,2025-12-22 06:11:22,2,63.49,126.98,Mobile Money,0
T05121,C0898,P0101,2025-09-02 12:09:03,2,426.31,852.62,Cash on Delivery,0
T05122,C1585,P0015,2025-08-08 03:32:33,3,405.16,1215.48,Card,0
T05123,C0727,P0112,2025-10-27 06:20:55,3,445.55,1336.65,Card,0
T05124,C0862,P0035,2025-12-25 23:48:15,4,165.97,663.88,Mobile Money,0
T05125,C1491,P0175,2026-06-01 07:44:41,4,446.49,1785.96,Mobile Money,0
T05126,C1101,P0060,2026-05-19 03:24:20,1,175.81,175.81,Card,1
T05127,C1420,P0048,2025-07-09 08:01:10,3,446.82,1340.46,Mobile Money,0
T05128,C1734,P0041,2025-07-03 06:01:05,1,20.56,20.56,Cash on Delivery,0
T05129,C0407,P0179,2026-04-26 02:20:11,4,178.36,713.44,Mobile Money,0
T05130,C0917,P0031,2025-07-06 07:24:06,1,365.86,365.86,Card,0
T05131,C0492,P0024,2025-06-18 23:03:57,4,262.81,1051.24,Mobile Money,0
T05132,C1156,P0009,2025-09-24 21:31:27,2,307.87,615.74,Cash on Delivery,0
T05133,C0131,P0077,2025-11-25 01:26:24,2,450.71,901.42,Mobile Money,1
T05134,C1114,P0120,2026-04-20 00:24:07,4,30.58,122.32,Mobile Money,1
T05135,C0889,P0117,2026-01-04 22:42:56,2,155.12,310.24,Mobile Money,1
T05136,C1416,P0098,2026-01-04 14:58:18,3,476.77,1430.31,Mobile Money,0
T05137,C0472,P0176,2026-01-24 10:16:14,3,46.99,140.97,Mobile Money,0
T05138,C0055,P0052,2026-04-21 06:56:01,4,257.82,1031.28,Cash on Delivery,0
T05139,C0055,P0037,2025-07-02 19:52:39,4,64.2,256.8,Cash on Delivery,0
T05140,C0463,P0012,2026-04-18 18:14:21,3,491.7,1475.1,Cash on Delivery,0
T05141,C1773,P0185,2026-01-21 22:31:54,2,342.11,684.22,Mobile Money,0
T05142,C1235,P0037,2025-09-21 18:36:01,4,64.2,256.8,Card,0
T05143,C1847,P0007,2025-12-20 02:59:39,4,95.79,383.16,Card,1
T05144,C1829,P0028,2026-03-12 09:02:53,1,86.81,86.81,Mobile Money,1
T05145,C0754,P0189,2025-09-11 15:33:42,3,446.12,1338.36,Cash on Delivery,0
T05146,C1642,P0114,2025-06-21 00:13:59,3,22.79,68.37,Mobile Money,0
T05147,C1902,P0151,2026-05-05 06:28:56,4,173.61,694.44,Card,0
T05148,C0779,P0084,2025-10-15 19:04:47,4,156.16,624.64,Mobile Money,0
T05149,C0461,P0066,2026-05-14 18:26:50,1,400.18,400.18,Card,0
T05150,C1807,P0169,2026-06-01 20:15:26,1,465.81,465.81,Card,0
T05151,C1183,P0056,2025-11-16 12:48:33,2,486.03,972.06,Cash on Delivery,0
T05152,C1495,P0189,2026-01-07 21:09:17,2,446.12,892.24,Cash on Delivery,0
T05153,C0246,P0188,2026-01-10 19:17:53,1,489.06,489.06,Cash on Delivery,0
T05154,C1017,P0061,2026-04-30 05:32:30,4,76.72,306.88,Card,0
T05155,C0285,P0128,2025-07-04 21:53:33,2,276.87,553.74,Card,0
T05156,C0901,P0155,2025-07-15 01:29:11,4,214.62,858.48,Cash on Delivery,0
T05157,C0874,P0180,2025-08-18 14:32:13,1,389.69,389.69,Mobile Money,1
T05158,C0806,P0181,2026-03-27 15:32:52,4,128.12,512.48,Cash on Delivery,0
T05159,C0883,P0172,2025-12-12 05:30:16,1,75.78,75.78,Card,0
T05160,C0694,P0130,2025-10-09 02:12:42,1,370.26,370.26,Mobile Money,1
T05161,C0495,P0084,2026-05-10 04:59:41,3,156.16,468.48,Card,0
T05162,C0456,P0163,2025-11-11 05:29:08,2,479.48,958.96,Mobile Money,0
T05163,C0719,P0092,2026-04-21 11:57:32,1,220.03,220.03,Mobile Money,0
T05164,C1352,P0183,2025-11-12 00:31:48,2,287.88,575.76,Card,0
T05165,C0509,P0139,2026-04-16 13:08:14,1,134.14,134.14,Cash on Delivery,1
T05166,C0047,P0197,2026-03-19 09:36:05,3,98.12,294.36,Mobile Money,0
T05167,C1018,P0111,2025-12-31 02:04:29,3,40.12,120.36,Cash on Delivery,1
T05168,C0064,P0007,2025-06-13 05:58:18,1,95.79,95.79,Card,1
T05169,C0860,P0082,2025-08-16 04:10:29,4,292.44,1169.76,Card,0
T05170,C1316,P0012,2025-08-03 06:10:34,4,491.7,1966.8,Card,0
T05171,C0437,P0029,2026-01-31 09:03:03,3,387.26,1161.78,Cash on Delivery,0
T05172,C1610,P0198,2026-01-27 12:43:28,1,118.55,118.55,Card,0
T05173,C1617,P0047,2026-04-08 15:59:49,1,230.98,230.98,Card,0
T05174,C1579,P0195,2025-10-06 12:31:08,1,475.45,475.45,Cash on Delivery,1
T05175,C1077,P0146,2025-08-11 07:20:11,2,196.12,392.24,Mobile Money,1
T05176,C0200,P0039,2026-01-21 11:07:23,3,249.43,748.29,Cash on Delivery,0
T05177,C0937,P0162,2025-08-13 03:48:22,1,448.28,448.28,Cash on Delivery,0
T05178,C0896,P0097,2025-06-26 03:41:27,1,457.86,457.86,Cash on Delivery,1
T05179,C0914,P0010,2026-03-23 11:58:07,4,487.01,1948.04,Mobile Money,1
T05180,C0553,P0153,2026-05-26 19:33:33,2,468.64,937.28,Mobile Money,1
T05181,C0211,P0164,2026-03-07 02:57:21,2,163.06,326.12,Card,0
T05182,C0565,P0177,2025-07-21 15:36:51,3,432.25,1296.75,Mobile Money,0
T05183,C0282,P0147,2026-04-20 13:11:22,3,107.31,321.93,Card,0
T05184,C1075,P0054,2026-01-22 08:27:44,3,471.74,1415.22,Card,0
T05185,C0273,P0153,2025-11-28 10:07:14,2,468.64,937.28,Card,0
T05186,C0046,P0120,2025-07-17 12:26:35,1,30.58,30.58,Card,0
T05187,C0331,P0055,2026-01-22 05:56:14,2,281.26,562.52,Mobile Money,0
T05188,C1448,P0011,2025-09-22 13:53:31,4,393.66,1574.64,Card,0
T05189,C1592,P0048,2026-01-06 02:07:02,1,446.82,446.82,Card,0
T05190,C1550,P0008,2025-07-06 01:02:06,4,8.5,34.0,Card,0
T05191,C1781,P0114,2026-03-15 15:20:19,4,22.79,91.16,Card,0
T05192,C0273,P0054,2025-06-30 08:36:23,4,471.74,1886.96,Card,0
T05193,C0131,P0173,2025-09-13 03:19:25,1,434.1,434.1,Cash on Delivery,1
T05194,C0634,P0009,2025-11-12 08:47:38,4,307.87,1231.48,Mobile Money,0
T05195,C1523,P0114,2026-01-07 22:02:23,4,22.79,91.16,Card,0
T05196,C1744,P0083,2026-03-20 15:50:44,1,333.43,333.43,Card,0
T05197,C0920,P0033,2025-10-20 12:43:10,1,432.24,432.24,Cash on Delivery,1
T05198,C0026,P0191,2025-07-02 15:03:09,3,484.8,1454.4,Mobile Money,0
T05199,C1116,P0108,2025-06-17 14:38:52,1,151.77,151.77,Card,0
T05200,C0018,P0033,2026-05-04 19:03:51,2,432.24,864.48,Card,0
T05201,C0289,P0018,2025-10-13 14:13:59,2,90.82,181.64,Cash on Delivery,0
T05202,C1458,P0027,2025-07-12 10:15:41,1,273.63,273.63,Card,1
T05203,C0973,P0143,2025-11-05 05:27:02,4,320.02,1280.08,Mobile Money,1
T05204,C0324,P0180,2025-12-16 18:00:15,2,389.69,779.38,Cash on Delivery,1
T05205,C0735,P0099,2025-12-30 12:10:34,3,483.49,1450.47,Cash on Delivery,0
T05206,C1868,P0025,2026-04-22 09:37:54,4,197.4,789.6,Card,0
T05207,C1945,P0076,2025-12-13 14:35:33,2,498.15,996.3,Mobile Money,0
T05208,C1061,P0033,2025-07-24 08:32:45,4,432.24,1728.96,Card,0
T05209,C1780,P0092,2025-09-18 23:48:37,4,220.03,880.12,Mobile Money,0
T05210,C0009,P0043,2026-04-16 19:17:43,2,128.4,256.8,Card,0
T05211,C1349,P0014,2026-03-27 00:04:14,3,11.57,34.71,Card,0
T05212,C0895,P0184,2025-08-16 23:48:53,2,63.18,126.36,Cash on Delivery,0
T05213,C1874,P0053,2025-07-13 21:16:34,1,347.76,347.76,Cash on Delivery,0
T05214,C1401,P0102,2026-05-25 02:56:58,1,189.48,189.48,Cash on Delivery,1
T05215,C1000,P0039,2025-06-27 15:10:15,4,249.43,997.72,Mobile Money,0
T05216,C1994,P0151,2025-11-07 14:19:56,1,173.61,173.61,Cash on Delivery,0
T05217,C1867,P0186,2026-01-31 02:43:06,1,241.47,241.47,Cash on Delivery,0
T05218,C1461,P0157,2025-11-16 12:25:57,2,128.76,257.52,Card,0
T05219,C1652,P0045,2026-03-08 14:55:49,3,148.43,445.29,Cash on Delivery,1
T05220,C0553,P0162,2025-10-10 02:12:43,2,448.28,896.56,Card,1
T05221,C0572,P0106,2025-09-20 13:05:59,2,164.66,329.32,Mobile Money,0
T05222,C1971,P0042,2025-08-29 05:23:32,2,283.82,567.64,Cash on Delivery,0
T05223,C0659,P0011,2025-08-13 20:10:35,3,393.66,1180.98,Cash on Delivery,0
T05224,C0460,P0118,2026-01-12 00:14:41,1,263.51,263.51,Cash on Delivery,0
T05225,C1550,P0189,2025-06-14 23:45:17,3,446.12,1338.36,Mobile Money,0
T05226,C0877,P0067,2026-03-03 17:50:41,4,97.33,389.32,Cash on Delivery,0
T05227,C0998,P0160,2025-12-30 04:43:35,4,56.05,224.2,Card,0
T05228,C1297,P0010,2025-09-10 01:56:21,4,487.01,1948.04,Mobile Money,0
T05229,C0959,P0168,2025-10-04 12:48:35,4,396.83,1587.32,Card,0
T05230,C1191,P0143,2025-10-29 16:15:07,1,320.02,320.02,Cash on Delivery,0
T05231,C0327,P0057,2026-05-27 10:05:52,2,251.14,502.28,Cash on Delivery,0
T05232,C1868,P0097,2026-04-22 00:01:40,1,457.86,457.86,Card,0
T05233,C1400,P0017,2026-04-19 00:44:36,3,65.41,196.23,Card,1
T05234,C0334,P0144,2026-05-26 13:43:23,3,197.14,591.42,Cash on Delivery,0
T05235,C1644,P0003,2026-01-10 09:44:47,3,82.22,246.66,Cash on Delivery,0
T05236,C0350,P0051,2025-07-03 18:33:30,2,179.52,359.04,Mobile Money,0
T05237,C1719,P0174,2026-03-25 13:02:33,4,351.98,1407.92,Mobile Money,1
T05238,C1690,P0105,2025-11-02 06:19:15,3,74.34,223.02,Card,0
T05239,C0756,P0076,2026-03-18 13:43:02,3,498.15,1494.45,Mobile Money,0
T05240,C0072,P0081,2025-06-19 01:22:14,1,85.01,85.01,Mobile Money,0
T05241,C0452,P0147,2025-10-08 17:26:23,2,107.31,214.62,Mobile Money,0
T05242,C0367,P0143,2025-10-31 02:50:52,3,320.02,960.06,Cash on Delivery,1
T05243,C0670,P0058,2025-12-12 10:43:10,2,498.88,997.76,Card,1
T05244,C1322,P0048,2026-05-08 11:41:20,4,446.82,1787.28,Mobile Money,0
T05245,C0052,P0024,2025-07-14 11:44:40,2,262.81,525.62,Card,0
T05246,C1468,P0171,2025-10-10 00:30:35,2,275.23,550.46,Cash on Delivery,1
T05247,C1675,P0003,2025-10-13 04:38:54,4,82.22,328.88,Cash on Delivery,0
T05248,C1362,P0141,2025-10-02 03:45:19,2,343.56,687.12,Mobile Money,0
T05249,C0929,P0019,2026-04-12 15:00:30,4,332.95,1331.8,Mobile Money,0
T05250,C1649,P0166,2025-09-06 14:21:24,3,226.98,680.94,Cash on Delivery,0
T05251,C1188,P0065,2025-12-01 22:52:17,3,318.6,955.8,Mobile Money,0
T05252,C0665,P0166,2025-10-12 00:07:04,3,226.98,680.94,Card,0
T05253,C0269,P0064,2026-05-18 10:30:45,4,402.55,1610.2,Mobile Money,0
T05254,C1611,P0068,2026-01-19 00:02:02,2,166.35,332.7,Cash on Delivery,0
T05255,C1462,P0001,2025-11-20 06:07:11,4,190.4,761.6,Card,0
T05256,C1396,P0098,2026-06-03 07:10:52,4,476.77,1907.08,Mobile Money,1
T05257,C1137,P0137,2026-05-09 06:17:48,4,235.01,940.04,Card,1
T05258,C1573,P0103,2025-12-10 07:43:39,2,349.53,699.06,Mobile Money,0
T05259,C0364,P0106,2025-12-02 03:29:15,3,164.66,493.98,Mobile Money,1
T05260,C1153,P0021,2026-05-04 10:10:43,4,484.94,1939.76,Card,0
T05261,C1223,P0187,2025-06-18 22:31:03,4,115.68,462.72,Card,0
T05262,C1545,P0184,2025-10-18 10:07:33,4,63.18,252.72,Cash on Delivery,0
T05263,C1250,P0193,2026-04-02 16:25:56,4,315.64,1262.56,Card,0
T05264,C1269,P0162,2025-11-08 05:30:56,1,448.28,448.28,Card,0
T05265,C1892,P0032,2025-10-20 06:06:29,2,463.52,927.04,Card,0
T05266,C1459,P0153,2025-07-13 07:52:06,3,468.64,1405.92,Card,0
T05267,C1242,P0191,2025-12-06 15:20:37,4,484.8,1939.2,Cash on Delivery,0
T05268,C0666,P0173,2026-04-11 03:35:07,2,434.1,868.2,Mobile Money,1
T05269,C0221,P0021,2026-01-14 18:08:16,2,484.94,969.88,Cash on Delivery,0
T05270,C1647,P0179,2025-08-14 20:09:39,4,178.36,713.44,Cash on Delivery,0
T05271,C1163,P0092,2025-12-22 13:59:39,4,220.03,880.12,Mobile Money,0
T05272,C1441,P0155,2025-08-17 01:44:43,3,214.62,643.86,Mobile Money,0
T05273,C0765,P0092,2025-06-08 13:04:47,1,220.03,220.03,Card,0
T05274,C0508,P0166,2025-08-21 10:48:05,3,226.98,680.94,Mobile Money,0
T05275,C1147,P0198,2026-01-17 09:12:27,2,118.55,237.1,Card,0
T05276,C0381,P0157,2025-09-27 23:28:07,2,128.76,257.52,Cash on Delivery,0
T05277,C1030,P0057,2026-04-13 21:04:07,3,251.14,753.42,Card,1
T05278,C0192,P0048,2026-05-24 03:24:49,2,446.82,893.64,Mobile Money,0
T05279,C1060,P0120,2026-04-06 13:59:40,1,30.58,30.58,Card,0
T05280,C0105,P0070,2026-02-18 21:42:33,1,52.61,52.61,Card,0
T05281,C1131,P0057,2025-10-10 10:28:35,3,251.14,753.42,Mobile Money,0
T05282,C0307,P0141,2026-02-04 00:21:50,1,343.56,343.56,Card,0
T05283,C0036,P0092,2026-04-28 13:41:28,1,220.03,220.03,Card,0
T05284,C1049,P0133,2025-07-05 11:48:26,3,174.23,522.69,Mobile Money,0
T05285,C1043,P0081,2025-07-13 01:01:27,1,85.01,85.01,Card,0
T05286,C1442,P0035,2025-12-15 02:41:42,3,165.97,497.91,Mobile Money,0
T05287,C1542,P0054,2026-01-15 05:14:04,2,471.74,943.48,Cash on Delivery,1
T05288,C1570,P0129,2025-11-15 03:34:42,3,467.63,1402.89,Mobile Money,0
T05289,C1235,P0056,2026-02-06 16:48:41,4,486.03,1944.12,Mobile Money,0
T05290,C1525,P0097,2025-09-25 01:43:33,2,457.86,915.72,Cash on Delivery,0
T05291,C0294,P0170,2025-06-26 19:20:42,3,277.02,831.06,Cash on Delivery,1
T05292,C1339,P0154,2025-06-13 04:58:08,3,402.72,1208.16,Card,1
T05293,C1816,P0127,2025-06-30 01:03:10,4,458.03,1832.12,Card,0
T05294,C0316,P0111,2025-10-25 21:25:23,1,40.12,40.12,Cash on Delivery,0
T05295,C1542,P0090,2026-02-06 07:53:57,4,128.98,515.92,Cash on Delivery,0
T05296,C0908,P0195,2025-12-08 03:53:34,2,475.45,950.9,Card,0
T05297,C0446,P0097,2026-05-19 14:45:27,2,457.86,915.72,Card,0
T05298,C1041,P0189,2026-01-09 19:56:24,4,446.12,1784.48,Card,0
T05299,C0851,P0138,2025-06-16 04:50:26,4,309.85,1239.4,Cash on Delivery,0
T05300,C1704,P0040,2025-09-11 00:53:03,3,59.89,179.67,Card,0
T05301,C0050,P0074,2026-02-20 14:54:13,2,118.13,236.26,Card,0
T05302,C1886,P0010,2025-11-09 01:58:15,3,487.01,1461.03,Card,0
T05303,C0299,P0132,2025-12-05 05:16:40,1,181.21,181.21,Mobile Money,0
T05304,C0474,P0083,2025-10-02 13:03:08,1,333.43,333.43,Mobile Money,0
T05305,C0962,P0104,2026-05-05 07:04:03,2,108.41,216.82,Cash on Delivery,0
T05306,C1833,P0024,2025-09-29 09:37:46,2,262.81,525.62,Cash on Delivery,1
T05307,C1693,P0170,2026-01-29 15:21:15,1,277.02,277.02,Mobile Money,0
T05308,C1698,P0193,2025-07-03 00:03:49,2,315.64,631.28,Mobile Money,0
T05309,C1564,P0191,2025-10-06 05:37:17,4,484.8,1939.2,Card,1
T05310,C0932,P0083,2026-04-26 13:21:28,1,333.43,333.43,Mobile Money,0
T05311,C1275,P0107,2025-06-09 17:28:03,1,352.73,352.73,Mobile Money,1
T05312,C0773,P0114,2026-03-13 01:20:03,2,22.79,45.58,Card,0
T05313,C1616,P0097,2026-04-09 06:47:19,2,457.86,915.72,Card,0
T05314,C0672,P0120,2025-09-27 11:40:20,2,30.58,61.16,Card,0
T05315,C1571,P0178,2026-03-08 12:13:25,3,473.89,1421.67,Mobile Money,0
T05316,C1159,P0003,2025-06-28 05:56:52,4,82.22,328.88,Mobile Money,0
T05317,C1391,P0131,2025-10-19 10:13:44,1,366.37,366.37,Card,0
T05318,C1263,P0059,2026-01-20 20:44:41,2,253.83,507.66,Cash on Delivery,1
T05319,C0315,P0129,2026-03-26 14:39:29,4,467.63,1870.52,Mobile Money,0
T05320,C1162,P0118,2025-08-30 21:40:54,1,263.51,263.51,Mobile Money,0
T05321,C0899,P0199,2025-12-27 07:17:07,3,487.33,1461.99,Card,1
T05322,C0232,P0135,2026-05-20 03:03:52,1,91.79,91.79,Mobile Money,0
T05323,C0965,P0099,2025-08-24 17:44:33,2,483.49,966.98,Cash on Delivery,0
T05324,C1758,P0141,2026-06-03 06:43:39,1,343.56,343.56,Card,1
T05325,C1598,P0168,2025-11-20 13:54:44,2,396.83,793.66,Card,0
T05326,C1531,P0062,2025-11-11 15:14:56,3,278.68,836.04,Mobile Money,0
T05327,C1111,P0010,2025-06-20 22:23:13,2,487.01,974.02,Card,0
T05328,C1342,P0011,2025-12-01 08:35:25,4,393.66,1574.64,Card,1
T05329,C1265,P0077,2025-06-18 15:34:04,4,450.71,1802.84,Mobile Money,1
T05330,C1073,P0056,2025-07-17 06:39:41,2,486.03,972.06,Mobile Money,1
T05331,C0884,P0016,2025-07-12 13:42:58,1,119.29,119.29,Card,0
T05332,C1057,P0093,2026-03-06 04:37:34,1,290.57,290.57,Mobile Money,0
T05333,C1227,P0088,2025-10-29 04:52:17,3,361.87,1085.61,Card,0
T05334,C0845,P0039,2025-07-15 15:25:18,2,249.43,498.86,Cash on Delivery,0
T05335,C0882,P0087,2025-08-28 22:05:16,1,374.51,374.51,Cash on Delivery,1
T05336,C1493,P0056,2025-06-18 14:52:50,4,486.03,1944.12,Mobile Money,0
T05337,C0872,P0138,2025-10-26 08:08:58,1,309.85,309.85,Card,0
T05338,C1180,P0099,2026-04-09 07:14:12,3,483.49,1450.47,Card,0
T05339,C0809,P0122,2025-06-17 21:25:03,4,488.05,1952.2,Mobile Money,0
T05340,C0574,P0066,2025-08-26 14:29:42,3,400.18,1200.54,Mobile Money,0
T05341,C1778,P0158,2025-12-29 18:44:05,4,465.72,1862.88,Mobile Money,0
T05342,C0870,P0040,2026-02-08 06:17:06,1,59.89,59.89,Mobile Money,0
T05343,C1039,P0190,2025-11-06 12:25:12,2,459.96,919.92,Card,0
T05344,C1923,P0124,2025-07-07 12:51:49,4,222.29,889.16,Mobile Money,0
T05345,C0959,P0024,2025-10-01 09:41:42,1,262.81,262.81,Mobile Money,0
T05346,C0304,P0048,2025-11-23 21:46:04,1,446.82,446.82,Card,0
T05347,C1129,P0047,2025-11-19 01:30:46,4,230.98,923.92,Card,0
T05348,C0460,P0113,2026-03-25 09:56:46,1,291.54,291.54,Cash on Delivery,0
T05349,C1531,P0008,2026-01-22 12:13:24,2,8.5,17.0,Card,0
T05350,C1787,P0018,2025-12-15 16:38:40,4,90.82,363.28,Mobile Money,0
T05351,C0453,P0084,2026-03-21 07:28:47,3,156.16,468.48,Cash on Delivery,0
T05352,C0814,P0065,2025-10-23 22:51:35,1,318.6,318.6,Cash on Delivery,0
T05353,C0965,P0066,2025-08-03 18:02:30,4,400.18,1600.72,Mobile Money,0
T05354,C1932,P0150,2025-11-10 15:35:23,1,162.89,162.89,Card,0
T05355,C0406,P0147,2025-09-10 08:43:35,2,107.31,214.62,Mobile Money,0
T05356,C0236,P0183,2026-05-17 10:38:54,2,287.88,575.76,Mobile Money,0
T05357,C0179,P0126,2025-08-13 04:59:32,2,349.51,699.02,Cash on Delivery,0
T05358,C0525,P0176,2025-08-06 06:05:24,1,46.99,46.99,Card,0
T05359,C0323,P0028,2026-01-12 12:21:12,3,86.81,260.43,Mobile Money,0
T05360,C1724,P0005,2025-12-14 09:56:19,4,15.19,60.76,Mobile Money,1
T05361,C1324,P0143,2025-12-24 23:12:10,1,320.02,320.02,Mobile Money,0
T05362,C0413,P0119,2026-06-02 11:43:43,2,482.8,965.6,Cash on Delivery,0
T05363,C1504,P0068,2026-01-31 22:29:56,4,166.35,665.4,Mobile Money,0
T05364,C1894,P0049,2025-08-17 02:14:46,3,181.37,544.11,Card,1
T05365,C1044,P0196,2025-08-28 13:36:00,1,57.84,57.84,Card,0
T05366,C0704,P0111,2026-04-23 09:29:04,2,40.12,80.24,Mobile Money,0
T05367,C1450,P0177,2025-08-07 21:10:09,3,432.25,1296.75,Cash on Delivery,1
T05368,C0990,P0012,2026-03-14 23:06:55,1,491.7,491.7,Mobile Money,0
T05369,C0036,P0079,2026-02-21 00:28:19,3,449.07,1347.21,Mobile Money,0
T05370,C1396,P0008,2025-09-15 05:44:37,4,8.5,34.0,Cash on Delivery,1
T05371,C0305,P0086,2025-09-20 19:34:52,4,13.95,55.8,Mobile Money,0
T05372,C0186,P0166,2025-06-30 13:07:22,4,226.98,907.92,Mobile Money,0
T05373,C1890,P0005,2025-09-17 15:58:04,2,15.19,30.38,Mobile Money,0
T05374,C1026,P0102,2025-09-17 23:41:56,3,189.48,568.44,Card,0
T05375,C1759,P0025,2025-12-15 08:12:49,1,197.4,197.4,Mobile Money,0
T05376,C0324,P0197,2026-01-11 14:50:14,4,98.12,392.48,Cash on Delivery,0
T05377,C0504,P0069,2026-02-05 01:16:47,1,258.49,258.49,Card,0
T05378,C0959,P0016,2026-04-09 15:27:14,2,119.29,238.58,Card,0
T05379,C1553,P0018,2025-07-10 18:40:53,3,90.82,272.46,Mobile Money,0
T05380,C1618,P0125,2026-01-28 03:22:30,3,96.25,288.75,Cash on Delivery,1
T05381,C0351,P0004,2026-04-29 15:40:49,3,170.19,510.57,Mobile Money,0
T05382,C1823,P0095,2026-01-04 06:19:52,1,17.04,17.04,Mobile Money,0
T05383,C0016,P0133,2026-05-22 01:42:03,4,174.23,696.92,Mobile Money,1
T05384,C0464,P0042,2026-05-08 01:50:59,1,283.82,283.82,Card,0
T05385,C0177,P0030,2025-10-29 12:27:46,2,11.97,23.94,Cash on Delivery,0
T05386,C1586,P0031,2025-08-17 17:23:23,1,365.86,365.86,Cash on Delivery,1
T05387,C0233,P0143,2026-04-26 00:07:41,4,320.02,1280.08,Mobile Money,1
T05388,C0491,P0166,2025-11-13 14:17:25,2,226.98,453.96,Card,0
T05389,C1635,P0188,2026-01-08 19:18:49,4,489.06,1956.24,Cash on Delivery,0
T05390,C0487,P0044,2026-02-26 20:32:27,3,105.52,316.56,Mobile Money,1
T05391,C1142,P0089,2026-02-16 16:15:04,3,51.37,154.11,Cash on Delivery,0
T05392,C1263,P0178,2026-01-25 21:08:58,2,473.89,947.78,Cash on Delivery,0
T05393,C1929,P0072,2025-11-11 19:52:17,2,339.47,678.94,Card,0
T05394,C0404,P0143,2025-11-19 15:30:30,4,320.02,1280.08,Cash on Delivery,0
T05395,C0869,P0163,2025-10-29 07:41:15,3,479.48,1438.44,Mobile Money,0
T05396,C1596,P0195,2026-04-26 01:22:40,3,475.45,1426.35,Mobile Money,0
T05397,C0868,P0098,2025-10-27 04:56:03,2,476.77,953.54,Mobile Money,0
T05398,C1246,P0099,2026-05-16 04:02:52,1,483.49,483.49,Cash on Delivery,1
T05399,C0896,P0119,2026-01-06 15:45:05,2,482.8,965.6,Cash on Delivery,0
T05400,C0873,P0140,2025-10-08 04:27:21,4,254.05,1016.2,Mobile Money,0
T05401,C0336,P0019,2025-10-27 23:18:54,4,332.95,1331.8,Cash on Delivery,0
T05402,C0633,P0026,2025-12-29 11:53:28,3,295.44,886.32,Cash on Delivery,0
T05403,C1465,P0033,2025-12-30 06:11:22,2,432.24,864.48,Mobile Money,1
T05404,C1738,P0030,2026-01-08 02:11:58,3,11.97,35.91,Mobile Money,0
T05405,C0637,P0126,2025-10-05 20:09:27,4,349.51,1398.04,Mobile Money,0
T05406,C0683,P0124,2025-08-27 01:05:09,2,222.29,444.58,Mobile Money,0
T05407,C0215,P0194,2026-01-05 20:27:48,1,369.86,369.86,Cash on Delivery,0
T05408,C0891,P0118,2025-08-13 04:46:22,3,263.51,790.53,Mobile Money,0
T05409,C0829,P0188,2025-07-06 10:13:45,1,489.06,489.06,Card,0
T05410,C1461,P0096,2026-05-04 10:20:05,4,497.3,1989.2,Cash on Delivery,1
T05411,C1571,P0012,2025-12-10 12:58:59,2,491.7,983.4,Mobile Money,0
T05412,C1574,P0067,2025-12-07 10:39:49,2,97.33,194.66,Cash on Delivery,0
T05413,C1361,P0024,2025-08-09 06:33:11,2,262.81,525.62,Mobile Money,0
T05414,C1977,P0168,2026-04-01 10:21:55,1,396.83,396.83,Card,0
T05415,C1615,P0072,2025-11-02 20:19:35,2,339.47,678.94,Card,1
T05416,C1753,P0114,2025-08-21 23:02:54,1,22.79,22.79,Cash on Delivery,0
T05417,C1524,P0200,2025-09-24 18:44:33,1,270.37,270.37,Card,1
T05418,C1037,P0096,2026-01-16 12:30:08,2,497.3,994.6,Mobile Money,0
T05419,C0774,P0110,2026-02-03 10:17:02,3,253.25,759.75,Card,0
T05420,C0993,P0097,2026-02-15 09:07:55,3,457.86,1373.58,Card,0
T05421,C1766,P0047,2026-01-04 05:51:20,1,230.98,230.98,Cash on Delivery,0
T05422,C0544,P0101,2026-02-02 12:01:47,4,426.31,1705.24,Mobile Money,0
T05423,C1876,P0003,2026-01-21 17:08:59,2,82.22,164.44,Card,0
T05424,C1487,P0166,2026-04-26 04:50:50,4,226.98,907.92,Cash on Delivery,0
T05425,C0344,P0145,2025-08-22 15:19:13,1,406.55,406.55,Card,0
T05426,C1572,P0106,2025-10-08 20:26:24,1,164.66,164.66,Mobile Money,0
T05427,C0520,P0058,2026-02-13 07:58:09,1,498.88,498.88,Card,0
T05428,C1622,P0195,2026-01-20 23:52:58,2,475.45,950.9,Mobile Money,0
T05429,C0512,P0180,2026-05-05 01:22:50,1,389.69,389.69,Cash on Delivery,0
T05430,C1339,P0153,2025-07-22 14:18:27,4,468.64,1874.56,Mobile Money,1
T05431,C1603,P0030,2026-04-14 18:51:10,1,11.97,11.97,Card,0
T05432,C1977,P0132,2025-10-31 20:37:05,1,181.21,181.21,Card,0
T05433,C1623,P0063,2026-02-13 09:26:39,4,382.0,1528.0,Card,0
T05434,C1104,P0051,2026-05-07 00:46:37,3,179.52,538.56,Mobile Money,0
T05435,C1902,P0087,2025-07-22 20:41:20,4,374.51,1498.04,Cash on Delivery,1
T05436,C1043,P0101,2025-09-19 04:23:40,1,426.31,426.31,Mobile Money,0
T05437,C0959,P0101,2026-02-04 21:46:44,3,426.31,1278.93,Mobile Money,0
T05438,C1639,P0094,2025-12-13 19:43:25,1,118.94,118.94,Cash on Delivery,0
T05439,C0781,P0113,2026-01-20 11:10:58,2,291.54,583.08,Cash on Delivery,1
T05440,C1518,P0118,2026-01-31 23:54:29,2,263.51,527.02,Card,0
T05441,C1899,P0023,2026-04-23 19:40:24,4,461.33,1845.32,Mobile Money,0
T05442,C0137,P0163,2026-05-12 17:25:03,4,479.48,1917.92,Card,0
T05443,C0323,P0078,2026-04-20 01:20:58,1,143.04,143.04,Cash on Delivery,0
T05444,C0445,P0108,2026-05-03 20:43:41,4,151.77,607.08,Card,1
T05445,C0128,P0149,2026-06-05 04:13:37,3,311.04,933.12,Card,0
T05446,C0267,P0097,2025-08-30 14:17:07,3,457.86,1373.58,Card,0
T05447,C0214,P0173,2026-01-06 16:03:49,4,434.1,1736.4,Cash on Delivery,0
T05448,C1828,P0106,2025-07-21 22:02:18,3,164.66,493.98,Cash on Delivery,1
T05449,C1739,P0118,2025-12-13 15:23:31,1,263.51,263.51,Card,0
T05450,C1372,P0041,2026-05-21 10:12:47,1,20.56,20.56,Mobile Money,0
T05451,C0141,P0049,2025-06-11 09:46:34,3,181.37,544.11,Cash on Delivery,0
T05452,C0033,P0053,2025-09-17 10:20:08,3,347.76,1043.28,Mobile Money,0
T05453,C1824,P0200,2026-05-22 17:33:11,3,270.37,811.11,Card,0
T05454,C1988,P0118,2026-02-14 09:33:37,4,263.51,1054.04,Mobile Money,1
T05455,C1011,P0185,2025-11-26 10:14:16,2,342.11,684.22,Card,0
T05456,C0733,P0082,2025-10-20 02:12:24,3,292.44,877.32,Mobile Money,0
T05457,C0272,P0130,2026-03-01 16:09:00,1,370.26,370.26,Card,0
T05458,C0403,P0123,2025-07-18 11:57:29,4,25.33,101.32,Card,0
T05459,C0627,P0160,2026-04-24 13:32:29,3,56.05,168.15,Card,0
T05460,C0617,P0113,2026-03-09 07:08:58,4,291.54,1166.16,Card,0
T05461,C0247,P0025,2025-10-07 19:44:41,1,197.4,197.4,Cash on Delivery,0
T05462,C0033,P0081,2026-01-07 09:06:46,1,85.01,85.01,Card,0
T05463,C1367,P0031,2025-11-03 22:53:04,4,365.86,1463.44,Cash on Delivery,0
T05464,C1516,P0123,2025-06-24 23:40:04,3,25.33,75.99,Card,0
T05465,C0304,P0177,2025-12-11 17:19:27,4,432.25,1729.0,Mobile Money,0
T05466,C0683,P0158,2026-06-06 08:37:27,1,465.72,465.72,Card,0
T05467,C0603,P0144,2026-04-16 06:38:12,2,197.14,394.28,Mobile Money,0
T05468,C0431,P0154,2025-06-10 08:48:37,3,402.72,1208.16,Cash on Delivery,0
T05469,C1434,P0165,2026-04-08 05:31:52,3,243.85,731.55,Card,0
T05470,C0540,P0143,2026-03-16 19:48:19,2,320.02,640.04,Card,1
T05471,C0934,P0125,2026-02-02 01:45:47,4,96.25,385.0,Mobile Money,0
T05472,C0592,P0172,2025-07-04 00:08:34,1,75.78,75.78,Mobile Money,0
T05473,C0812,P0132,2026-04-25 10:29:37,4,181.21,724.84,Cash on Delivery,0
T05474,C0084,P0119,2025-08-19 04:54:38,2,482.8,965.6,Cash on Delivery,0
T05475,C1037,P0026,2025-07-18 01:24:28,4,295.44,1181.76,Cash on Delivery,0
T05476,C1196,P0125,2026-06-05 04:20:00,1,96.25,96.25,Cash on Delivery,0
T05477,C0781,P0181,2026-04-24 19:33:38,3,128.12,384.36,Mobile Money,0
T05478,C0933,P0169,2026-03-16 21:14:31,3,465.81,1397.43,Card,0
T05479,C1453,P0060,2025-09-04 01:57:00,4,175.81,703.24,Mobile Money,1
T05480,C1231,P0018,2025-11-28 23:31:15,1,90.82,90.82,Cash on Delivery,1
T05481,C1956,P0148,2025-08-13 04:32:20,4,54.89,219.56,Cash on Delivery,0
T05482,C0549,P0197,2025-10-11 14:42:32,4,98.12,392.48,Card,1
T05483,C0383,P0161,2025-12-27 12:15:49,2,250.8,501.6,Card,1
T05484,C0800,P0019,2026-01-06 14:37:41,3,332.95,998.85,Card,0
T05485,C1257,P0106,2025-10-22 03:55:30,2,164.66,329.32,Mobile Money,0
T05486,C1846,P0122,2025-12-15 16:15:48,1,488.05,488.05,Mobile Money,0
T05487,C0931,P0148,2025-10-08 11:16:31,2,54.89,109.78,Cash on Delivery,0
T05488,C0701,P0070,2026-02-03 15:45:45,2,52.61,105.22,Card,1
T05489,C1265,P0063,2025-08-09 02:52:49,1,382.0,382.0,Card,0
T05490,C1721,P0189,2025-10-20 21:06:11,1,446.12,446.12,Card,0
T05491,C0223,P0003,2025-07-26 18:06:41,1,82.22,82.22,Cash on Delivery,0
T05492,C0557,P0099,2025-08-10 07:08:47,3,483.49,1450.47,Mobile Money,1
T05493,C1423,P0143,2026-03-04 22:51:57,1,320.02,320.02,Mobile Money,0
T05494,C0430,P0005,2025-10-14 01:56:29,2,15.19,30.38,Card,0
T05495,C1372,P0011,2025-08-18 12:18:08,4,393.66,1574.64,Cash on Delivery,0
T05496,C0451,P0142,2025-09-04 23:14:33,3,323.0,969.0,Mobile Money,0
T05497,C0042,P0183,2026-05-09 04:11:34,4,287.88,1151.52,Cash on Delivery,0
T05498,C0517,P0094,2025-11-12 06:10:55,2,118.94,237.88,Card,0
T05499,C0717,P0052,2026-05-14 12:46:10,2,257.82,515.64,Card,1
T05500,C0371,P0044,2026-02-22 11:25:29,3,105.52,316.56,Cash on Delivery,0
T05501,C0665,P0187,2025-07-01 11:41:10,1,115.68,115.68,Mobile Money,0
T05502,C1685,P0127,2026-01-28 10:09:58,4,458.03,1832.12,Cash on Delivery,0
T05503,C0836,P0192,2026-02-26 06:03:03,1,112.32,112.32,Mobile Money,1
T05504,C1827,P0047,2026-05-31 23:32:56,3,230.98,692.94,Cash on Delivery,1
T05505,C1140,P0007,2025-12-08 17:01:35,4,95.79,383.16,Mobile Money,0
T05506,C1070,P0052,2026-03-20 14:11:24,2,257.82,515.64,Mobile Money,0
T05507,C0023,P0137,2025-10-06 00:51:04,2,235.01,470.02,Cash on Delivery,1
T05508,C0445,P0131,2025-10-19 11:05:53,3,366.37,1099.11,Mobile Money,0
T05509,C1333,P0009,2025-08-18 21:53:03,1,307.87,307.87,Card,0
T05510,C0473,P0196,2025-06-11 10:42:35,1,57.84,57.84,Cash on Delivery,0
T05511,C1915,P0198,2025-07-30 11:12:35,4,118.55,474.2,Mobile Money,0
T05512,C0263,P0082,2025-07-14 07:39:39,1,292.44,292.44,Card,0
T05513,C0358,P0099,2026-02-26 23:39:48,3,483.49,1450.47,Card,1
T05514,C0867,P0056,2026-01-31 04:53:33,4,486.03,1944.12,Card,0
T05515,C1029,P0189,2025-09-06 09:13:26,4,446.12,1784.48,Cash on Delivery,0
T05516,C1681,P0030,2026-01-25 22:48:42,2,11.97,23.94,Cash on Delivery,0
T05517,C0708,P0138,2025-10-31 11:05:32,3,309.85,929.55,Card,0
T05518,C0127,P0170,2025-09-10 17:59:35,3,277.02,831.06,Card,0
T05519,C0331,P0135,2025-07-04 09:49:07,3,91.79,275.37,Mobile Money,0
T05520,C0008,P0117,2026-01-17 00:35:08,4,155.12,620.48,Cash on Delivery,0
T05521,C1223,P0101,2026-01-05 14:10:22,1,426.31,426.31,Mobile Money,0
T05522,C0386,P0086,2026-05-17 08:22:03,4,13.95,55.8,Cash on Delivery,1
T05523,C1264,P0179,2025-10-04 04:47:43,2,178.36,356.72,Card,1
T05524,C1770,P0012,2025-10-16 18:54:05,3,491.7,1475.1,Card,0
T05525,C0358,P0183,2026-05-31 08:50:59,2,287.88,575.76,Card,0
T05526,C0702,P0120,2025-07-28 04:02:34,1,30.58,30.58,Card,0
T05527,C1794,P0070,2025-11-21 01:14:23,3,52.61,157.83,Card,0
T05528,C0082,P0026,2026-05-02 08:50:21,2,295.44,590.88,Card,0
T05529,C0288,P0102,2026-05-02 12:34:42,1,189.48,189.48,Card,0
T05530,C0507,P0062,2025-11-24 03:54:37,3,278.68,836.04,Card,0
T05531,C0936,P0030,2025-06-16 02:48:07,1,11.97,11.97,Card,0
T05532,C1197,P0031,2026-04-12 18:35:27,1,365.86,365.86,Cash on Delivery,0
T05533,C0086,P0102,2025-07-20 09:39:09,4,189.48,757.92,Mobile Money,0
T05534,C0122,P0059,2025-06-30 19:27:52,4,253.83,1015.32,Card,1
T05535,C0683,P0061,2026-05-06 00:27:22,3,76.72,230.16,Cash on Delivery,0
T05536,C0837,P0187,2025-07-17 21:00:33,4,115.68,462.72,Mobile Money,0
T05537,C1730,P0044,2026-01-29 04:29:02,1,105.52,105.52,Mobile Money,0
T05538,C0019,P0138,2025-07-12 22:01:09,3,309.85,929.55,Card,0
T05539,C1753,P0084,2025-07-02 10:12:15,1,156.16,156.16,Cash on Delivery,1
T05540,C1933,P0179,2026-01-20 15:48:48,3,178.36,535.08,Cash on Delivery,1
T05541,C1936,P0191,2025-07-17 06:24:58,1,484.8,484.8,Mobile Money,0
T05542,C1636,P0181,2026-05-03 18:39:18,3,128.12,384.36,Cash on Delivery,0
T05543,C0579,P0187,2025-09-05 12:48:25,3,115.68,347.04,Card,0
T05544,C0701,P0073,2026-03-07 07:15:54,4,462.72,1850.88,Card,0
T05545,C0302,P0050,2025-07-08 02:02:22,1,117.83,117.83,Card,0
T05546,C0669,P0052,2025-09-03 23:13:03,4,257.82,1031.28,Card,1
T05547,C0842,P0005,2026-01-15 09:57:45,3,15.19,45.57,Mobile Money,0
T05548,C1792,P0095,2025-12-23 21:50:31,3,17.04,51.12,Card,1
T05549,C0200,P0168,2025-08-08 11:27:39,1,396.83,396.83,Card,0
T05550,C0898,P0116,2025-07-24 08:34:23,4,20.1,80.4,Cash on Delivery,1
T05551,C0080,P0068,2025-08-04 01:03:34,2,166.35,332.7,Cash on Delivery,0
T05552,C1493,P0186,2026-01-20 20:17:52,1,241.47,241.47,Card,0
T05553,C0931,P0069,2025-10-01 21:03:53,2,258.49,516.98,Mobile Money,0
T05554,C0902,P0142,2025-11-09 21:33:16,3,323.0,969.0,Card,0
T05555,C0124,P0016,2025-07-06 11:35:30,3,119.29,357.87,Cash on Delivery,0
T05556,C0652,P0174,2025-06-29 03:30:25,3,351.98,1055.94,Mobile Money,0
T05557,C0787,P0041,2025-07-25 19:51:02,3,20.56,61.68,Cash on Delivery,0
T05558,C1655,P0076,2026-03-04 07:13:15,1,498.15,498.15,Mobile Money,1
T05559,C1556,P0113,2025-07-12 09:31:49,2,291.54,583.08,Cash on Delivery,1
T05560,C1673,P0119,2026-01-06 05:02:32,3,482.8,1448.4,Card,0
T05561,C1288,P0021,2026-02-26 01:40:27,3,484.94,1454.82,Card,0
T05562,C0029,P0167,2026-05-17 11:34:43,1,279.08,279.08,Card,0
T05563,C1318,P0035,2026-05-10 07:02:25,1,165.97,165.97,Mobile Money,0
T05564,C0740,P0090,2025-12-07 03:13:51,3,128.98,386.94,Card,0
T05565,C0131,P0163,2026-02-06 21:25:41,4,479.48,1917.92,Mobile Money,0
T05566,C0524,P0109,2025-11-07 17:01:55,3,434.2,1302.6,Cash on Delivery,0
T05567,C0831,P0032,2025-11-20 22:25:29,3,463.52,1390.56,Mobile Money,0
T05568,C0875,P0154,2026-03-14 10:19:25,3,402.72,1208.16,Card,0
T05569,C0285,P0172,2025-08-08 11:21:11,2,75.78,151.56,Mobile Money,0
T05570,C1651,P0055,2026-01-30 22:19:20,4,281.26,1125.04,Cash on Delivery,0
T05571,C0547,P0019,2025-06-29 08:06:23,3,332.95,998.85,Cash on Delivery,0
T05572,C0219,P0048,2025-07-29 02:46:56,1,446.82,446.82,Cash on Delivery,0
T05573,C1212,P0110,2025-10-19 14:42:12,2,253.25,506.5,Mobile Money,0
T05574,C1699,P0031,2025-10-24 13:09:48,3,365.86,1097.58,Cash on Delivery,0
T05575,C1095,P0088,2025-11-11 18:24:57,4,361.87,1447.48,Cash on Delivery,0
T05576,C1123,P0051,2025-09-22 19:42:36,4,179.52,718.08,Card,0
T05577,C1644,P0021,2025-09-06 19:29:03,1,484.94,484.94,Mobile Money,0
T05578,C0231,P0053,2025-08-30 23:23:28,2,347.76,695.52,Cash on Delivery,0
T05579,C0217,P0082,2025-09-18 23:29:03,2,292.44,584.88,Card,0
T05580,C0864,P0079,2026-03-21 10:02:18,3,449.07,1347.21,Mobile Money,0
T05581,C1714,P0106,2025-12-06 00:35:59,1,164.66,164.66,Cash on Delivery,0
T05582,C0704,P0082,2026-02-01 17:14:04,3,292.44,877.32,Card,0
T05583,C1850,P0157,2025-09-10 14:15:08,3,128.76,386.28,Mobile Money,0
T05584,C0553,P0023,2025-09-26 13:43:27,2,461.33,922.66,Mobile Money,0
T05585,C1539,P0015,2026-01-24 21:17:08,3,405.16,1215.48,Cash on Delivery,1
T05586,C1009,P0001,2025-08-30 18:31:31,4,190.4,761.6,Cash on Delivery,0
T05587,C0498,P0075,2025-12-23 23:31:12,2,279.82,559.64,Mobile Money,0
T05588,C0743,P0139,2026-04-01 18:13:27,4,134.14,536.56,Card,0
T05589,C0260,P0193,2026-03-19 00:37:56,4,315.64,1262.56,Cash on Delivery,0
T05590,C0463,P0025,2025-12-29 22:37:56,4,197.4,789.6,Cash on Delivery,0
T05591,C1021,P0171,2025-09-27 23:26:16,2,275.23,550.46,Card,0
T05592,C1132,P0168,2026-05-23 04:30:38,4,396.83,1587.32,Card,0
T05593,C0095,P0099,2025-08-26 05:07:40,1,483.49,483.49,Card,1
T05594,C1068,P0100,2026-03-01 21:40:22,3,42.3,126.9,Cash on Delivery,0
T05595,C0384,P0200,2026-01-28 17:15:40,3,270.37,811.11,Cash on Delivery,1
T05596,C0023,P0023,2026-04-16 14:34:37,2,461.33,922.66,Mobile Money,0
T05597,C1441,P0186,2025-11-01 01:53:22,3,241.47,724.41,Card,0
T05598,C0103,P0077,2025-08-11 01:20:28,3,450.71,1352.13,Card,0
T05599,C0189,P0060,2025-09-27 03:49:57,3,175.81,527.43,Card,0
T05600,C0189,P0080,2026-01-23 07:59:51,4,444.45,1777.8,Card,0
T05601,C0114,P0095,2026-01-04 01:25:04,1,17.04,17.04,Cash on Delivery,0
T05602,C1532,P0104,2025-08-21 02:44:25,4,108.41,433.64,Mobile Money,0
T05603,C0387,P0089,2026-01-23 17:34:33,1,51.37,51.37,Card,0
T05604,C0855,P0176,2025-07-01 09:54:00,2,46.99,93.98,Card,0
T05605,C0473,P0170,2026-04-22 07:46:12,3,277.02,831.06,Card,0
T05606,C0942,P0194,2026-01-26 04:05:24,3,369.86,1109.58,Card,1
T05607,C1713,P0137,2026-02-04 17:10:13,3,235.01,705.03,Cash on Delivery,0
T05608,C0346,P0004,2026-04-27 23:26:52,4,170.19,680.76,Mobile Money,0
T05609,C1622,P0096,2025-09-09 07:38:01,1,497.3,497.3,Cash on Delivery,0
T05610,C0343,P0047,2025-11-09 14:39:26,1,230.98,230.98,Cash on Delivery,0
T05611,C0819,P0191,2025-08-17 13:21:22,3,484.8,1454.4,Mobile Money,1
T05612,C0757,P0169,2025-08-28 10:14:10,4,465.81,1863.24,Mobile Money,0
T05613,C0188,P0168,2026-01-10 10:16:56,3,396.83,1190.49,Mobile Money,0
T05614,C0483,P0015,2025-07-19 03:16:21,2,405.16,810.32,Cash on Delivery,0
T05615,C0667,P0158,2025-07-20 22:27:27,2,465.72,931.44,Mobile Money,0
T05616,C0045,P0040,2025-07-07 20:50:13,2,59.89,119.78,Card,0
T05617,C1370,P0175,2026-03-21 22:58:31,4,446.49,1785.96,Card,1
T05618,C0341,P0056,2026-05-18 12:51:56,2,486.03,972.06,Cash on Delivery,0
T05619,C1775,P0009,2026-01-08 09:08:48,2,307.87,615.74,Cash on Delivery,0
T05620,C1734,P0065,2026-01-07 16:36:15,4,318.6,1274.4,Cash on Delivery,0
T05621,C1523,P0129,2025-11-27 21:11:43,2,467.63,935.26,Cash on Delivery,1
T05622,C0497,P0141,2026-01-02 00:56:36,2,343.56,687.12,Card,1
T05623,C1576,P0173,2026-02-03 02:29:35,1,434.1,434.1,Card,0
T05624,C0642,P0143,2026-05-02 11:45:39,2,320.02,640.04,Mobile Money,1
T05625,C0922,P0181,2026-02-15 10:31:07,3,128.12,384.36,Mobile Money,0
T05626,C0801,P0194,2025-09-16 17:44:18,3,369.86,1109.58,Card,0
T05627,C1887,P0085,2025-06-23 20:39:21,3,327.72,983.16,Mobile Money,0
T05628,C1127,P0026,2025-08-22 01:46:07,2,295.44,590.88,Cash on Delivery,0
T05629,C0592,P0021,2026-05-29 03:01:23,1,484.94,484.94,Card,0
T05630,C1735,P0071,2025-09-05 06:11:03,2,196.43,392.86,Card,1
T05631,C1038,P0066,2025-12-15 17:24:07,1,400.18,400.18,Cash on Delivery,1
T05632,C0876,P0200,2026-06-03 23:05:26,1,270.37,270.37,Mobile Money,0
T05633,C1197,P0135,2025-09-06 22:26:26,2,91.79,183.58,Card,0
T05634,C1105,P0150,2026-05-06 20:14:25,4,162.89,651.56,Cash on Delivery,0
T05635,C0871,P0080,2025-09-15 17:29:12,1,444.45,444.45,Card,0
T05636,C0188,P0035,2026-03-17 04:33:51,2,165.97,331.94,Mobile Money,1
T05637,C0963,P0131,2026-01-18 18:09:21,2,366.37,732.74,Cash on Delivery,0
T05638,C1887,P0200,2025-12-30 05:37:13,2,270.37,540.74,Mobile Money,0
T05639,C1605,P0055,2026-03-24 23:03:56,1,281.26,281.26,Card,1
T05640,C0369,P0028,2026-01-20 19:45:01,3,86.81,260.43,Mobile Money,1
T05641,C1256,P0031,2025-07-26 05:34:44,3,365.86,1097.58,Mobile Money,1
T05642,C0497,P0082,2025-08-24 04:43:48,2,292.44,584.88,Cash on Delivery,0
T05643,C1199,P0054,2025-07-29 22:25:40,4,471.74,1886.96,Cash on Delivery,1
T05644,C1389,P0042,2026-04-10 08:51:55,3,283.82,851.46,Card,0
T05645,C1113,P0086,2025-07-29 04:11:09,1,13.95,13.95,Cash on Delivery,0
T05646,C1385,P0054,2026-03-26 18:38:22,2,471.74,943.48,Cash on Delivery,0
T05647,C1558,P0011,2026-05-17 22:37:56,3,393.66,1180.98,Card,0
T05648,C0985,P0182,2026-05-08 14:38:00,3,248.85,746.55,Card,0
T05649,C0420,P0117,2026-04-07 08:35:37,1,155.12,155.12,Cash on Delivery,1
T05650,C1424,P0058,2025-07-03 13:47:03,4,498.88,1995.52,Mobile Money,0
T05651,C0562,P0184,2025-08-09 22:17:44,1,63.18,63.18,Mobile Money,0
T05652,C1730,P0090,2025-08-18 20:52:32,4,128.98,515.92,Cash on Delivery,1
T05653,C1098,P0127,2026-01-08 15:44:32,1,458.03,458.03,Card,0
T05654,C1353,P0013,2025-07-02 14:10:58,3,305.73,917.19,Mobile Money,0
T05655,C1734,P0027,2025-07-23 03:05:10,4,273.63,1094.52,Cash on Delivery,0
T05656,C1219,P0178,2025-12-15 22:45:25,4,473.89,1895.56,Cash on Delivery,0
T05657,C0917,P0154,2025-12-04 20:43:34,4,402.72,1610.88,Card,1
T05658,C0776,P0052,2025-06-24 07:00:32,3,257.82,773.46,Mobile Money,0
T05659,C0686,P0057,2026-04-04 03:59:24,2,251.14,502.28,Cash on Delivery,0
T05660,C1788,P0130,2025-06-13 03:16:42,4,370.26,1481.04,Card,0
T05661,C1803,P0180,2025-08-12 16:18:43,1,389.69,389.69,Mobile Money,0
T05662,C1487,P0134,2025-09-13 02:37:14,4,25.16,100.64,Card,1
T05663,C0357,P0076,2025-07-26 11:23:49,4,498.15,1992.6,Card,0
T05664,C1324,P0093,2026-04-11 13:22:44,3,290.57,871.71,Cash on Delivery,0
T05665,C1413,P0142,2026-05-07 10:16:23,3,323.0,969.0,Card,0
T05666,C0434,P0099,2025-11-29 19:03:40,1,483.49,483.49,Mobile Money,0
T05667,C1402,P0102,2026-05-29 16:22:58,1,189.48,189.48,Cash on Delivery,0
T05668,C1362,P0071,2025-06-21 13:01:36,1,196.43,196.43,Card,1
T05669,C0778,P0130,2026-03-15 23:29:46,4,370.26,1481.04,Mobile Money,0
T05670,C0813,P0130,2026-02-16 18:32:29,4,370.26,1481.04,Cash on Delivery,0
T05671,C1143,P0136,2025-10-31 21:05:45,2,248.35,496.7,Card,0
T05672,C1495,P0007,2026-03-25 05:01:46,3,95.79,287.37,Card,0
T05673,C1121,P0072,2025-08-29 18:00:49,1,339.47,339.47,Mobile Money,0
T05674,C0908,P0047,2025-08-24 06:14:23,1,230.98,230.98,Mobile Money,1
T05675,C0350,P0176,2025-07-11 17:27:13,4,46.99,187.96,Cash on Delivery,0
T05676,C0599,P0132,2026-02-03 21:00:41,2,181.21,362.42,Cash on Delivery,0
T05677,C0259,P0032,2026-04-01 00:21:44,1,463.52,463.52,Card,1
T05678,C1906,P0068,2026-02-27 12:04:41,1,166.35,166.35,Cash on Delivery,0
T05679,C0899,P0152,2025-12-21 10:06:31,1,63.49,63.49,Mobile Money,0
T05680,C1862,P0132,2026-05-02 19:43:34,2,181.21,362.42,Cash on Delivery,0
T05681,C0456,P0049,2025-10-28 07:26:00,2,181.37,362.74,Card,0
T05682,C1973,P0082,2025-08-21 21:26:36,4,292.44,1169.76,Mobile Money,0
T05683,C1907,P0134,2026-03-25 02:50:31,4,25.16,100.64,Card,0
T05684,C0217,P0092,2025-12-31 01:46:59,4,220.03,880.12,Mobile Money,0
T05685,C1544,P0156,2025-07-12 07:07:33,1,495.3,495.3,Cash on Delivery,0
T05686,C0009,P0036,2025-09-16 15:24:11,4,140.99,563.96,Mobile Money,0
T05687,C0179,P0040,2026-04-03 00:49:50,1,59.89,59.89,Card,0
T05688,C0501,P0129,2026-02-25 18:01:58,3,467.63,1402.89,Mobile Money,0
T05689,C0970,P0117,2025-07-14 03:47:25,4,155.12,620.48,Cash on Delivery,0
T05690,C0515,P0154,2026-04-01 16:22:29,4,402.72,1610.88,Card,0
T05691,C0777,P0108,2025-07-20 22:18:21,2,151.77,303.54,Cash on Delivery,0
T05692,C1540,P0160,2025-10-18 03:45:10,3,56.05,168.15,Card,0
T05693,C0794,P0006,2026-02-08 08:16:21,1,469.58,469.58,Cash on Delivery,0
T05694,C0370,P0130,2025-08-28 01:58:15,2,370.26,740.52,Card,0
T05695,C1411,P0085,2026-01-17 05:38:48,2,327.72,655.44,Card,1
T05696,C0571,P0035,2025-08-13 09:55:27,2,165.97,331.94,Cash on Delivery,0
T05697,C0377,P0038,2025-11-07 12:46:50,1,362.26,362.26,Card,0
T05698,C1226,P0143,2026-04-13 04:14:06,3,320.02,960.06,Mobile Money,0
T05699,C1474,P0100,2025-12-29 04:45:02,2,42.3,84.6,Card,0
T05700,C1964,P0045,2025-09-30 06:53:57,4,148.43,593.72,Cash on Delivery,0
T05701,C1267,P0118,2025-11-15 20:43:56,1,263.51,263.51,Mobile Money,0
T05702,C1525,P0029,2025-06-22 19:58:29,3,387.26,1161.78,Cash on Delivery,0
T05703,C0930,P0084,2025-11-08 21:54:24,1,156.16,156.16,Mobile Money,0
T05704,C0373,P0187,2026-06-06 03:54:16,1,115.68,115.68,Cash on Delivery,0
T05705,C1043,P0043,2026-02-08 07:15:49,1,128.4,128.4,Mobile Money,0
T05706,C0011,P0008,2026-01-03 10:47:10,3,8.5,25.5,Cash on Delivery,0
T05707,C1649,P0008,2025-09-05 00:12:20,1,8.5,8.5,Mobile Money,0
T05708,C1159,P0148,2025-12-30 00:54:57,2,54.89,109.78,Mobile Money,0
T05709,C1959,P0117,2026-02-11 18:10:07,1,155.12,155.12,Card,0
T05710,C0362,P0074,2026-04-01 15:03:18,4,118.13,472.52,Card,0
T05711,C0788,P0118,2026-04-14 03:39:36,3,263.51,790.53,Mobile Money,0
T05712,C0997,P0011,2026-05-06 10:48:59,4,393.66,1574.64,Mobile Money,0
T05713,C1882,P0042,2026-02-02 10:03:43,4,283.82,1135.28,Card,1
T05714,C0308,P0052,2025-10-19 23:51:31,1,257.82,257.82,Cash on Delivery,0
T05715,C0195,P0137,2026-05-31 15:30:53,3,235.01,705.03,Card,0
T05716,C1927,P0095,2025-10-02 05:52:49,2,17.04,34.08,Cash on Delivery,0
T05717,C1256,P0002,2025-07-25 00:51:46,1,390.95,390.95,Card,0
T05718,C1014,P0076,2026-04-23 09:47:51,2,498.15,996.3,Card,0
T05719,C0297,P0094,2025-10-23 16:16:01,1,118.94,118.94,Mobile Money,0
T05720,C0593,P0180,2026-02-28 12:56:00,3,389.69,1169.07,Card,0
T05721,C0077,P0193,2025-08-12 07:45:00,4,315.64,1262.56,Mobile Money,0
T05722,C2000,P0038,2026-01-26 19:45:05,3,362.26,1086.78,Card,0
T05723,C1206,P0042,2026-04-07 16:13:12,3,283.82,851.46,Card,0
T05724,C1856,P0195,2026-03-22 21:18:35,2,475.45,950.9,Mobile Money,0
T05725,C0637,P0132,2025-09-14 03:08:30,3,181.21,543.63,Card,1
T05726,C1339,P0141,2026-04-07 12:38:56,3,343.56,1030.68,Mobile Money,0
T05727,C1817,P0065,2025-06-28 13:38:10,4,318.6,1274.4,Cash on Delivery,0
T05728,C1260,P0037,2025-11-14 08:26:06,2,64.2,128.4,Mobile Money,0
T05729,C0654,P0124,2025-06-16 10:03:30,3,222.29,666.87,Card,0
T05730,C0765,P0094,2025-11-16 20:29:39,4,118.94,475.76,Cash on Delivery,0
T05731,C0510,P0067,2025-10-15 02:49:13,4,97.33,389.32,Mobile Money,0
T05732,C0705,P0103,2025-08-25 19:06:57,3,349.53,1048.59,Mobile Money,0
T05733,C0838,P0166,2026-05-23 16:05:11,2,226.98,453.96,Card,0
T05734,C1804,P0059,2026-01-13 22:18:32,2,253.83,507.66,Mobile Money,0
T05735,C1702,P0182,2025-07-20 16:51:23,3,248.85,746.55,Mobile Money,0
T05736,C0266,P0174,2025-07-27 20:25:51,3,351.98,1055.94,Cash on Delivery,0
T05737,C0606,P0009,2025-06-19 09:11:44,3,307.87,923.61,Cash on Delivery,0
T05738,C1302,P0052,2025-09-04 10:25:53,3,257.82,773.46,Mobile Money,0
T05739,C1096,P0073,2026-05-03 22:27:47,3,462.72,1388.16,Card,0
T05740,C0517,P0118,2025-11-28 16:19:30,4,263.51,1054.04,Cash on Delivery,0
T05741,C1490,P0083,2026-02-16 20:12:04,2,333.43,666.86,Mobile Money,1
T05742,C1747,P0121,2026-03-20 03:19:44,1,351.26,351.26,Mobile Money,0
T05743,C0570,P0006,2026-05-16 19:55:56,1,469.58,469.58,Cash on Delivery,0
T05744,C1221,P0043,2026-04-06 15:22:36,4,128.4,513.6,Mobile Money,0
T05745,C1573,P0072,2026-01-09 19:27:14,3,339.47,1018.41,Card,0
T05746,C0998,P0058,2025-07-19 03:57:51,1,498.88,498.88,Mobile Money,0
T05747,C1490,P0127,2026-05-15 17:16:43,1,458.03,458.03,Card,1
T05748,C1296,P0154,2025-09-18 14:46:25,2,402.72,805.44,Cash on Delivery,0
T05749,C0151,P0150,2025-07-13 11:26:11,2,162.89,325.78,Card,0
T05750,C0643,P0175,2025-09-27 12:12:54,3,446.49,1339.47,Mobile Money,1
T05751,C0367,P0012,2026-05-28 14:26:45,3,491.7,1475.1,Cash on Delivery,1
T05752,C0820,P0139,2026-05-23 06:40:14,2,134.14,268.28,Card,0
T05753,C0704,P0178,2026-04-29 15:17:04,1,473.89,473.89,Mobile Money,0
T05754,C0541,P0127,2025-08-10 07:03:53,2,458.03,916.06,Card,0
T05755,C1710,P0121,2025-08-03 07:43:32,2,351.26,702.52,Mobile Money,1
T05756,C1203,P0144,2026-03-12 17:27:31,2,197.14,394.28,Card,0
T05757,C0651,P0101,2026-03-21 00:59:52,3,426.31,1278.93,Mobile Money,0
T05758,C1789,P0191,2026-03-25 18:55:29,1,484.8,484.8,Mobile Money,0
T05759,C0019,P0089,2025-07-19 06:01:57,2,51.37,102.74,Mobile Money,0
T05760,C0122,P0160,2026-05-29 19:35:26,2,56.05,112.1,Card,0
T05761,C0460,P0072,2026-05-14 10:16:32,3,339.47,1018.41,Mobile Money,0
T05762,C0582,P0169,2025-08-24 07:10:55,3,465.81,1397.43,Mobile Money,0
T05763,C0026,P0149,2026-01-18 12:04:04,1,311.04,311.04,Cash on Delivery,0
T05764,C1251,P0129,2025-08-05 07:25:41,1,467.63,467.63,Cash on Delivery,0
T05765,C1650,P0155,2025-08-17 23:22:33,2,214.62,429.24,Mobile Money,1
T05766,C1857,P0194,2026-02-06 19:55:59,4,369.86,1479.44,Card,0
T05767,C0121,P0010,2025-09-07 20:29:37,3,487.01,1461.03,Mobile Money,0
T05768,C1093,P0126,2025-06-27 17:59:21,1,349.51,349.51,Cash on Delivery,0
T05769,C1525,P0041,2026-04-24 06:45:12,2,20.56,41.12,Cash on Delivery,0
T05770,C0382,P0045,2026-04-29 05:48:46,3,148.43,445.29,Mobile Money,0
T05771,C0497,P0027,2025-08-12 15:40:34,1,273.63,273.63,Mobile Money,1
T05772,C0707,P0084,2026-06-02 17:07:27,4,156.16,624.64,Cash on Delivery,0
T05773,C1531,P0049,2026-05-30 02:57:51,4,181.37,725.48,Mobile Money,0
T05774,C1241,P0121,2025-08-09 20:48:27,1,351.26,351.26,Card,0
T05775,C1598,P0114,2025-12-11 12:59:57,2,22.79,45.58,Cash on Delivery,0
T05776,C0752,P0043,2026-01-13 00:21:19,3,128.4,385.2,Cash on Delivery,0
T05777,C0836,P0096,2026-06-05 02:43:19,3,497.3,1491.9,Card,0
T05778,C0487,P0127,2025-07-06 03:41:44,2,458.03,916.06,Card,1
T05779,C1305,P0048,2026-04-23 08:24:43,3,446.82,1340.46,Mobile Money,0
T05780,C1176,P0192,2026-06-03 23:41:38,3,112.32,336.96,Cash on Delivery,0
T05781,C0231,P0009,2025-06-17 19:05:37,4,307.87,1231.48,Cash on Delivery,0
T05782,C1595,P0095,2025-10-18 12:48:04,1,17.04,17.04,Mobile Money,0
T05783,C0863,P0017,2025-07-27 06:37:36,3,65.41,196.23,Card,0
T05784,C0357,P0196,2026-02-03 00:45:17,4,57.84,231.36,Mobile Money,0
T05785,C1329,P0136,2026-01-10 23:21:19,2,248.35,496.7,Card,0
T05786,C1194,P0006,2025-09-29 05:30:11,1,469.58,469.58,Cash on Delivery,1
T05787,C0911,P0200,2025-10-17 23:45:07,4,270.37,1081.48,Card,0
T05788,C1093,P0082,2026-02-06 06:30:16,3,292.44,877.32,Cash on Delivery,0
T05789,C0737,P0114,2026-01-09 16:04:22,3,22.79,68.37,Mobile Money,1
T05790,C1770,P0066,2025-12-03 22:45:44,3,400.18,1200.54,Card,0
T05791,C0920,P0187,2025-08-14 03:28:56,4,115.68,462.72,Cash on Delivery,0
T05792,C1951,P0051,2025-06-14 00:19:13,1,179.52,179.52,Card,0
T05793,C1116,P0075,2025-12-15 13:04:06,2,279.82,559.64,Mobile Money,0
T05794,C0580,P0112,2025-07-31 14:34:52,4,445.55,1782.2,Cash on Delivery,0
T05795,C0076,P0106,2025-10-26 09:29:11,4,164.66,658.64,Mobile Money,0
T05796,C1387,P0086,2025-10-08 10:59:53,3,13.95,41.85,Mobile Money,1
T05797,C0592,P0191,2026-04-18 04:47:52,4,484.8,1939.2,Cash on Delivery,0
T05798,C0028,P0024,2026-01-18 22:56:00,3,262.81,788.43,Mobile Money,0
T05799,C1629,P0121,2025-08-31 20:15:09,2,351.26,702.52,Mobile Money,0
T05800,C0890,P0085,2026-02-13 15:51:32,4,327.72,1310.88,Mobile Money,0
T05801,C0031,P0089,2026-04-15 21:40:38,3,51.37,154.11,Card,1
T05802,C1834,P0143,2025-09-28 10:51:27,3,320.02,960.06,Mobile Money,0
T05803,C0050,P0102,2025-12-10 09:29:02,2,189.48,378.96,Mobile Money,0
T05804,C0944,P0124,2026-04-08 03:08:14,1,222.29,222.29,Mobile Money,0
T05805,C1731,P0013,2026-02-18 10:27:50,4,305.73,1222.92,Card,0
T05806,C0475,P0079,2026-05-11 01:10:46,3,449.07,1347.21,Card,0
T05807,C1030,P0091,2025-06-08 16:15:45,2,199.58,399.16,Cash on Delivery,0
T05808,C1982,P0025,2026-03-26 23:40:36,4,197.4,789.6,Mobile Money,0
T05809,C1423,P0150,2026-03-09 17:48:26,4,162.89,651.56,Cash on Delivery,0
T05810,C0786,P0026,2026-03-25 13:12:22,3,295.44,886.32,Cash on Delivery,0
T05811,C1854,P0073,2026-04-11 02:09:03,3,462.72,1388.16,Cash on Delivery,1
T05812,C1458,P0068,2025-09-04 02:29:41,4,166.35,665.4,Cash on Delivery,0
T05813,C1517,P0063,2026-05-16 13:09:12,1,382.0,382.0,Card,0
T05814,C1331,P0134,2025-10-29 03:36:33,2,25.16,50.32,Mobile Money,0
T05815,C0943,P0012,2026-02-02 13:30:38,3,491.7,1475.1,Cash on Delivery,0
T05816,C0007,P0126,2026-04-29 23:51:29,1,349.51,349.51,Cash on Delivery,0
T05817,C1203,P0157,2025-08-04 01:37:18,2,128.76,257.52,Card,1
T05818,C1467,P0183,2026-02-26 08:34:44,4,287.88,1151.52,Mobile Money,0
T05819,C1252,P0184,2025-11-25 23:59:05,2,63.18,126.36,Card,0
T05820,C1320,P0146,2026-04-01 03:13:17,2,196.12,392.24,Cash on Delivery,1
T05821,C0952,P0089,2026-04-17 08:44:57,3,51.37,154.11,Mobile Money,0
T05822,C0452,P0163,2026-02-01 11:09:38,2,479.48,958.96,Mobile Money,0
T05823,C1876,P0106,2026-01-01 19:51:37,4,164.66,658.64,Mobile Money,0
T05824,C0912,P0162,2026-05-21 04:43:46,4,448.28,1793.12,Mobile Money,0
T05825,C0645,P0123,2025-12-04 17:07:14,2,25.33,50.66,Mobile Money,0
T05826,C0035,P0061,2025-10-06 19:36:36,4,76.72,306.88,Card,0
T05827,C0384,P0108,2026-04-24 07:57:37,3,151.77,455.31,Mobile Money,0
T05828,C0811,P0001,2026-03-05 09:03:15,2,190.4,380.8,Mobile Money,1
T05829,C1895,P0032,2026-04-17 02:05:46,4,463.52,1854.08,Cash on Delivery,0
T05830,C0095,P0191,2025-12-20 05:32:48,1,484.8,484.8,Card,0
T05831,C0030,P0109,2025-06-20 16:04:56,2,434.2,868.4,Mobile Money,0
T05832,C0609,P0010,2025-07-23 00:18:15,3,487.01,1461.03,Cash on Delivery,0
T05833,C0760,P0039,2026-03-30 22:11:06,1,249.43,249.43,Cash on Delivery,0
T05834,C0414,P0123,2026-02-04 21:27:57,1,25.33,25.33,Card,0
T05835,C0615,P0162,2026-01-13 19:41:10,4,448.28,1793.12,Mobile Money,0
T05836,C0651,P0022,2026-02-12 18:20:00,1,200.6,200.6,Cash on Delivery,0
T05837,C0907,P0160,2026-02-09 03:57:26,4,56.05,224.2,Card,0
T05838,C0672,P0139,2025-07-02 16:13:45,1,134.14,134.14,Mobile Money,0
T05839,C0800,P0083,2025-10-15 07:12:10,3,333.43,1000.29,Mobile Money,1
T05840,C0576,P0061,2025-12-22 10:51:59,1,76.72,76.72,Cash on Delivery,0
T05841,C1448,P0192,2025-09-26 14:00:39,4,112.32,449.28,Card,1
T05842,C1066,P0091,2026-01-23 16:26:47,2,199.58,399.16,Card,1
T05843,C1361,P0039,2025-07-22 10:09:32,2,249.43,498.86,Mobile Money,1
T05844,C0928,P0001,2025-09-17 17:58:33,1,190.4,190.4,Cash on Delivery,1
T05845,C0206,P0125,2025-08-26 19:17:05,4,96.25,385.0,Mobile Money,0
T05846,C0850,P0159,2026-02-02 12:52:50,2,341.52,683.04,Card,1
T05847,C1678,P0078,2025-08-20 14:17:25,3,143.04,429.12,Mobile Money,1
T05848,C0965,P0197,2026-01-10 13:14:13,4,98.12,392.48,Card,0
T05849,C1404,P0054,2026-02-12 00:15:38,1,471.74,471.74,Mobile Money,0
T05850,C0415,P0080,2025-11-19 03:14:59,3,444.45,1333.35,Cash on Delivery,0
T05851,C0639,P0197,2025-08-14 14:15:19,1,98.12,98.12,Card,0
T05852,C1062,P0158,2026-03-15 04:10:21,3,465.72,1397.16,Cash on Delivery,0
T05853,C0288,P0157,2025-12-25 06:51:04,1,128.76,128.76,Cash on Delivery,1
T05854,C1642,P0112,2025-08-02 09:06:25,2,445.55,891.1,Cash on Delivery,1
T05855,C1837,P0091,2025-10-12 00:25:11,2,199.58,399.16,Cash on Delivery,0
T05856,C1540,P0049,2025-10-04 01:58:00,1,181.37,181.37,Mobile Money,0
T05857,C0320,P0146,2025-10-01 16:44:23,2,196.12,392.24,Cash on Delivery,0
T05858,C1913,P0156,2025-09-02 11:28:47,4,495.3,1981.2,Cash on Delivery,0
T05859,C1023,P0186,2025-07-23 19:48:38,3,241.47,724.41,Card,0
T05860,C1556,P0090,2025-09-11 10:06:18,4,128.98,515.92,Cash on Delivery,0
T05861,C1698,P0077,2026-01-20 02:27:25,4,450.71,1802.84,Card,0
T05862,C1651,P0087,2025-06-28 10:13:08,2,374.51,749.02,Cash on Delivery,0
T05863,C1157,P0094,2025-11-06 19:38:25,2,118.94,237.88,Card,0
T05864,C1033,P0172,2026-02-13 08:24:10,2,75.78,151.56,Cash on Delivery,1
T05865,C0682,P0043,2025-08-01 08:36:55,4,128.4,513.6,Mobile Money,0
T05866,C1193,P0065,2025-11-27 10:26:43,2,318.6,637.2,Cash on Delivery,0
T05867,C1754,P0192,2026-05-14 14:38:50,3,112.32,336.96,Cash on Delivery,0
T05868,C1367,P0146,2026-02-17 13:14:36,4,196.12,784.48,Card,0
T05869,C0858,P0174,2026-01-18 07:19:05,4,351.98,1407.92,Mobile Money,0
T05870,C1524,P0194,2026-02-21 23:49:55,4,369.86,1479.44,Card,0
T05871,C1662,P0005,2026-04-09 03:47:49,1,15.19,15.19,Card,0
T05872,C0355,P0004,2025-10-19 02:14:47,3,170.19,510.57,Card,1
T05873,C1260,P0049,2026-01-17 13:06:32,4,181.37,725.48,Cash on Delivery,0
T05874,C1914,P0085,2025-08-26 04:16:50,4,327.72,1310.88,Mobile Money,0
T05875,C1989,P0180,2026-01-26 10:49:23,4,389.69,1558.76,Cash on Delivery,1
T05876,C1446,P0149,2026-03-19 23:18:08,3,311.04,933.12,Card,1
T05877,C1853,P0133,2026-03-07 08:18:15,1,174.23,174.23,Cash on Delivery,0
T05878,C1554,P0136,2025-12-05 19:16:58,2,248.35,496.7,Cash on Delivery,1
T05879,C0677,P0132,2025-07-29 18:22:23,4,181.21,724.84,Cash on Delivery,0
T05880,C1446,P0127,2025-11-22 16:46:40,3,458.03,1374.09,Mobile Money,0
T05881,C0560,P0155,2025-10-26 14:51:06,1,214.62,214.62,Cash on Delivery,0
T05882,C1072,P0046,2025-12-27 22:40:45,2,314.06,628.12,Mobile Money,0
T05883,C1656,P0187,2026-05-03 17:31:40,2,115.68,231.36,Card,0
T05884,C0531,P0132,2025-08-08 14:55:58,3,181.21,543.63,Mobile Money,0
T05885,C0475,P0185,2025-11-30 21:28:13,3,342.11,1026.33,Mobile Money,0
T05886,C1285,P0042,2025-11-28 21:55:10,4,283.82,1135.28,Cash on Delivery,0
T05887,C1987,P0048,2025-08-27 18:23:12,1,446.82,446.82,Mobile Money,1
T05888,C0728,P0026,2025-09-30 17:25:51,2,295.44,590.88,Mobile Money,0
T05889,C1645,P0190,2025-07-24 13:15:27,1,459.96,459.96,Mobile Money,1
T05890,C0343,P0135,2025-06-20 13:53:28,4,91.79,367.16,Mobile Money,0
T05891,C0841,P0155,2025-10-17 13:55:43,2,214.62,429.24,Card,0
T05892,C0894,P0056,2025-07-18 15:37:12,3,486.03,1458.09,Cash on Delivery,1
T05893,C1339,P0141,2025-11-06 07:55:23,2,343.56,687.12,Cash on Delivery,0
T05894,C0851,P0038,2025-09-28 23:24:41,1,362.26,362.26,Card,0
T05895,C1477,P0196,2026-04-25 19:22:04,2,57.84,115.68,Mobile Money,0
T05896,C0209,P0001,2025-07-02 07:28:42,2,190.4,380.8,Cash on Delivery,1
T05897,C0565,P0137,2026-04-16 16:44:47,4,235.01,940.04,Cash on Delivery,0
T05898,C1620,P0088,2026-05-31 16:11:13,2,361.87,723.74,Card,0
T05899,C0036,P0077,2026-02-27 22:09:57,1,450.71,450.71,Mobile Money,1
T05900,C0018,P0027,2025-10-30 09:13:02,2,273.63,547.26,Cash on Delivery,0
T05901,C0579,P0118,2025-11-30 19:21:33,1,263.51,263.51,Mobile Money,0
T05902,C0975,P0135,2026-01-04 15:10:34,2,91.79,183.58,Mobile Money,1
T05903,C0123,P0030,2025-12-30 13:03:41,1,11.97,11.97,Card,0
T05904,C0987,P0189,2025-09-07 07:57:21,1,446.12,446.12,Cash on Delivery,0
T05905,C0273,P0082,2025-11-21 12:28:26,3,292.44,877.32,Cash on Delivery,0
T05906,C0039,P0181,2025-10-15 11:18:32,2,128.12,256.24,Card,0
T05907,C0426,P0153,2026-02-14 06:08:14,2,468.64,937.28,Mobile Money,0
T05908,C1830,P0059,2026-04-28 02:43:12,2,253.83,507.66,Cash on Delivery,1
T05909,C0157,P0159,2025-08-04 03:23:34,3,341.52,1024.56,Card,0
T05910,C0257,P0104,2026-04-26 12:00:37,1,108.41,108.41,Card,1
T05911,C0635,P0102,2025-09-10 16:49:33,3,189.48,568.44,Cash on Delivery,0
T05912,C1356,P0200,2026-01-31 21:53:32,3,270.37,811.11,Cash on Delivery,0
T05913,C1455,P0010,2025-12-04 07:08:16,4,487.01,1948.04,Card,0
T05914,C0487,P0043,2025-12-23 23:00:40,4,128.4,513.6,Cash on Delivery,0
T05915,C1897,P0136,2026-05-15 17:22:40,3,248.35,745.05,Mobile Money,1
T05916,C0591,P0026,2026-04-27 17:11:29,3,295.44,886.32,Card,0
T05917,C0899,P0015,2025-10-23 19:35:31,4,405.16,1620.64,Mobile Money,1
T05918,C1625,P0144,2025-09-17 06:49:22,3,197.14,591.42,Card,0
T05919,C1240,P0097,2025-08-29 05:44:45,2,457.86,915.72,Cash on Delivery,0
T05920,C0454,P0003,2025-07-07 10:34:12,1,82.22,82.22,Cash on Delivery,0
T05921,C0464,P0031,2026-02-24 11:09:56,3,365.86,1097.58,Cash on Delivery,0
T05922,C1041,P0075,2025-06-26 23:41:59,2,279.82,559.64,Cash on Delivery,0
T05923,C0123,P0177,2025-10-20 17:19:35,3,432.25,1296.75,Mobile Money,1
T05924,C1280,P0055,2026-04-26 05:37:54,3,281.26,843.78,Cash on Delivery,0
T05925,C1892,P0200,2025-08-09 16:09:09,1,270.37,270.37,Card,0
T05926,C1474,P0040,2025-07-08 12:00:23,2,59.89,119.78,Cash on Delivery,0
T05927,C1817,P0040,2025-10-29 19:52:43,2,59.89,119.78,Cash on Delivery,0
T05928,C1385,P0007,2026-01-23 11:28:24,4,95.79,383.16,Cash on Delivery,1
T05929,C0337,P0178,2025-07-03 06:30:52,3,473.89,1421.67,Card,0
T05930,C0603,P0096,2026-05-08 01:55:38,1,497.3,497.3,Card,0
T05931,C1457,P0172,2025-11-10 12:03:52,4,75.78,303.12,Mobile Money,0
T05932,C0387,P0007,2025-07-16 18:00:03,4,95.79,383.16,Card,0
T05933,C1715,P0094,2026-01-29 16:52:05,1,118.94,118.94,Card,1
T05934,C1067,P0098,2026-04-29 20:33:22,2,476.77,953.54,Card,0
T05935,C0565,P0183,2025-11-06 16:45:33,1,287.88,287.88,Cash on Delivery,0
T05936,C2000,P0161,2025-06-21 18:24:40,3,250.8,752.4,Card,0
T05937,C1931,P0190,2025-06-12 10:52:05,2,459.96,919.92,Card,0
T05938,C0513,P0200,2026-01-25 04:23:19,4,270.37,1081.48,Card,1
T05939,C0213,P0014,2025-08-20 21:09:42,2,11.57,23.14,Cash on Delivery,1
T05940,C0546,P0122,2026-02-16 19:26:02,1,488.05,488.05,Card,1
T05941,C0168,P0105,2026-01-03 23:45:40,2,74.34,148.68,Cash on Delivery,0
T05942,C1706,P0122,2025-09-05 05:35:15,3,488.05,1464.15,Mobile Money,0
T05943,C0828,P0082,2025-07-16 02:55:50,4,292.44,1169.76,Mobile Money,0
T05944,C0115,P0137,2025-11-16 21:21:18,1,235.01,235.01,Cash on Delivery,0
T05945,C1476,P0033,2025-09-28 02:24:41,1,432.24,432.24,Cash on Delivery,0
T05946,C0688,P0004,2025-10-17 01:39:24,3,170.19,510.57,Cash on Delivery,0
T05947,C1050,P0016,2026-04-08 19:39:58,3,119.29,357.87,Cash on Delivery,0
T05948,C1430,P0070,2025-06-20 10:17:34,1,52.61,52.61,Mobile Money,1
T05949,C1822,P0007,2025-10-17 07:49:46,2,95.79,191.58,Mobile Money,0
T05950,C1487,P0074,2025-08-04 16:37:31,1,118.13,118.13,Cash on Delivery,0
T05951,C0706,P0006,2025-12-07 05:34:30,4,469.58,1878.32,Mobile Money,0
T05952,C1524,P0168,2025-08-28 07:53:11,1,396.83,396.83,Cash on Delivery,1
T05953,C0853,P0143,2025-07-19 20:26:45,1,320.02,320.02,Cash on Delivery,1
T05954,C1828,P0133,2025-11-20 07:07:06,1,174.23,174.23,Mobile Money,1
T05955,C0600,P0174,2025-10-10 08:52:27,3,351.98,1055.94,Card,0
T05956,C0778,P0045,2025-10-12 20:31:25,1,148.43,148.43,Cash on Delivery,0
T05957,C0205,P0054,2025-09-17 20:30:13,2,471.74,943.48,Card,0
T05958,C1067,P0085,2025-10-14 14:48:45,4,327.72,1310.88,Mobile Money,1
T05959,C0015,P0118,2026-03-27 01:20:24,1,263.51,263.51,Card,0
T05960,C0911,P0066,2025-12-13 18:07:06,2,400.18,800.36,Cash on Delivery,0
T05961,C1556,P0115,2025-08-31 14:15:25,1,491.01,491.01,Cash on Delivery,1
T05962,C1615,P0178,2026-03-13 07:01:02,2,473.89,947.78,Mobile Money,0
T05963,C0913,P0125,2026-04-22 16:32:19,3,96.25,288.75,Card,0
T05964,C1558,P0120,2025-11-15 04:23:02,2,30.58,61.16,Mobile Money,0
T05965,C1750,P0064,2026-03-20 03:53:53,4,402.55,1610.2,Card,0
T05966,C0805,P0058,2026-05-03 03:26:31,3,498.88,1496.64,Cash on Delivery,0
T05967,C1480,P0078,2025-08-09 12:41:23,4,143.04,572.16,Cash on Delivery,0
T05968,C0982,P0121,2026-03-28 04:30:23,4,351.26,1405.04,Card,0
T05969,C0579,P0049,2026-05-29 06:02:05,1,181.37,181.37,Cash on Delivery,0
T05970,C0972,P0103,2025-09-24 14:28:37,2,349.53,699.06,Mobile Money,0
T05971,C1961,P0093,2026-04-09 00:02:03,3,290.57,871.71,Cash on Delivery,0
T05972,C1367,P0174,2025-12-22 06:15:29,3,351.98,1055.94,Mobile Money,0
T05973,C0395,P0055,2025-12-03 06:04:58,2,281.26,562.52,Cash on Delivery,0
T05974,C1500,P0154,2025-08-22 02:56:47,4,402.72,1610.88,Mobile Money,0
T05975,C1002,P0013,2025-10-04 19:48:03,4,305.73,1222.92,Card,0
T05976,C1600,P0128,2025-12-01 22:13:15,4,276.87,1107.48,Cash on Delivery,0
T05977,C1046,P0051,2025-06-24 03:49:53,4,179.52,718.08,Cash on Delivery,0
T05978,C0056,P0060,2026-03-04 16:26:28,2,175.81,351.62,Cash on Delivery,0
T05979,C0717,P0168,2025-10-13 21:01:44,4,396.83,1587.32,Mobile Money,1
T05980,C1215,P0097,2025-06-19 22:54:18,3,457.86,1373.58,Cash on Delivery,0
T05981,C1440,P0151,2026-01-09 22:01:01,3,173.61,520.83,Card,0
T05982,C0892,P0084,2026-03-15 18:29:49,4,156.16,624.64,Card,0
T05983,C1374,P0008,2026-04-27 14:29:01,3,8.5,25.5,Cash on Delivery,0
T05984,C1246,P0089,2025-10-28 13:46:58,1,51.37,51.37,Cash on Delivery,0
T05985,C1374,P0157,2025-11-29 15:51:19,3,128.76,386.28,Mobile Money,0
T05986,C1083,P0089,2025-06-15 02:17:18,1,51.37,51.37,Cash on Delivery,0
T05987,C0540,P0152,2026-04-27 06:22:47,2,63.49,126.98,Card,0
T05988,C0563,P0062,2025-09-30 09:02:03,4,278.68,1114.72,Cash on Delivery,0
T05989,C0558,P0007,2025-11-07 13:08:11,3,95.79,287.37,Cash on Delivery,0
T05990,C1820,P0078,2025-09-22 01:55:16,2,143.04,286.08,Card,0
T05991,C0368,P0024,2025-10-02 14:51:51,3,262.81,788.43,Mobile Money,0
T05992,C0003,P0079,2025-09-16 06:47:16,1,449.07,449.07,Card,0
T05993,C0121,P0002,2026-02-09 00:25:56,3,390.95,1172.85,Card,1
T05994,C0140,P0021,2025-11-21 21:43:50,1,484.94,484.94,Mobile Money,1
T05995,C0206,P0024,2025-10-23 16:33:28,1,262.81,262.81,Mobile Money,0
T05996,C1142,P0043,2026-05-23 17:04:25,2,128.4,256.8,Cash on Delivery,0
T05997,C0635,P0005,2025-10-28 05:12:38,3,15.19,45.57,Card,1
T05998,C1166,P0071,2025-09-29 16:03:13,1,196.43,196.43,Mobile Money,0
T05999,C1188,P0116,2025-11-04 17:13:32,4,20.1,80.4,Card,0
T06000,C1970,P0035,2025-11-11 19:46:01,4,165.97,663.88,Mobile Money,0
T06001,C1432,P0079,2025-07-28 09:28:51,3,449.07,1347.21,Mobile Money,0
T06002,C0947,P0075,2026-01-29 21:46:26,4,279.82,1119.28,Card,0
T06003,C0710,P0145,2026-02-25 16:47:45,1,406.55,406.55,Card,0
T06004,C1871,P0085,2026-06-01 18:34:30,4,327.72,1310.88,Mobile Money,0
T06005,C0736,P0118,2025-09-28 15:36:19,4,263.51,1054.04,Cash on Delivery,0
T06006,C1052,P0122,2025-12-19 12:31:38,2,488.05,976.1,Mobile Money,1
T06007,C1400,P0140,2025-07-09 17:26:58,3,254.05,762.15,Card,1
T06008,C1919,P0165,2026-01-20 08:22:32,4,243.85,975.4,Mobile Money,0
T06009,C1782,P0063,2026-05-05 03:06:13,1,382.0,382.0,Mobile Money,0
T06010,C0266,P0093,2025-11-08 08:43:24,3,290.57,871.71,Card,0
T06011,C1035,P0080,2026-06-01 11:30:56,1,444.45,444.45,Cash on Delivery,0
T06012,C0744,P0115,2026-06-07 02:26:29,2,491.01,982.02,Cash on Delivery,1
T06013,C0374,P0019,2026-01-23 19:03:20,4,332.95,1331.8,Card,0
T06014,C0032,P0018,2026-04-18 09:55:10,2,90.82,181.64,Mobile Money,1
T06015,C0140,P0151,2025-10-30 14:07:50,1,173.61,173.61,Mobile Money,0
T06016,C1045,P0058,2026-04-24 03:04:55,1,498.88,498.88,Card,1
T06017,C0733,P0149,2025-12-17 07:17:08,1,311.04,311.04,Mobile Money,0
T06018,C1583,P0029,2026-02-18 10:46:10,3,387.26,1161.78,Cash on Delivery,0
T06019,C1449,P0140,2026-02-14 01:33:39,2,254.05,508.1,Mobile Money,0
T06020,C1047,P0019,2026-03-12 08:21:09,4,332.95,1331.8,Card,0
T06021,C0922,P0133,2025-09-13 12:49:48,2,174.23,348.46,Card,0
T06022,C1588,P0117,2025-08-27 00:31:58,3,155.12,465.36,Card,0
T06023,C0167,P0010,2025-06-24 18:45:01,2,487.01,974.02,Mobile Money,0
T06024,C1631,P0151,2025-10-15 04:21:51,3,173.61,520.83,Cash on Delivery,1
T06025,C0896,P0072,2025-12-18 21:10:42,1,339.47,339.47,Cash on Delivery,0
T06026,C1296,P0048,2026-04-28 04:09:21,4,446.82,1787.28,Mobile Money,1
T06027,C1012,P0174,2025-07-11 10:38:43,3,351.98,1055.94,Card,0
T06028,C0560,P0095,2026-02-08 22:21:20,1,17.04,17.04,Mobile Money,1
T06029,C1525,P0197,2025-11-05 06:38:18,3,98.12,294.36,Mobile Money,1
T06030,C0861,P0153,2025-08-04 06:36:04,1,468.64,468.64,Mobile Money,0
T06031,C1573,P0104,2025-06-18 06:58:47,1,108.41,108.41,Card,0
T06032,C0541,P0102,2026-04-11 00:02:23,3,189.48,568.44,Mobile Money,0
T06033,C1275,P0058,2026-03-29 10:47:11,1,498.88,498.88,Cash on Delivery,1
T06034,C1110,P0094,2026-01-10 04:41:38,3,118.94,356.82,Mobile Money,0
T06035,C1022,P0110,2025-07-27 23:44:42,1,253.25,253.25,Card,0
T06036,C1321,P0196,2025-11-10 07:57:58,3,57.84,173.52,Cash on Delivery,1
T06037,C0393,P0178,2026-04-08 00:34:07,4,473.89,1895.56,Card,0
T06038,C0155,P0187,2026-02-08 07:36:00,2,115.68,231.36,Mobile Money,0
T06039,C0110,P0109,2025-12-18 04:46:12,3,434.2,1302.6,Mobile Money,0
T06040,C1757,P0106,2026-02-12 14:15:36,3,164.66,493.98,Mobile Money,1
T06041,C0784,P0007,2025-12-20 16:01:24,2,95.79,191.58,Cash on Delivery,0
T06042,C1056,P0049,2025-09-11 05:15:14,1,181.37,181.37,Card,0
T06043,C0992,P0089,2025-11-15 02:19:08,4,51.37,205.48,Mobile Money,0
T06044,C0378,P0019,2026-06-01 16:01:47,3,332.95,998.85,Cash on Delivery,1
T06045,C1266,P0060,2026-01-21 18:00:11,3,175.81,527.43,Cash on Delivery,0
T06046,C1606,P0029,2025-10-30 20:32:28,3,387.26,1161.78,Cash on Delivery,1
T06047,C0685,P0083,2025-06-23 06:45:36,1,333.43,333.43,Cash on Delivery,1
T06048,C0858,P0155,2026-05-06 15:34:33,1,214.62,214.62,Card,0
T06049,C1297,P0163,2026-05-03 03:28:09,3,479.48,1438.44,Mobile Money,1
T06050,C1649,P0035,2025-06-15 10:55:02,3,165.97,497.91,Cash on Delivery,0
T06051,C1658,P0158,2025-11-13 14:28:09,1,465.72,465.72,Mobile Money,1
T06052,C0491,P0048,2025-09-24 19:21:36,1,446.82,446.82,Cash on Delivery,0
T06053,C1013,P0017,2025-12-10 19:54:22,1,65.41,65.41,Cash on Delivery,0
T06054,C0210,P0015,2026-06-03 00:59:41,4,405.16,1620.64,Mobile Money,1
T06055,C1166,P0112,2025-10-02 07:02:52,2,445.55,891.1,Card,0
T06056,C1702,P0173,2025-06-29 05:26:27,1,434.1,434.1,Mobile Money,0
T06057,C1739,P0191,2025-06-18 19:57:23,3,484.8,1454.4,Mobile Money,0
T06058,C1328,P0011,2025-11-09 06:19:36,1,393.66,393.66,Card,0
T06059,C1561,P0154,2025-09-22 01:35:12,3,402.72,1208.16,Cash on Delivery,0
T06060,C0221,P0189,2025-11-26 05:59:11,2,446.12,892.24,Card,1
T06061,C1442,P0110,2025-07-09 14:08:42,2,253.25,506.5,Mobile Money,1
T06062,C1801,P0090,2026-05-17 21:00:12,1,128.98,128.98,Card,0
T06063,C1483,P0040,2026-03-24 23:39:36,1,59.89,59.89,Mobile Money,0
T06064,C1142,P0007,2025-09-08 19:33:16,2,95.79,191.58,Cash on Delivery,1
T06065,C1438,P0194,2025-06-10 09:50:34,4,369.86,1479.44,Cash on Delivery,0
T06066,C0823,P0196,2025-08-28 09:28:08,2,57.84,115.68,Cash on Delivery,0
T06067,C1142,P0014,2025-07-15 13:55:48,1,11.57,11.57,Card,0
T06068,C0892,P0077,2025-09-05 07:04:54,1,450.71,450.71,Mobile Money,0
T06069,C1050,P0172,2025-09-21 22:22:08,2,75.78,151.56,Card,0
T06070,C0654,P0128,2025-09-09 16:27:15,2,276.87,553.74,Card,0
T06071,C1494,P0136,2026-04-15 21:22:07,4,248.35,993.4,Mobile Money,0
T06072,C0853,P0167,2026-03-05 09:40:37,1,279.08,279.08,Cash on Delivery,0
T06073,C1290,P0063,2025-06-16 09:38:14,2,382.0,764.0,Mobile Money,0
T06074,C0570,P0106,2026-01-07 07:52:36,1,164.66,164.66,Cash on Delivery,0
T06075,C1479,P0014,2026-01-22 03:40:13,1,11.57,11.57,Mobile Money,0
T06076,C0159,P0039,2025-11-01 14:43:38,2,249.43,498.86,Card,0
T06077,C1352,P0178,2025-06-17 08:24:35,4,473.89,1895.56,Cash on Delivery,1
T06078,C1935,P0112,2025-11-18 15:59:51,3,445.55,1336.65,Card,0
T06079,C1062,P0089,2025-08-22 02:02:16,3,51.37,154.11,Mobile Money,0
T06080,C1881,P0105,2025-06-10 03:54:58,3,74.34,223.02,Card,0
T06081,C1276,P0071,2026-04-19 09:24:47,2,196.43,392.86,Cash on Delivery,1
T06082,C0149,P0072,2025-07-10 15:46:16,2,339.47,678.94,Mobile Money,0
T06083,C0835,P0016,2025-12-16 01:20:42,3,119.29,357.87,Card,1
T06084,C0118,P0065,2025-09-11 19:52:45,1,318.6,318.6,Mobile Money,0
T06085,C0288,P0192,2025-07-05 15:15:21,1,112.32,112.32,Card,1
T06086,C0297,P0140,2025-09-06 12:50:22,3,254.05,762.15,Cash on Delivery,1
T06087,C1416,P0194,2025-10-02 23:01:01,1,369.86,369.86,Mobile Money,0
T06088,C0901,P0187,2025-12-04 22:11:11,1,115.68,115.68,Cash on Delivery,0
T06089,C0426,P0045,2025-08-15 09:41:15,2,148.43,296.86,Mobile Money,0
T06090,C1539,P0166,2026-02-27 08:04:51,3,226.98,680.94,Cash on Delivery,0
T06091,C0998,P0174,2025-08-22 03:35:27,4,351.98,1407.92,Mobile Money,0
T06092,C0801,P0150,2025-10-20 23:54:02,4,162.89,651.56,Mobile Money,1
T06093,C1809,P0032,2026-05-10 00:34:18,3,463.52,1390.56,Cash on Delivery,0
T06094,C1464,P0120,2025-11-28 13:32:38,2,30.58,61.16,Card,1
T06095,C1606,P0003,2025-09-12 08:52:34,4,82.22,328.88,Card,0
T06096,C1485,P0177,2025-08-26 21:23:39,3,432.25,1296.75,Mobile Money,0
T06097,C0977,P0118,2026-01-26 00:42:53,3,263.51,790.53,Card,1
T06098,C1297,P0149,2025-08-23 11:42:09,4,311.04,1244.16,Mobile Money,0
T06099,C1904,P0096,2025-07-05 03:25:36,1,497.3,497.3,Mobile Money,1
T06100,C1729,P0102,2025-12-05 05:34:05,4,189.48,757.92,Card,1
T06101,C0805,P0066,2025-08-24 11:59:20,3,400.18,1200.54,Mobile Money,1
T06102,C1876,P0152,2025-07-25 15:53:23,3,63.49,190.47,Cash on Delivery,0
T06103,C0789,P0111,2026-04-03 12:16:25,2,40.12,80.24,Card,1
T06104,C0291,P0106,2025-08-16 06:05:08,1,164.66,164.66,Cash on Delivery,0
T06105,C0655,P0166,2026-05-30 19:20:00,1,226.98,226.98,Cash on Delivery,0
T06106,C1962,P0114,2026-04-07 21:02:29,2,22.79,45.58,Mobile Money,1
T06107,C1131,P0094,2025-11-22 11:27:14,4,118.94,475.76,Card,0
T06108,C1047,P0167,2025-11-06 11:11:08,3,279.08,837.24,Card,0
T06109,C1164,P0105,2025-10-10 18:38:04,3,74.34,223.02,Cash on Delivery,0
T06110,C0594,P0198,2025-06-28 12:51:36,4,118.55,474.2,Card,0
T06111,C1462,P0121,2025-07-05 02:18:46,2,351.26,702.52,Mobile Money,1
T06112,C1180,P0088,2025-10-18 16:54:49,2,361.87,723.74,Mobile Money,0
T06113,C1605,P0079,2025-07-30 21:58:39,3,449.07,1347.21,Card,1
T06114,C0768,P0192,2026-04-24 05:54:36,4,112.32,449.28,Mobile Money,1
T06115,C1989,P0010,2025-11-12 00:41:50,4,487.01,1948.04,Mobile Money,0
T06116,C0812,P0135,2026-01-26 11:22:54,3,91.79,275.37,Card,0
T06117,C0094,P0151,2025-09-28 17:54:58,2,173.61,347.22,Card,0
T06118,C1773,P0116,2026-05-21 13:58:56,1,20.1,20.1,Card,0
T06119,C1684,P0165,2025-06-14 02:38:27,1,243.85,243.85,Mobile Money,0
T06120,C0231,P0172,2025-10-22 05:36:27,4,75.78,303.12,Card,0
T06121,C1610,P0070,2026-02-04 18:00:48,1,52.61,52.61,Mobile Money,0
T06122,C1378,P0179,2026-04-20 08:32:54,4,178.36,713.44,Card,0
T06123,C1705,P0159,2025-07-03 21:47:17,4,341.52,1366.08,Mobile Money,1
T06124,C1185,P0058,2025-10-18 23:22:20,1,498.88,498.88,Mobile Money,0
T06125,C1056,P0171,2025-11-01 16:04:20,3,275.23,825.69,Card,0
T06126,C1539,P0121,2025-12-03 01:05:04,3,351.26,1053.78,Card,0
T06127,C1449,P0129,2026-05-26 11:10:27,4,467.63,1870.52,Mobile Money,0
T06128,C0389,P0048,2025-12-15 00:11:44,3,446.82,1340.46,Card,0
T06129,C1774,P0077,2025-07-06 18:49:05,3,450.71,1352.13,Card,0
T06130,C1495,P0022,2025-11-23 07:45:56,1,200.6,200.6,Mobile Money,0
T06131,C0053,P0192,2025-08-08 10:43:57,4,112.32,449.28,Card,0
T06132,C1045,P0055,2026-05-03 00:33:42,1,281.26,281.26,Card,1
T06133,C1880,P0019,2026-02-14 17:25:07,1,332.95,332.95,Cash on Delivery,0
T06134,C0322,P0094,2025-07-27 14:27:22,4,118.94,475.76,Card,0
T06135,C1083,P0059,2026-01-14 23:32:01,1,253.83,253.83,Cash on Delivery,0
T06136,C1464,P0151,2026-03-09 13:21:30,3,173.61,520.83,Cash on Delivery,1
T06137,C1018,P0116,2026-03-14 00:28:24,2,20.1,40.2,Cash on Delivery,0
T06138,C1981,P0062,2026-01-12 19:52:48,2,278.68,557.36,Cash on Delivery,0
T06139,C1317,P0126,2026-04-20 02:50:27,3,349.51,1048.53,Cash on Delivery,0
T06140,C0607,P0182,2025-10-18 12:01:19,1,248.85,248.85,Card,0
T06141,C1678,P0078,2026-01-29 00:32:50,1,143.04,143.04,Mobile Money,0
T06142,C0607,P0105,2026-04-06 03:49:39,1,74.34,74.34,Card,0
T06143,C0319,P0190,2026-02-09 03:48:58,1,459.96,459.96,Cash on Delivery,0
T06144,C0020,P0195,2026-04-24 06:17:59,1,475.45,475.45,Mobile Money,0
T06145,C0235,P0043,2026-04-07 13:19:17,4,128.4,513.6,Mobile Money,0
T06146,C0554,P0085,2026-01-20 13:30:08,2,327.72,655.44,Mobile Money,1
T06147,C0453,P0108,2025-08-02 07:54:31,2,151.77,303.54,Cash on Delivery,0
T06148,C1901,P0074,2026-03-23 20:34:51,4,118.13,472.52,Mobile Money,0
T06149,C1214,P0115,2025-07-24 00:31:29,3,491.01,1473.03,Mobile Money,0
T06150,C0006,P0176,2026-01-09 21:10:27,1,46.99,46.99,Mobile Money,1
T06151,C1594,P0123,2025-11-01 05:20:02,2,25.33,50.66,Mobile Money,0
T06152,C0522,P0171,2026-01-23 21:37:38,2,275.23,550.46,Card,0
T06153,C1135,P0089,2025-09-13 04:48:25,2,51.37,102.74,Card,0
T06154,C1995,P0039,2025-09-29 08:59:54,1,249.43,249.43,Cash on Delivery,0
T06155,C1646,P0167,2026-04-25 11:36:39,3,279.08,837.24,Mobile Money,0
T06156,C0745,P0016,2025-11-20 02:52:02,1,119.29,119.29,Card,1
T06157,C1595,P0188,2025-10-14 00:27:14,4,489.06,1956.24,Card,0
T06158,C0464,P0051,2025-09-03 14:42:43,3,179.52,538.56,Cash on Delivery,0
T06159,C0568,P0043,2026-01-23 12:56:26,3,128.4,385.2,Cash on Delivery,1
T06160,C0316,P0121,2025-11-12 15:02:39,1,351.26,351.26,Mobile Money,0
T06161,C0454,P0115,2026-03-17 07:53:57,1,491.01,491.01,Mobile Money,0
T06162,C0612,P0175,2025-08-30 21:38:27,4,446.49,1785.96,Cash on Delivery,0
T06163,C0647,P0008,2026-01-17 13:01:14,3,8.5,25.5,Cash on Delivery,1
T06164,C0734,P0081,2026-05-03 15:21:44,4,85.01,340.04,Mobile Money,0
T06165,C0377,P0130,2026-02-01 06:13:24,1,370.26,370.26,Mobile Money,0
T06166,C0846,P0004,2026-04-13 04:30:01,2,170.19,340.38,Mobile Money,0
T06167,C0389,P0072,2025-11-16 02:38:07,1,339.47,339.47,Mobile Money,0
T06168,C0603,P0128,2026-05-04 07:06:27,1,276.87,276.87,Cash on Delivery,0
T06169,C1958,P0069,2026-01-04 11:05:05,3,258.49,775.47,Cash on Delivery,0
T06170,C0136,P0094,2026-01-17 00:01:21,1,118.94,118.94,Cash on Delivery,0
T06171,C1734,P0013,2026-02-04 09:00:35,4,305.73,1222.92,Mobile Money,0
T06172,C1288,P0178,2025-12-24 05:36:41,4,473.89,1895.56,Cash on Delivery,0
T06173,C0936,P0158,2025-12-20 16:37:20,1,465.72,465.72,Cash on Delivery,0
T06174,C0768,P0079,2026-03-02 08:29:38,2,449.07,898.14,Mobile Money,0
T06175,C0673,P0074,2025-12-06 13:58:46,3,118.13,354.39,Mobile Money,0
T06176,C0377,P0113,2025-10-16 09:53:17,4,291.54,1166.16,Cash on Delivery,1
T06177,C0974,P0033,2025-12-25 19:49:57,1,432.24,432.24,Mobile Money,0
T06178,C0710,P0096,2025-12-17 18:21:00,1,497.3,497.3,Card,1
T06179,C0828,P0069,2025-10-02 19:06:25,4,258.49,1033.96,Cash on Delivery,0
T06180,C0479,P0074,2025-07-16 21:42:14,3,118.13,354.39,Mobile Money,0
T06181,C1340,P0014,2025-08-09 21:54:04,1,11.57,11.57,Cash on Delivery,0
T06182,C1006,P0068,2025-09-13 10:40:24,4,166.35,665.4,Mobile Money,0
T06183,C1720,P0026,2026-05-19 05:28:20,4,295.44,1181.76,Card,0
T06184,C1642,P0137,2026-04-24 09:03:17,3,235.01,705.03,Card,1
T06185,C0851,P0024,2026-05-11 22:10:20,3,262.81,788.43,Card,0
T06186,C0681,P0194,2026-03-19 01:11:45,2,369.86,739.72,Cash on Delivery,0
T06187,C0546,P0036,2025-07-28 17:19:00,1,140.99,140.99,Mobile Money,0
T06188,C0211,P0121,2025-12-25 00:33:14,3,351.26,1053.78,Card,1
T06189,C0750,P0023,2025-10-21 20:11:41,4,461.33,1845.32,Mobile Money,0
T06190,C0442,P0172,2026-04-18 05:47:49,2,75.78,151.56,Card,1
T06191,C0534,P0059,2026-03-19 01:53:14,2,253.83,507.66,Cash on Delivery,1
T06192,C1368,P0109,2026-05-25 09:44:08,3,434.2,1302.6,Card,0
T06193,C0606,P0040,2025-11-07 10:33:16,1,59.89,59.89,Card,1
T06194,C0265,P0011,2026-06-07 02:49:13,1,393.66,393.66,Card,0
T06195,C1062,P0012,2025-09-19 10:16:30,2,491.7,983.4,Cash on Delivery,0
T06196,C1249,P0131,2025-10-29 02:14:03,2,366.37,732.74,Mobile Money,0
T06197,C0389,P0143,2025-11-03 16:04:58,3,320.02,960.06,Cash on Delivery,0
T06198,C0395,P0054,2025-12-21 17:46:38,4,471.74,1886.96,Card,1
T06199,C1697,P0121,2026-03-01 01:29:13,3,351.26,1053.78,Mobile Money,1
T06200,C1972,P0074,2026-04-07 02:32:59,1,118.13,118.13,Cash on Delivery,0
T06201,C1756,P0192,2025-10-12 00:36:53,3,112.32,336.96,Cash on Delivery,0
T06202,C0384,P0121,2025-07-13 22:23:44,1,351.26,351.26,Cash on Delivery,0
T06203,C0473,P0044,2026-02-01 09:35:41,2,105.52,211.04,Cash on Delivery,0
T06204,C1976,P0164,2025-09-08 10:15:03,4,163.06,652.24,Cash on Delivery,1
T06205,C0925,P0003,2026-01-19 07:50:28,2,82.22,164.44,Card,0
T06206,C0984,P0108,2026-04-29 12:41:45,4,151.77,607.08,Mobile Money,0
T06207,C1307,P0016,2025-12-17 01:23:57,4,119.29,477.16,Card,1
T06208,C1322,P0123,2025-06-24 08:38:19,2,25.33,50.66,Cash on Delivery,0
T06209,C0125,P0185,2026-05-20 12:09:57,2,342.11,684.22,Card,0
T06210,C1426,P0166,2025-09-04 22:25:45,4,226.98,907.92,Mobile Money,0
T06211,C1386,P0145,2026-05-06 10:04:40,2,406.55,813.1,Cash on Delivery,1
T06212,C0852,P0066,2026-03-11 06:10:07,4,400.18,1600.72,Card,0
T06213,C1959,P0009,2025-09-22 22:04:58,4,307.87,1231.48,Cash on Delivery,0
T06214,C0601,P0105,2026-06-05 20:28:39,1,74.34,74.34,Mobile Money,0
T06215,C0158,P0088,2026-02-13 01:28:14,2,361.87,723.74,Card,0
T06216,C1127,P0123,2025-06-11 04:44:18,2,25.33,50.66,Card,0
T06217,C0545,P0146,2025-10-08 14:56:05,3,196.12,588.36,Cash on Delivery,0
T06218,C0915,P0181,2026-05-31 15:23:30,4,128.12,512.48,Mobile Money,0
T06219,C1404,P0087,2025-08-19 17:15:50,1,374.51,374.51,Card,1
T06220,C1944,P0026,2026-04-09 16:12:20,1,295.44,295.44,Cash on Delivery,0
T06221,C1718,P0006,2025-09-09 14:31:03,4,469.58,1878.32,Mobile Money,0
T06222,C0260,P0039,2025-11-21 10:53:10,3,249.43,748.29,Card,1
T06223,C1328,P0128,2025-07-31 03:48:10,2,276.87,553.74,Cash on Delivery,1
T06224,C1818,P0060,2026-02-10 03:26:17,2,175.81,351.62,Cash on Delivery,0
T06225,C0854,P0077,2026-01-02 18:36:55,4,450.71,1802.84,Card,1
T06226,C1080,P0123,2025-08-04 00:16:19,1,25.33,25.33,Card,0
T06227,C1703,P0039,2025-07-19 18:25:44,1,249.43,249.43,Cash on Delivery,0
T06228,C0930,P0176,2026-02-26 01:11:41,1,46.99,46.99,Cash on Delivery,1
T06229,C0768,P0127,2026-06-04 18:05:46,1,458.03,458.03,Card,1
T06230,C1814,P0025,2026-04-19 19:46:09,1,197.4,197.4,Cash on Delivery,0
T06231,C1742,P0023,2025-09-06 02:52:10,1,461.33,461.33,Card,0
T06232,C0030,P0154,2025-07-17 16:38:20,4,402.72,1610.88,Card,0
T06233,C0231,P0166,2025-11-24 14:29:32,2,226.98,453.96,Cash on Delivery,0
T06234,C0729,P0103,2025-11-15 11:41:07,2,349.53,699.06,Mobile Money,0
T06235,C0746,P0077,2025-09-19 16:00:17,1,450.71,450.71,Card,0
T06236,C0095,P0073,2025-07-09 03:48:19,3,462.72,1388.16,Mobile Money,1
T06237,C1119,P0172,2025-10-21 08:52:40,3,75.78,227.34,Mobile Money,1
T06238,C1909,P0138,2026-06-05 16:45:28,3,309.85,929.55,Mobile Money,1
T06239,C1148,P0037,2025-07-01 04:50:28,3,64.2,192.6,Card,0
T06240,C1803,P0032,2026-02-28 03:36:06,4,463.52,1854.08,Card,0
T06241,C0621,P0176,2026-03-05 23:22:28,3,46.99,140.97,Card,0
T06242,C1072,P0092,2025-11-10 07:11:33,4,220.03,880.12,Cash on Delivery,0
T06243,C1501,P0045,2025-11-18 07:50:01,3,148.43,445.29,Card,1
T06244,C1668,P0033,2025-12-24 13:47:13,2,432.24,864.48,Cash on Delivery,0
T06245,C0218,P0047,2025-10-19 23:59:40,2,230.98,461.96,Card,0
T06246,C1183,P0053,2026-02-21 11:10:21,2,347.76,695.52,Mobile Money,0
T06247,C1625,P0159,2025-10-31 22:25:36,3,341.52,1024.56,Card,0
T06248,C1969,P0176,2025-06-13 19:29:54,4,46.99,187.96,Mobile Money,0
T06249,C0761,P0159,2026-05-22 01:51:11,3,341.52,1024.56,Cash on Delivery,0
T06250,C1261,P0101,2026-01-15 02:24:48,2,426.31,852.62,Cash on Delivery,0
T06251,C1339,P0172,2026-01-28 02:10:58,1,75.78,75.78,Mobile Money,0
T06252,C1860,P0023,2026-04-28 09:20:55,3,461.33,1383.99,Mobile Money,0
T06253,C1129,P0092,2026-04-29 22:33:49,2,220.03,440.06,Cash on Delivery,0
T06254,C1665,P0042,2025-12-06 11:42:06,1,283.82,283.82,Mobile Money,0
T06255,C1626,P0053,2026-03-19 22:32:42,4,347.76,1391.04,Cash on Delivery,0
T06256,C1396,P0174,2025-12-01 01:36:38,2,351.98,703.96,Cash on Delivery,0
T06257,C1174,P0087,2025-09-18 11:23:05,1,374.51,374.51,Cash on Delivery,0
T06258,C1144,P0115,2025-08-18 05:49:33,4,491.01,1964.04,Card,0
T06259,C0117,P0028,2025-08-24 04:05:05,1,86.81,86.81,Card,0
T06260,C0832,P0191,2026-02-11 07:28:20,1,484.8,484.8,Mobile Money,0
T06261,C0626,P0006,2025-12-19 02:15:36,2,469.58,939.16,Cash on Delivery,1
T06262,C1062,P0128,2025-11-22 01:53:58,1,276.87,276.87,Mobile Money,0
T06263,C1648,P0197,2026-01-15 06:44:21,1,98.12,98.12,Cash on Delivery,0
T06264,C0684,P0181,2025-07-20 02:08:11,1,128.12,128.12,Mobile Money,0
T06265,C1434,P0127,2025-11-03 20:37:18,2,458.03,916.06,Mobile Money,0
T06266,C1968,P0077,2025-08-15 07:33:23,3,450.71,1352.13,Card,0
T06267,C1358,P0158,2025-11-18 05:50:52,4,465.72,1862.88,Card,0
T06268,C1868,P0120,2025-09-26 01:29:14,3,30.58,91.74,Mobile Money,1
T06269,C0197,P0101,2026-02-10 01:36:34,3,426.31,1278.93,Mobile Money,0
T06270,C1675,P0120,2025-12-04 21:10:32,4,30.58,122.32,Mobile Money,0
T06271,C1562,P0083,2026-05-22 16:40:26,2,333.43,666.86,Card,0
T06272,C0735,P0128,2025-08-01 09:54:10,1,276.87,276.87,Cash on Delivery,0
T06273,C1620,P0083,2025-08-08 03:16:48,4,333.43,1333.72,Card,1
T06274,C0220,P0151,2026-05-31 14:48:40,1,173.61,173.61,Mobile Money,0
T06275,C1904,P0037,2025-08-21 10:21:31,4,64.2,256.8,Card,0
T06276,C0202,P0193,2025-08-10 19:55:21,2,315.64,631.28,Mobile Money,1
T06277,C1113,P0098,2026-04-07 01:09:53,4,476.77,1907.08,Mobile Money,0
T06278,C1729,P0183,2026-02-01 07:04:51,2,287.88,575.76,Card,0
T06279,C0716,P0160,2025-11-13 09:18:49,1,56.05,56.05,Cash on Delivery,0
T06280,C1246,P0115,2025-11-27 18:24:24,2,491.01,982.02,Card,0
T06281,C0771,P0141,2025-08-26 09:29:02,2,343.56,687.12,Card,0
T06282,C1576,P0170,2026-03-01 01:24:35,2,277.02,554.04,Card,0
T06283,C1084,P0074,2025-08-29 09:44:31,2,118.13,236.26,Mobile Money,0
T06284,C1409,P0011,2025-07-26 21:09:08,4,393.66,1574.64,Card,0
T06285,C1726,P0154,2025-06-18 08:11:15,2,402.72,805.44,Card,0
T06286,C0252,P0123,2025-11-19 10:11:45,1,25.33,25.33,Card,0
T06287,C0213,P0092,2026-03-07 10:52:36,4,220.03,880.12,Cash on Delivery,1
T06288,C0268,P0062,2026-06-07 20:15:32,2,278.68,557.36,Cash on Delivery,0
T06289,C0540,P0155,2026-05-26 01:28:46,3,214.62,643.86,Cash on Delivery,0
T06290,C1011,P0194,2026-04-15 13:13:40,4,369.86,1479.44,Mobile Money,0
T06291,C1159,P0107,2025-08-18 12:55:37,1,352.73,352.73,Cash on Delivery,1
T06292,C1959,P0095,2025-10-07 10:50:19,2,17.04,34.08,Cash on Delivery,0
T06293,C1383,P0118,2025-08-11 02:23:14,2,263.51,527.02,Card,0
T06294,C1342,P0073,2025-12-22 02:50:58,3,462.72,1388.16,Cash on Delivery,0
T06295,C1318,P0012,2026-03-23 10:53:44,1,491.7,491.7,Cash on Delivery,0
T06296,C1831,P0186,2026-02-08 08:23:56,4,241.47,965.88,Card,0
T06297,C1840,P0086,2026-03-19 01:14:11,4,13.95,55.8,Cash on Delivery,0
T06298,C1704,P0135,2026-05-23 03:09:25,4,91.79,367.16,Cash on Delivery,0
T06299,C1148,P0008,2025-08-01 05:59:40,4,8.5,34.0,Card,0
T06300,C1209,P0116,2025-11-02 12:56:54,2,20.1,40.2,Card,0
T06301,C1907,P0035,2025-10-07 18:52:44,1,165.97,165.97,Cash on Delivery,0
T06302,C1108,P0013,2026-01-07 17:13:57,3,305.73,917.19,Mobile Money,0
T06303,C0303,P0021,2025-12-09 06:48:22,1,484.94,484.94,Cash on Delivery,0
T06304,C1000,P0002,2025-09-06 12:15:02,4,390.95,1563.8,Mobile Money,0
T06305,C0640,P0030,2025-06-30 11:05:07,3,11.97,35.91,Cash on Delivery,0
T06306,C0461,P0055,2025-08-21 11:41:01,4,281.26,1125.04,Cash on Delivery,1
T06307,C0092,P0097,2025-12-17 03:10:53,4,457.86,1831.44,Mobile Money,0
T06308,C1820,P0024,2025-08-05 08:05:13,2,262.81,525.62,Card,1
T06309,C1385,P0117,2026-01-13 06:26:00,4,155.12,620.48,Cash on Delivery,0
T06310,C1459,P0093,2026-01-16 19:23:49,2,290.57,581.14,Mobile Money,0
T06311,C0078,P0150,2026-05-09 23:42:33,1,162.89,162.89,Card,1
T06312,C1038,P0074,2025-10-02 20:01:16,4,118.13,472.52,Cash on Delivery,1
T06313,C0416,P0045,2026-05-08 22:09:07,2,148.43,296.86,Mobile Money,0
T06314,C1632,P0062,2025-11-09 05:46:03,1,278.68,278.68,Card,0
T06315,C0468,P0067,2025-09-04 18:56:35,4,97.33,389.32,Mobile Money,0
T06316,C1143,P0061,2026-01-08 18:17:55,1,76.72,76.72,Mobile Money,0
T06317,C0080,P0087,2025-11-21 07:00:25,3,374.51,1123.53,Mobile Money,0
T06318,C1906,P0047,2026-01-12 22:36:36,3,230.98,692.94,Cash on Delivery,1
T06319,C0948,P0054,2025-09-06 12:46:22,3,471.74,1415.22,Card,0
T06320,C1815,P0072,2026-04-16 14:21:05,1,339.47,339.47,Mobile Money,0
T06321,C0779,P0158,2025-06-18 08:37:24,1,465.72,465.72,Cash on Delivery,1
T06322,C1653,P0163,2026-02-22 13:33:54,3,479.48,1438.44,Cash on Delivery,0
T06323,C0753,P0067,2026-05-03 23:35:48,3,97.33,291.99,Cash on Delivery,0
T06324,C1207,P0178,2025-08-25 16:42:29,4,473.89,1895.56,Mobile Money,0
T06325,C1091,P0077,2026-04-20 22:07:44,2,450.71,901.42,Cash on Delivery,0
T06326,C0685,P0148,2025-10-17 06:23:44,2,54.89,109.78,Card,1
T06327,C0916,P0035,2025-09-01 23:56:51,1,165.97,165.97,Card,1
T06328,C0055,P0024,2026-05-17 02:48:59,1,262.81,262.81,Card,1
T06329,C1497,P0137,2025-08-08 01:32:18,2,235.01,470.02,Cash on Delivery,0
T06330,C1463,P0144,2026-01-20 02:45:13,3,197.14,591.42,Mobile Money,0
T06331,C0314,P0200,2026-01-16 17:49:07,4,270.37,1081.48,Cash on Delivery,0
T06332,C1868,P0064,2025-11-22 15:17:25,4,402.55,1610.2,Mobile Money,0
T06333,C0049,P0115,2026-04-15 00:44:53,4,491.01,1964.04,Mobile Money,0
T06334,C0118,P0029,2026-04-19 16:32:10,3,387.26,1161.78,Mobile Money,0
T06335,C1613,P0082,2025-07-11 19:30:24,3,292.44,877.32,Card,1
T06336,C0602,P0122,2025-07-13 09:24:36,1,488.05,488.05,Cash on Delivery,0
T06337,C0176,P0002,2025-12-13 20:16:12,1,390.95,390.95,Card,0
T06338,C0639,P0037,2025-10-06 01:11:52,1,64.2,64.2,Mobile Money,1
T06339,C0297,P0103,2025-06-25 21:16:20,2,349.53,699.06,Mobile Money,0
T06340,C0475,P0004,2026-05-20 17:54:14,3,170.19,510.57,Mobile Money,0
T06341,C0536,P0111,2025-07-27 12:30:19,3,40.12,120.36,Mobile Money,0
T06342,C1205,P0050,2025-10-06 00:49:49,1,117.83,117.83,Card,0
T06343,C0637,P0025,2026-05-20 12:33:43,1,197.4,197.4,Card,0
T06344,C0227,P0031,2025-10-19 13:21:32,1,365.86,365.86,Card,0
T06345,C1407,P0092,2025-08-21 02:17:41,2,220.03,440.06,Cash on Delivery,0
T06346,C1205,P0058,2026-03-24 17:17:43,4,498.88,1995.52,Card,0
T06347,C0132,P0114,2025-09-24 16:39:27,2,22.79,45.58,Card,0
T06348,C0415,P0092,2025-09-24 17:32:51,4,220.03,880.12,Mobile Money,0
T06349,C0654,P0078,2026-04-15 12:37:03,4,143.04,572.16,Mobile Money,0
T06350,C1067,P0129,2026-05-29 15:10:03,4,467.63,1870.52,Card,0
T06351,C0061,P0118,2025-11-20 16:29:19,3,263.51,790.53,Card,0
T06352,C0188,P0041,2026-05-29 00:39:36,2,20.56,41.12,Card,0
T06353,C0847,P0197,2026-03-14 05:36:43,2,98.12,196.24,Cash on Delivery,0
T06354,C1488,P0187,2025-12-13 19:29:26,2,115.68,231.36,Card,0
T06355,C1822,P0164,2025-11-16 05:36:01,4,163.06,652.24,Mobile Money,0
T06356,C1291,P0102,2025-08-08 13:45:08,3,189.48,568.44,Cash on Delivery,0
T06357,C1453,P0124,2025-10-02 10:47:29,1,222.29,222.29,Card,0
T06358,C0578,P0179,2025-12-02 10:54:50,3,178.36,535.08,Card,0
T06359,C0536,P0099,2026-04-17 19:20:15,3,483.49,1450.47,Mobile Money,0
T06360,C1701,P0077,2025-07-24 15:01:17,1,450.71,450.71,Card,0
T06361,C1630,P0128,2025-09-19 22:31:19,4,276.87,1107.48,Mobile Money,0
T06362,C1326,P0087,2025-07-07 04:48:55,4,374.51,1498.04,Mobile Money,1
T06363,C0249,P0156,2025-08-08 16:59:56,1,495.3,495.3,Mobile Money,1
T06364,C1453,P0180,2026-03-06 19:39:23,3,389.69,1169.07,Card,0
T06365,C0713,P0058,2025-12-06 08:11:04,3,498.88,1496.64,Card,0
T06366,C0247,P0072,2025-10-13 11:46:00,3,339.47,1018.41,Mobile Money,0
T06367,C1617,P0098,2026-02-17 17:35:56,1,476.77,476.77,Card,0
T06368,C1448,P0169,2025-07-26 15:38:47,1,465.81,465.81,Card,1
T06369,C0459,P0005,2026-01-03 02:42:23,2,15.19,30.38,Mobile Money,0
T06370,C0593,P0028,2025-10-10 19:19:35,2,86.81,173.62,Mobile Money,1
T06371,C1317,P0087,2025-08-15 19:57:00,2,374.51,749.02,Mobile Money,0
T06372,C0197,P0155,2025-07-24 04:35:18,1,214.62,214.62,Cash on Delivery,0
T06373,C1869,P0083,2026-04-13 19:24:13,3,333.43,1000.29,Mobile Money,0
T06374,C1114,P0182,2025-10-05 16:37:59,3,248.85,746.55,Card,0
T06375,C1595,P0027,2025-11-20 16:03:24,2,273.63,547.26,Cash on Delivery,0
T06376,C1251,P0072,2026-03-01 14:18:13,3,339.47,1018.41,Cash on Delivery,0
T06377,C0362,P0091,2026-01-21 05:27:51,4,199.58,798.32,Cash on Delivery,0
T06378,C1087,P0004,2025-11-27 06:34:55,2,170.19,340.38,Mobile Money,0
T06379,C0972,P0087,2026-05-14 04:29:19,4,374.51,1498.04,Card,1
T06380,C1647,P0180,2026-05-31 03:53:30,4,389.69,1558.76,Cash on Delivery,0
T06381,C0908,P0191,2025-09-03 03:26:55,1,484.8,484.8,Cash on Delivery,1
T06382,C0278,P0136,2025-10-26 12:52:18,2,248.35,496.7,Cash on Delivery,1
T06383,C0372,P0091,2025-11-01 05:32:59,1,199.58,199.58,Cash on Delivery,0
T06384,C0123,P0041,2025-10-20 10:45:14,1,20.56,20.56,Mobile Money,0
T06385,C1151,P0057,2025-08-04 10:53:31,4,251.14,1004.56,Cash on Delivery,0
T06386,C0518,P0095,2025-10-27 20:07:28,3,17.04,51.12,Cash on Delivery,0
T06387,C0746,P0167,2025-07-28 23:32:24,1,279.08,279.08,Mobile Money,0
T06388,C1920,P0032,2026-05-12 03:03:12,4,463.52,1854.08,Mobile Money,0
T06389,C1833,P0016,2026-05-11 12:25:44,4,119.29,477.16,Cash on Delivery,0
T06390,C0987,P0195,2026-03-15 09:31:28,2,475.45,950.9,Card,0
T06391,C1553,P0137,2026-05-20 10:44:14,1,235.01,235.01,Cash on Delivery,1
T06392,C0511,P0110,2025-10-30 17:09:00,1,253.25,253.25,Mobile Money,0
T06393,C0897,P0026,2026-05-24 17:57:55,1,295.44,295.44,Cash on Delivery,1
T06394,C1289,P0001,2026-01-08 03:49:43,3,190.4,571.2,Mobile Money,0
T06395,C0233,P0087,2026-01-27 17:31:41,2,374.51,749.02,Cash on Delivery,0
T06396,C0403,P0004,2025-09-16 19:44:54,4,170.19,680.76,Mobile Money,0
T06397,C0750,P0005,2026-04-27 14:00:12,4,15.19,60.76,Card,0
T06398,C0304,P0106,2026-05-02 03:23:56,3,164.66,493.98,Card,0
T06399,C1062,P0087,2026-01-07 07:36:54,3,374.51,1123.53,Mobile Money,0
T06400,C1070,P0052,2025-09-27 08:07:42,3,257.82,773.46,Cash on Delivery,0
T06401,C0256,P0093,2025-12-20 19:56:51,4,290.57,1162.28,Card,0
T06402,C0818,P0137,2026-05-29 16:48:56,3,235.01,705.03,Cash on Delivery,0
T06403,C0038,P0066,2026-03-06 15:26:12,1,400.18,400.18,Cash on Delivery,0
T06404,C0105,P0155,2025-10-21 18:05:52,3,214.62,643.86,Card,0
T06405,C1982,P0148,2026-04-07 10:48:51,4,54.89,219.56,Cash on Delivery,0
T06406,C0525,P0016,2025-10-04 14:50:59,3,119.29,357.87,Mobile Money,0
T06407,C0916,P0114,2025-12-07 20:27:55,2,22.79,45.58,Card,0
T06408,C0690,P0152,2026-05-18 14:25:05,1,63.49,63.49,Card,0
T06409,C0600,P0135,2025-06-27 03:07:02,3,91.79,275.37,Cash on Delivery,1
T06410,C0389,P0029,2026-01-22 13:57:09,4,387.26,1549.04,Cash on Delivery,0
T06411,C0931,P0107,2025-06-28 09:03:02,1,352.73,352.73,Card,0
T06412,C1139,P0065,2025-11-09 09:43:51,4,318.6,1274.4,Card,1
T06413,C1098,P0198,2025-12-14 16:59:11,3,118.55,355.65,Mobile Money,0
T06414,C1992,P0135,2026-02-05 07:55:26,4,91.79,367.16,Mobile Money,0
T06415,C0978,P0013,2025-10-06 02:12:42,2,305.73,611.46,Card,1
T06416,C0380,P0078,2026-04-20 19:43:34,3,143.04,429.12,Card,0
T06417,C0781,P0125,2026-02-26 11:30:09,2,96.25,192.5,Card,0
T06418,C0556,P0054,2025-08-03 04:39:15,2,471.74,943.48,Mobile Money,0
T06419,C0536,P0141,2026-04-10 00:10:34,1,343.56,343.56,Mobile Money,1
T06420,C0996,P0124,2025-11-14 03:01:28,1,222.29,222.29,Cash on Delivery,0
T06421,C1884,P0198,2025-12-31 22:46:58,2,118.55,237.1,Mobile Money,0
T06422,C1215,P0005,2026-03-31 10:00:06,2,15.19,30.38,Mobile Money,0
T06423,C0583,P0125,2025-12-09 14:44:40,1,96.25,96.25,Card,1
T06424,C1891,P0183,2025-07-04 07:59:07,1,287.88,287.88,Cash on Delivery,0
T06425,C1977,P0012,2025-11-19 07:49:45,4,491.7,1966.8,Card,1
T06426,C1324,P0046,2026-02-11 19:10:47,4,314.06,1256.24,Mobile Money,0
T06427,C1164,P0152,2026-02-16 01:23:14,1,63.49,63.49,Card,0
T06428,C1161,P0100,2026-04-26 16:46:58,1,42.3,42.3,Card,0
T06429,C1908,P0103,2025-10-25 01:06:46,2,349.53,699.06,Card,1
T06430,C0657,P0022,2026-01-06 01:04:17,3,200.6,601.8,Card,0
T06431,C0175,P0161,2025-06-09 12:17:25,1,250.8,250.8,Cash on Delivery,0
T06432,C1504,P0088,2026-03-13 22:44:20,3,361.87,1085.61,Card,0
T06433,C1807,P0033,2026-06-05 15:43:02,1,432.24,432.24,Cash on Delivery,0
T06434,C0957,P0027,2025-11-10 13:32:52,2,273.63,547.26,Card,0
T06435,C1648,P0196,2026-01-16 00:13:04,1,57.84,57.84,Cash on Delivery,0
T06436,C0816,P0082,2025-12-21 04:19:36,1,292.44,292.44,Mobile Money,0
T06437,C0447,P0008,2026-02-17 19:05:15,2,8.5,17.0,Card,0
T06438,C1794,P0118,2026-05-13 17:04:39,4,263.51,1054.04,Mobile Money,0
T06439,C1557,P0150,2026-03-09 17:43:38,2,162.89,325.78,Cash on Delivery,1
T06440,C0608,P0134,2026-04-16 14:54:43,3,25.16,75.48,Cash on Delivery,0
T06441,C1537,P0198,2026-03-23 06:31:04,1,118.55,118.55,Cash on Delivery,0
T06442,C1688,P0150,2026-04-28 14:28:48,1,162.89,162.89,Cash on Delivery,0
T06443,C0662,P0064,2026-03-13 23:38:24,1,402.55,402.55,Mobile Money,0
T06444,C0012,P0061,2025-09-04 08:51:40,4,76.72,306.88,Card,0
T06445,C0083,P0090,2026-03-03 12:27:37,4,128.98,515.92,Mobile Money,0
T06446,C0545,P0128,2025-09-03 07:08:53,4,276.87,1107.48,Card,0
T06447,C0100,P0149,2025-10-07 11:51:41,4,311.04,1244.16,Card,0
T06448,C0328,P0106,2026-04-11 00:20:14,1,164.66,164.66,Mobile Money,0
T06449,C0092,P0074,2025-11-05 05:33:25,4,118.13,472.52,Cash on Delivery,1
T06450,C1972,P0074,2026-05-27 17:26:08,4,118.13,472.52,Cash on Delivery,0
T06451,C0315,P0175,2026-04-16 15:42:34,1,446.49,446.49,Card,1
T06452,C0497,P0175,2026-03-30 11:42:17,4,446.49,1785.96,Card,0
T06453,C0035,P0013,2026-03-05 07:12:52,4,305.73,1222.92,Card,0
T06454,C0925,P0119,2025-09-23 06:56:41,3,482.8,1448.4,Cash on Delivery,0
T06455,C1475,P0056,2025-07-03 20:21:45,1,486.03,486.03,Mobile Money,0
T06456,C1400,P0053,2025-06-24 07:13:13,1,347.76,347.76,Card,0
T06457,C0390,P0060,2026-02-14 16:41:14,1,175.81,175.81,Card,0
T06458,C0592,P0176,2025-08-22 14:55:37,2,46.99,93.98,Cash on Delivery,0
T06459,C1291,P0163,2025-08-15 20:47:30,2,479.48,958.96,Card,0
T06460,C1303,P0051,2025-11-27 16:27:04,1,179.52,179.52,Mobile Money,0
T06461,C0955,P0047,2026-05-21 06:37:39,3,230.98,692.94,Mobile Money,0
T06462,C0127,P0185,2025-11-23 06:26:19,1,342.11,342.11,Card,0
T06463,C0667,P0056,2026-03-23 20:29:30,2,486.03,972.06,Mobile Money,1
T06464,C1463,P0073,2025-08-07 11:52:55,3,462.72,1388.16,Cash on Delivery,0
T06465,C0556,P0137,2025-07-28 19:56:41,2,235.01,470.02,Mobile Money,0
T06466,C1712,P0149,2025-10-22 13:45:42,4,311.04,1244.16,Mobile Money,0
T06467,C0923,P0100,2025-11-24 05:37:51,1,42.3,42.3,Card,0
T06468,C1850,P0045,2026-01-12 13:04:40,3,148.43,445.29,Card,0
T06469,C0806,P0168,2025-09-16 13:08:42,3,396.83,1190.49,Cash on Delivery,0
T06470,C1683,P0029,2025-07-05 04:00:46,4,387.26,1549.04,Card,0
T06471,C1324,P0088,2025-12-21 23:54:24,4,361.87,1447.48,Mobile Money,0
T06472,C1239,P0193,2026-03-06 22:36:50,4,315.64,1262.56,Mobile Money,1
T06473,C1531,P0141,2025-10-06 20:07:57,2,343.56,687.12,Mobile Money,0
T06474,C0627,P0049,2026-03-11 03:43:46,3,181.37,544.11,Cash on Delivery,1
T06475,C1735,P0075,2025-07-03 23:45:11,3,279.82,839.46,Mobile Money,0
T06476,C0049,P0163,2025-09-27 23:02:26,3,479.48,1438.44,Cash on Delivery,0
T06477,C0627,P0107,2025-07-31 05:16:41,3,352.73,1058.19,Card,0
T06478,C0277,P0168,2026-04-20 16:14:44,4,396.83,1587.32,Cash on Delivery,0
T06479,C0926,P0047,2026-01-25 18:59:18,3,230.98,692.94,Cash on Delivery,0
T06480,C1854,P0127,2025-10-02 17:25:24,3,458.03,1374.09,Cash on Delivery,0
T06481,C1686,P0165,2026-01-08 17:04:33,1,243.85,243.85,Card,0
T06482,C1996,P0031,2025-12-18 03:40:51,2,365.86,731.72,Mobile Money,0
T06483,C0633,P0045,2025-10-31 06:15:38,2,148.43,296.86,Cash on Delivery,0
T06484,C0703,P0140,2025-09-19 20:25:14,3,254.05,762.15,Mobile Money,0
T06485,C0166,P0077,2025-11-06 20:08:41,4,450.71,1802.84,Cash on Delivery,0
T06486,C0636,P0117,2025-07-24 07:01:16,3,155.12,465.36,Mobile Money,0
T06487,C1328,P0054,2026-02-06 23:29:32,3,471.74,1415.22,Mobile Money,0
T06488,C1295,P0200,2026-01-16 12:37:53,1,270.37,270.37,Mobile Money,1
T06489,C0113,P0199,2025-11-03 11:27:15,4,487.33,1949.32,Card,0
T06490,C0427,P0016,2025-12-09 15:43:20,4,119.29,477.16,Card,0
T06491,C0764,P0135,2025-12-13 03:47:10,3,91.79,275.37,Card,0
T06492,C1122,P0028,2025-11-16 11:42:19,2,86.81,173.62,Cash on Delivery,0
T06493,C1920,P0060,2026-02-23 04:54:07,2,175.81,351.62,Card,1
T06494,C0159,P0131,2025-09-03 21:02:57,1,366.37,366.37,Cash on Delivery,0
T06495,C1620,P0056,2025-10-23 10:24:33,3,486.03,1458.09,Cash on Delivery,0
T06496,C1105,P0174,2026-02-03 15:28:22,4,351.98,1407.92,Mobile Money,0
T06497,C0708,P0018,2026-04-16 16:22:41,1,90.82,90.82,Cash on Delivery,0
T06498,C1892,P0035,2025-07-01 21:19:21,4,165.97,663.88,Mobile Money,1
T06499,C0397,P0023,2025-12-29 23:34:37,3,461.33,1383.99,Mobile Money,0
T06500,C0517,P0142,2025-08-27 11:57:17,1,323.0,323.0,Mobile Money,1
T06501,C1261,P0150,2026-02-10 19:21:45,4,162.89,651.56,Mobile Money,1
T06502,C0358,P0132,2025-11-05 02:13:08,2,181.21,362.42,Card,0
T06503,C1187,P0029,2025-10-29 08:03:43,1,387.26,387.26,Cash on Delivery,0
T06504,C1763,P0148,2026-05-24 13:57:15,3,54.89,164.67,Cash on Delivery,1
T06505,C1594,P0130,2025-09-18 01:04:42,4,370.26,1481.04,Cash on Delivery,0
T06506,C1386,P0146,2026-01-22 11:52:12,2,196.12,392.24,Cash on Delivery,1
T06507,C0704,P0056,2026-01-04 14:35:47,2,486.03,972.06,Cash on Delivery,0
T06508,C0436,P0103,2026-03-02 21:56:26,3,349.53,1048.59,Cash on Delivery,0
T06509,C1596,P0022,2025-07-18 17:49:05,1,200.6,200.6,Mobile Money,1
T06510,C0511,P0138,2025-12-04 23:25:57,4,309.85,1239.4,Cash on Delivery,1
T06511,C1670,P0128,2026-04-12 12:15:39,4,276.87,1107.48,Mobile Money,0
T06512,C1366,P0081,2026-01-31 13:59:00,2,85.01,170.02,Cash on Delivery,1
T06513,C0924,P0082,2025-08-02 18:15:31,4,292.44,1169.76,Mobile Money,0
T06514,C0809,P0042,2025-07-17 07:18:18,2,283.82,567.64,Card,0
T06515,C0220,P0063,2025-11-10 18:16:22,2,382.0,764.0,Cash on Delivery,0
T06516,C0157,P0079,2026-05-21 11:37:04,3,449.07,1347.21,Card,0
T06517,C1826,P0071,2025-11-15 13:39:01,2,196.43,392.86,Mobile Money,0
T06518,C1946,P0096,2025-10-23 05:25:42,2,497.3,994.6,Card,0
T06519,C0985,P0109,2025-12-04 13:22:19,3,434.2,1302.6,Card,0
T06520,C1044,P0019,2026-04-20 08:40:06,1,332.95,332.95,Cash on Delivery,0
T06521,C1908,P0161,2026-05-25 12:15:11,1,250.8,250.8,Mobile Money,0
T06522,C0864,P0094,2026-02-12 08:34:34,2,118.94,237.88,Card,0
T06523,C1796,P0104,2025-11-02 07:36:07,1,108.41,108.41,Card,1
T06524,C0899,P0160,2025-07-29 14:47:50,3,56.05,168.15,Cash on Delivery,1
T06525,C0038,P0092,2026-03-06 16:42:25,1,220.03,220.03,Cash on Delivery,0
T06526,C1848,P0118,2026-05-23 19:46:24,2,263.51,527.02,Cash on Delivery,0
T06527,C0849,P0168,2026-05-14 11:04:49,1,396.83,396.83,Mobile Money,1
T06528,C1605,P0106,2026-05-16 14:14:46,4,164.66,658.64,Mobile Money,1
T06529,C1066,P0083,2025-10-24 23:00:55,3,333.43,1000.29,Mobile Money,0
T06530,C0458,P0099,2026-03-05 13:07:30,2,483.49,966.98,Mobile Money,0
T06531,C1769,P0130,2026-05-18 17:35:10,4,370.26,1481.04,Card,0
T06532,C0326,P0117,2026-04-26 15:36:56,1,155.12,155.12,Card,0
T06533,C0325,P0107,2025-08-16 03:30:31,3,352.73,1058.19,Mobile Money,0
T06534,C1184,P0039,2026-03-23 18:38:36,3,249.43,748.29,Card,0
T06535,C0746,P0004,2025-09-07 01:00:46,1,170.19,170.19,Cash on Delivery,1
T06536,C1874,P0160,2026-05-03 02:00:56,4,56.05,224.2,Cash on Delivery,0
T06537,C0582,P0097,2025-07-09 20:35:14,2,457.86,915.72,Mobile Money,0
T06538,C0221,P0046,2026-03-02 03:11:49,4,314.06,1256.24,Card,0
T06539,C1872,P0186,2026-02-14 17:03:08,3,241.47,724.41,Mobile Money,0
T06540,C0296,P0048,2025-10-13 05:38:00,3,446.82,1340.46,Cash on Delivery,0
T06541,C0292,P0059,2025-12-11 00:56:49,4,253.83,1015.32,Cash on Delivery,1
T06542,C1055,P0172,2025-07-27 04:18:21,4,75.78,303.12,Cash on Delivery,0
T06543,C1963,P0170,2025-08-24 07:44:42,4,277.02,1108.08,Card,1
T06544,C1158,P0043,2025-08-29 16:40:58,3,128.4,385.2,Cash on Delivery,1
T06545,C1023,P0093,2025-06-19 03:49:05,3,290.57,871.71,Card,0
T06546,C0086,P0194,2025-07-16 08:47:07,4,369.86,1479.44,Card,0
T06547,C1104,P0009,2026-04-24 01:18:44,3,307.87,923.61,Cash on Delivery,1
T06548,C1014,P0109,2026-06-01 16:57:42,1,434.2,434.2,Cash on Delivery,0
T06549,C0018,P0118,2025-08-14 02:31:53,4,263.51,1054.04,Card,0
T06550,C0500,P0153,2025-11-10 07:26:25,1,468.64,468.64,Cash on Delivery,1
T06551,C0115,P0186,2025-10-15 01:26:47,2,241.47,482.94,Mobile Money,0
T06552,C0353,P0001,2026-03-08 22:43:12,3,190.4,571.2,Mobile Money,1
T06553,C0541,P0113,2025-10-26 12:04:04,3,291.54,874.62,Card,0
T06554,C1973,P0066,2026-06-08 05:35:32,3,400.18,1200.54,Cash on Delivery,0
T06555,C0834,P0105,2025-09-16 09:25:54,3,74.34,223.02,Cash on Delivery,0
T06556,C1257,P0112,2026-03-30 18:22:29,4,445.55,1782.2,Cash on Delivery,0
T06557,C0572,P0180,2026-01-30 02:55:12,3,389.69,1169.07,Cash on Delivery,0
T06558,C1117,P0117,2026-01-19 06:54:10,4,155.12,620.48,Mobile Money,0
T06559,C0911,P0158,2025-08-20 23:12:49,1,465.72,465.72,Mobile Money,1
T06560,C1756,P0148,2025-09-06 19:10:39,2,54.89,109.78,Cash on Delivery,1
T06561,C0601,P0148,2025-08-13 00:13:30,2,54.89,109.78,Mobile Money,0
T06562,C1464,P0155,2026-02-23 16:10:03,2,214.62,429.24,Card,0
T06563,C1975,P0193,2025-09-11 02:18:15,3,315.64,946.92,Cash on Delivery,0
T06564,C1560,P0113,2025-11-24 02:15:15,3,291.54,874.62,Cash on Delivery,0
T06565,C1973,P0025,2026-05-24 18:04:15,4,197.4,789.6,Cash on Delivery,0
T06566,C0316,P0011,2026-04-27 03:17:54,2,393.66,787.32,Cash on Delivery,0
T06567,C1524,P0175,2026-05-31 03:58:51,1,446.49,446.49,Card,1
T06568,C0652,P0025,2026-04-24 19:17:22,1,197.4,197.4,Card,0
T06569,C1460,P0123,2025-08-01 01:34:30,3,25.33,75.99,Cash on Delivery,0
T06570,C0593,P0011,2026-01-20 00:29:38,2,393.66,787.32,Card,0
T06571,C0621,P0188,2025-06-30 01:23:07,2,489.06,978.12,Mobile Money,0
T06572,C1300,P0063,2025-08-05 12:23:34,4,382.0,1528.0,Card,1
T06573,C0374,P0005,2026-03-13 18:54:26,1,15.19,15.19,Card,1
T06574,C0032,P0063,2026-04-08 23:36:02,4,382.0,1528.0,Card,0
T06575,C0873,P0027,2025-08-01 07:23:50,4,273.63,1094.52,Card,0
T06576,C0686,P0176,2026-02-09 12:16:53,3,46.99,140.97,Mobile Money,0
T06577,C0368,P0103,2025-06-16 12:09:09,4,349.53,1398.12,Card,0
T06578,C0166,P0146,2025-11-05 21:26:53,4,196.12,784.48,Mobile Money,0
T06579,C1000,P0103,2026-01-01 19:09:01,3,349.53,1048.59,Mobile Money,0
T06580,C0602,P0193,2025-10-19 10:26:32,1,315.64,315.64,Cash on Delivery,0
T06581,C1127,P0115,2025-10-23 13:46:03,2,491.01,982.02,Cash on Delivery,1
T06582,C0038,P0082,2025-07-28 16:57:16,2,292.44,584.88,Mobile Money,0
T06583,C1343,P0092,2025-09-11 07:16:11,1,220.03,220.03,Mobile Money,0
T06584,C0648,P0170,2026-02-14 20:16:03,3,277.02,831.06,Cash on Delivery,1
T06585,C0320,P0030,2026-03-06 02:34:02,3,11.97,35.91,Mobile Money,0
T06586,C0506,P0009,2025-11-04 03:42:42,1,307.87,307.87,Mobile Money,0
T06587,C1723,P0057,2025-12-16 09:06:03,3,251.14,753.42,Mobile Money,0
T06588,C1778,P0095,2026-02-11 21:55:25,3,17.04,51.12,Card,0
T06589,C1887,P0075,2026-02-07 21:26:22,1,279.82,279.82,Mobile Money,0
T06590,C0938,P0004,2026-03-17 17:06:36,4,170.19,680.76,Mobile Money,0
T06591,C0901,P0163,2025-11-19 06:59:00,1,479.48,479.48,Card,0
T06592,C0082,P0040,2025-11-22 09:08:49,3,59.89,179.67,Card,0
T06593,C1664,P0125,2025-08-28 13:44:39,4,96.25,385.0,Cash on Delivery,0
T06594,C1006,P0187,2026-02-01 01:36:26,2,115.68,231.36,Mobile Money,1
T06595,C0093,P0152,2026-06-01 11:04:11,3,63.49,190.47,Mobile Money,1
T06596,C0540,P0031,2026-05-21 05:49:50,2,365.86,731.72,Card,0
T06597,C0602,P0137,2026-04-23 18:37:48,1,235.01,235.01,Cash on Delivery,0
T06598,C1282,P0049,2025-07-21 17:03:05,3,181.37,544.11,Mobile Money,0
T06599,C1434,P0006,2026-05-01 04:39:53,1,469.58,469.58,Mobile Money,0
T06600,C0546,P0156,2025-12-27 10:39:44,3,495.3,1485.9,Mobile Money,0
T06601,C0650,P0184,2025-08-27 14:23:58,1,63.18,63.18,Mobile Money,0
T06602,C1081,P0112,2026-01-04 02:00:42,1,445.55,445.55,Card,0
T06603,C0027,P0175,2026-05-13 07:49:15,2,446.49,892.98,Mobile Money,0
T06604,C1143,P0039,2025-09-13 14:50:15,2,249.43,498.86,Mobile Money,0
T06605,C0265,P0147,2026-05-22 09:51:36,4,107.31,429.24,Cash on Delivery,1
T06606,C1884,P0147,2025-10-07 14:13:59,2,107.31,214.62,Cash on Delivery,0
T06607,C0743,P0189,2025-11-17 08:10:34,3,446.12,1338.36,Mobile Money,0
T06608,C1351,P0198,2025-10-13 13:59:59,3,118.55,355.65,Card,0
T06609,C1788,P0070,2026-04-13 07:03:47,1,52.61,52.61,Card,1
T06610,C1606,P0193,2025-11-15 23:48:53,1,315.64,315.64,Mobile Money,1
T06611,C1855,P0156,2026-03-23 23:42:07,2,495.3,990.6,Mobile Money,0
T06612,C0892,P0049,2026-03-02 03:33:20,3,181.37,544.11,Cash on Delivery,0
T06613,C0597,P0194,2025-09-04 00:04:32,4,369.86,1479.44,Mobile Money,0
T06614,C0450,P0087,2025-08-22 04:42:37,3,374.51,1123.53,Card,0
T06615,C1826,P0080,2026-03-19 14:26:39,4,444.45,1777.8,Mobile Money,0
T06616,C1250,P0005,2026-02-16 18:16:32,1,15.19,15.19,Card,0
T06617,C1684,P0150,2025-12-24 07:46:45,2,162.89,325.78,Card,0
T06618,C1010,P0103,2025-09-19 21:38:51,3,349.53,1048.59,Cash on Delivery,0
T06619,C0518,P0034,2025-10-29 02:42:45,4,52.23,208.92,Mobile Money,0
T06620,C0225,P0184,2026-04-27 21:20:18,1,63.18,63.18,Card,1
T06621,C1083,P0053,2026-03-03 12:52:30,1,347.76,347.76,Cash on Delivery,0
T06622,C1543,P0176,2025-12-26 16:49:57,2,46.99,93.98,Card,0
T06623,C1725,P0160,2026-05-08 15:33:31,2,56.05,112.1,Card,0
T06624,C0216,P0185,2026-04-06 13:18:31,3,342.11,1026.33,Cash on Delivery,0
T06625,C1855,P0147,2026-04-23 05:30:48,3,107.31,321.93,Cash on Delivery,1
T06626,C0573,P0188,2025-12-24 19:13:24,1,489.06,489.06,Cash on Delivery,1
T06627,C1941,P0126,2025-07-15 19:14:21,1,349.51,349.51,Card,0
T06628,C1409,P0172,2026-04-08 06:19:31,1,75.78,75.78,Cash on Delivery,0
T06629,C0044,P0095,2026-05-25 21:29:47,3,17.04,51.12,Cash on Delivery,0
T06630,C0731,P0062,2025-10-25 13:30:01,1,278.68,278.68,Card,0
T06631,C0624,P0079,2025-06-27 20:43:47,1,449.07,449.07,Cash on Delivery,1
T06632,C1739,P0111,2026-03-07 05:50:36,2,40.12,80.24,Card,1
T06633,C0489,P0041,2026-01-21 19:56:24,1,20.56,20.56,Mobile Money,0
T06634,C1899,P0012,2025-10-25 20:27:39,2,491.7,983.4,Cash on Delivery,0
T06635,C0802,P0149,2025-10-10 08:40:35,2,311.04,622.08,Cash on Delivery,0
T06636,C0407,P0085,2026-02-19 16:56:03,4,327.72,1310.88,Cash on Delivery,0
T06637,C1531,P0085,2025-09-23 15:53:43,2,327.72,655.44,Card,0
T06638,C1788,P0142,2025-08-12 22:42:59,1,323.0,323.0,Mobile Money,0
T06639,C1910,P0106,2026-05-20 11:16:15,2,164.66,329.32,Cash on Delivery,0
T06640,C1686,P0005,2026-04-23 14:31:54,2,15.19,30.38,Card,0
T06641,C1538,P0070,2026-02-27 11:05:09,4,52.61,210.44,Mobile Money,0
T06642,C1597,P0029,2025-08-24 04:54:44,4,387.26,1549.04,Cash on Delivery,0
T06643,C0455,P0100,2025-09-28 01:42:04,4,42.3,169.2,Cash on Delivery,0
T06644,C1889,P0144,2025-07-22 20:09:56,4,197.14,788.56,Mobile Money,0
T06645,C0299,P0097,2025-12-23 14:00:36,2,457.86,915.72,Card,0
T06646,C1847,P0171,2025-09-30 04:09:48,2,275.23,550.46,Card,0
T06647,C1994,P0031,2026-05-06 01:29:47,4,365.86,1463.44,Mobile Money,0
T06648,C0052,P0168,2025-11-19 11:37:03,3,396.83,1190.49,Mobile Money,1
T06649,C0775,P0128,2025-12-19 22:05:52,3,276.87,830.61,Card,1
T06650,C1441,P0174,2026-05-29 14:19:53,4,351.98,1407.92,Mobile Money,0
T06651,C0573,P0136,2026-01-26 01:40:32,1,248.35,248.35,Cash on Delivery,0
T06652,C0700,P0200,2025-08-09 20:13:00,4,270.37,1081.48,Cash on Delivery,0
T06653,C1213,P0152,2025-06-17 11:13:00,3,63.49,190.47,Cash on Delivery,0
T06654,C1956,P0083,2025-08-14 19:38:34,3,333.43,1000.29,Mobile Money,1
T06655,C1181,P0027,2025-07-03 17:32:24,4,273.63,1094.52,Cash on Delivery,1
T06656,C0070,P0087,2026-04-22 18:52:25,4,374.51,1498.04,Card,0
T06657,C1650,P0114,2025-11-02 16:07:26,4,22.79,91.16,Cash on Delivery,0
T06658,C0679,P0003,2026-02-08 23:18:18,2,82.22,164.44,Card,0
T06659,C0467,P0099,2026-06-01 01:34:27,4,483.49,1933.96,Cash on Delivery,1
T06660,C0836,P0045,2026-06-05 13:47:56,2,148.43,296.86,Mobile Money,0
T06661,C1318,P0031,2026-04-11 21:25:17,2,365.86,731.72,Card,0
T06662,C0028,P0134,2025-07-25 10:17:35,4,25.16,100.64,Card,0
T06663,C1544,P0015,2026-03-25 00:37:04,3,405.16,1215.48,Mobile Money,1
T06664,C0541,P0054,2026-05-15 19:28:00,2,471.74,943.48,Cash on Delivery,0
T06665,C1058,P0115,2025-08-29 02:10:20,2,491.01,982.02,Mobile Money,1
T06666,C1354,P0007,2025-08-08 06:41:28,4,95.79,383.16,Mobile Money,1
T06667,C1110,P0141,2026-05-03 00:26:11,2,343.56,687.12,Card,0
T06668,C1321,P0116,2026-01-08 19:41:07,1,20.1,20.1,Card,0
T06669,C1652,P0123,2025-09-27 07:02:35,2,25.33,50.66,Card,0
T06670,C0733,P0066,2026-02-15 05:14:28,4,400.18,1600.72,Card,0
T06671,C1586,P0139,2026-05-18 04:10:16,1,134.14,134.14,Cash on Delivery,0
T06672,C1502,P0071,2025-11-14 21:56:50,3,196.43,589.29,Cash on Delivery,0
T06673,C0020,P0080,2026-04-05 10:11:12,3,444.45,1333.35,Mobile Money,0
T06674,C0549,P0156,2026-03-29 05:02:12,3,495.3,1485.9,Cash on Delivery,0
T06675,C1723,P0003,2025-12-12 13:03:04,1,82.22,82.22,Mobile Money,0
T06676,C1435,P0101,2025-09-07 13:54:43,1,426.31,426.31,Cash on Delivery,0
T06677,C0765,P0032,2025-09-22 23:15:59,4,463.52,1854.08,Card,0
T06678,C0231,P0046,2025-07-12 22:32:08,2,314.06,628.12,Card,1
T06679,C1242,P0095,2026-02-14 10:13:00,3,17.04,51.12,Mobile Money,0
T06680,C0715,P0040,2026-03-12 11:41:10,3,59.89,179.67,Cash on Delivery,1
T06681,C1115,P0116,2025-12-03 05:29:51,1,20.1,20.1,Cash on Delivery,0
T06682,C0522,P0058,2025-12-23 17:21:26,2,498.88,997.76,Card,0
T06683,C0483,P0061,2026-04-11 11:59:22,1,76.72,76.72,Cash on Delivery,1
T06684,C1853,P0111,2025-11-29 08:56:19,1,40.12,40.12,Cash on Delivery,0
T06685,C1355,P0151,2026-02-01 21:03:54,2,173.61,347.22,Cash on Delivery,0
T06686,C0883,P0188,2026-02-13 03:21:22,3,489.06,1467.18,Cash on Delivery,1
T06687,C1311,P0155,2025-09-15 02:54:57,3,214.62,643.86,Mobile Money,1
T06688,C1347,P0123,2026-03-04 16:20:55,2,25.33,50.66,Mobile Money,0
T06689,C0566,P0013,2026-03-26 23:07:20,3,305.73,917.19,Cash on Delivery,0
T06690,C0555,P0104,2025-09-19 08:28:38,1,108.41,108.41,Card,0
T06691,C1859,P0011,2025-07-07 19:49:08,1,393.66,393.66,Cash on Delivery,0
T06692,C1944,P0166,2025-08-30 17:20:51,3,226.98,680.94,Card,0
T06693,C0204,P0106,2025-07-28 21:06:08,3,164.66,493.98,Card,0
T06694,C1067,P0189,2025-09-06 02:53:18,2,446.12,892.24,Cash on Delivery,1
T06695,C0729,P0027,2025-08-01 05:12:31,1,273.63,273.63,Mobile Money,1
T06696,C0506,P0158,2025-07-06 17:16:10,2,465.72,931.44,Mobile Money,0
T06697,C1802,P0127,2026-04-20 05:13:33,3,458.03,1374.09,Mobile Money,0
T06698,C0060,P0131,2025-11-24 07:17:33,1,366.37,366.37,Mobile Money,0
T06699,C1403,P0027,2025-10-25 17:33:07,2,273.63,547.26,Cash on Delivery,0
T06700,C1944,P0173,2026-04-14 15:23:22,2,434.1,868.2,Card,0
T06701,C1998,P0046,2025-09-11 10:55:13,2,314.06,628.12,Card,0
T06702,C0063,P0172,2026-05-05 06:58:52,1,75.78,75.78,Mobile Money,0
T06703,C0691,P0004,2026-06-01 02:53:25,4,170.19,680.76,Card,1
T06704,C1125,P0074,2026-05-15 07:01:43,4,118.13,472.52,Card,0
T06705,C1989,P0176,2025-09-10 04:04:34,1,46.99,46.99,Mobile Money,0
T06706,C1297,P0045,2026-03-15 06:15:30,3,148.43,445.29,Cash on Delivery,0
T06707,C0175,P0165,2025-12-17 17:55:35,1,243.85,243.85,Mobile Money,1
T06708,C1515,P0044,2026-02-16 03:18:52,4,105.52,422.08,Cash on Delivery,0
T06709,C1557,P0161,2025-06-21 00:28:49,3,250.8,752.4,Mobile Money,0
T06710,C1779,P0195,2026-03-20 16:43:55,4,475.45,1901.8,Mobile Money,0
T06711,C0244,P0032,2025-11-07 20:42:17,4,463.52,1854.08,Mobile Money,1
T06712,C1091,P0163,2025-12-02 04:45:36,2,479.48,958.96,Mobile Money,0
T06713,C1946,P0103,2026-04-23 00:38:37,2,349.53,699.06,Cash on Delivery,1
T06714,C0117,P0188,2025-11-19 09:11:46,1,489.06,489.06,Cash on Delivery,0
T06715,C1394,P0065,2025-06-21 16:59:04,3,318.6,955.8,Mobile Money,0
T06716,C1612,P0188,2026-03-04 04:08:34,3,489.06,1467.18,Card,0
T06717,C1685,P0017,2025-11-03 12:44:32,1,65.41,65.41,Mobile Money,0
T06718,C0796,P0195,2026-05-15 23:31:22,4,475.45,1901.8,Card,0
T06719,C1470,P0044,2025-09-24 21:38:33,2,105.52,211.04,Card,0
T06720,C0736,P0170,2025-07-12 23:13:48,2,277.02,554.04,Cash on Delivery,1
T06721,C0038,P0022,2025-12-22 13:47:23,2,200.6,401.2,Cash on Delivery,0
T06722,C1771,P0014,2025-09-30 14:25:21,2,11.57,23.14,Card,0
T06723,C0410,P0111,2025-11-28 12:48:57,2,40.12,80.24,Card,0
T06724,C0397,P0168,2026-01-28 11:50:30,2,396.83,793.66,Cash on Delivery,1
T06725,C1811,P0127,2026-01-24 16:49:51,2,458.03,916.06,Card,0
T06726,C1586,P0042,2026-01-22 21:27:50,1,283.82,283.82,Cash on Delivery,0
T06727,C1868,P0131,2026-02-16 04:52:45,3,366.37,1099.11,Mobile Money,0
T06728,C1205,P0143,2025-12-04 03:11:07,2,320.02,640.04,Cash on Delivery,1
T06729,C0744,P0173,2025-09-21 18:50:08,2,434.1,868.2,Cash on Delivery,0
T06730,C1074,P0099,2025-09-09 07:52:33,4,483.49,1933.96,Card,1
T06731,C1170,P0152,2026-03-12 22:31:39,1,63.49,63.49,Mobile Money,0
T06732,C0016,P0042,2025-07-08 04:31:56,1,283.82,283.82,Mobile Money,1
T06733,C1506,P0085,2025-06-24 08:12:02,4,327.72,1310.88,Mobile Money,0
T06734,C0107,P0052,2025-08-17 06:29:05,4,257.82,1031.28,Card,0
T06735,C0921,P0167,2025-10-10 07:39:31,1,279.08,279.08,Mobile Money,0
T06736,C0810,P0115,2025-09-25 03:34:19,2,491.01,982.02,Mobile Money,0
T06737,C1723,P0149,2025-06-24 12:44:20,4,311.04,1244.16,Card,1
T06738,C0185,P0124,2025-07-26 11:52:25,2,222.29,444.58,Cash on Delivery,0
T06739,C0474,P0033,2025-06-24 13:21:54,3,432.24,1296.72,Cash on Delivery,1
T06740,C1713,P0053,2025-10-19 12:09:09,4,347.76,1391.04,Cash on Delivery,0
T06741,C1527,P0133,2025-11-06 17:41:25,2,174.23,348.46,Mobile Money,0
T06742,C1101,P0106,2025-08-27 04:57:21,3,164.66,493.98,Mobile Money,1
T06743,C1479,P0094,2025-08-20 19:31:48,4,118.94,475.76,Card,0
T06744,C0311,P0111,2026-01-30 18:41:37,1,40.12,40.12,Cash on Delivery,0
T06745,C0965,P0091,2025-10-28 18:07:18,3,199.58,598.74,Mobile Money,0
T06746,C0280,P0042,2026-01-13 03:16:05,1,283.82,283.82,Cash on Delivery,0
T06747,C1142,P0199,2026-04-05 04:46:05,3,487.33,1461.99,Cash on Delivery,1
T06748,C0567,P0183,2026-04-19 09:39:03,2,287.88,575.76,Mobile Money,0
T06749,C1125,P0015,2025-07-27 19:29:04,1,405.16,405.16,Cash on Delivery,1
T06750,C0980,P0132,2025-08-04 23:43:41,2,181.21,362.42,Cash on Delivery,0
T06751,C0841,P0053,2025-10-29 19:00:55,2,347.76,695.52,Card,0
T06752,C1004,P0030,2026-04-07 12:25:43,3,11.97,35.91,Cash on Delivery,0
T06753,C1388,P0104,2025-12-30 11:49:12,1,108.41,108.41,Cash on Delivery,0
T06754,C0701,P0084,2025-08-08 12:48:31,4,156.16,624.64,Cash on Delivery,1
T06755,C0836,P0071,2025-07-19 03:17:27,1,196.43,196.43,Mobile Money,0
T06756,C0097,P0055,2025-07-04 12:06:47,3,281.26,843.78,Card,1
T06757,C0994,P0071,2026-05-03 03:28:08,1,196.43,196.43,Card,0
T06758,C0333,P0170,2025-09-17 22:16:56,2,277.02,554.04,Card,0
T06759,C1965,P0157,2026-02-03 18:10:25,3,128.76,386.28,Mobile Money,0
T06760,C0099,P0108,2026-04-15 23:39:32,2,151.77,303.54,Card,0
T06761,C1990,P0157,2026-06-04 06:36:48,4,128.76,515.04,Cash on Delivery,0
T06762,C1465,P0003,2025-09-13 03:30:04,1,82.22,82.22,Cash on Delivery,0
T06763,C0662,P0194,2025-09-24 23:04:25,3,369.86,1109.58,Card,0
T06764,C1179,P0111,2025-09-17 13:44:06,2,40.12,80.24,Cash on Delivery,1
T06765,C1652,P0022,2025-11-14 13:31:13,2,200.6,401.2,Card,0
T06766,C1747,P0113,2026-05-24 01:50:53,1,291.54,291.54,Cash on Delivery,0
T06767,C1316,P0024,2025-10-29 13:37:32,3,262.81,788.43,Cash on Delivery,1
T06768,C0568,P0107,2025-11-25 11:22:06,1,352.73,352.73,Card,0
T06769,C1873,P0010,2025-08-26 15:35:50,2,487.01,974.02,Cash on Delivery,1
T06770,C1738,P0108,2026-04-30 08:41:50,2,151.77,303.54,Cash on Delivery,0
T06771,C1919,P0166,2026-04-03 03:53:22,1,226.98,226.98,Cash on Delivery,0
T06772,C1202,P0098,2026-05-07 12:47:33,4,476.77,1907.08,Cash on Delivery,0
T06773,C0036,P0061,2025-11-12 05:15:54,1,76.72,76.72,Card,0
T06774,C1631,P0102,2025-08-28 08:58:15,2,189.48,378.96,Card,0
T06775,C0320,P0071,2025-06-09 19:34:52,4,196.43,785.72,Mobile Money,1
T06776,C1293,P0146,2026-05-19 18:04:01,4,196.12,784.48,Card,0
T06777,C1797,P0013,2025-07-22 15:00:04,1,305.73,305.73,Card,0
T06778,C1181,P0128,2026-01-02 07:36:04,3,276.87,830.61,Cash on Delivery,0
T06779,C0174,P0108,2026-05-09 20:39:56,1,151.77,151.77,Card,0
T06780,C1418,P0161,2025-12-01 13:13:23,4,250.8,1003.2,Card,1
T06781,C1001,P0186,2025-07-25 19:02:14,1,241.47,241.47,Cash on Delivery,0
T06782,C0528,P0074,2026-05-17 11:55:57,3,118.13,354.39,Mobile Money,1
T06783,C0972,P0188,2026-04-11 15:12:01,4,489.06,1956.24,Cash on Delivery,0
T06784,C1568,P0172,2026-02-17 23:10:06,2,75.78,151.56,Card,0
T06785,C1885,P0063,2026-04-06 05:26:17,3,382.0,1146.0,Cash on Delivery,1
T06786,C1213,P0045,2026-06-02 03:25:43,1,148.43,148.43,Cash on Delivery,0
T06787,C0538,P0050,2026-01-02 13:21:41,3,117.83,353.49,Cash on Delivery,0
T06788,C1575,P0131,2026-04-29 17:16:31,2,366.37,732.74,Cash on Delivery,0
T06789,C0053,P0193,2026-04-10 14:06:13,3,315.64,946.92,Card,0
T06790,C1235,P0174,2026-02-02 06:02:47,4,351.98,1407.92,Cash on Delivery,0
T06791,C0390,P0022,2025-11-18 10:58:49,4,200.6,802.4,Card,0
T06792,C1355,P0052,2025-12-14 04:09:52,1,257.82,257.82,Mobile Money,0
T06793,C1707,P0073,2025-09-27 14:07:01,1,462.72,462.72,Mobile Money,1
T06794,C0418,P0122,2026-01-14 12:46:27,2,488.05,976.1,Cash on Delivery,0
T06795,C1838,P0159,2026-04-25 21:02:23,2,341.52,683.04,Cash on Delivery,0
T06796,C1669,P0004,2026-05-29 12:56:43,2,170.19,340.38,Card,0
T06797,C0659,P0046,2026-05-26 00:40:16,3,314.06,942.18,Mobile Money,0
T06798,C1999,P0166,2025-11-03 13:10:50,3,226.98,680.94,Card,0
T06799,C0716,P0072,2026-01-25 16:30:57,4,339.47,1357.88,Mobile Money,0
T06800,C0486,P0196,2025-12-04 18:39:31,1,57.84,57.84,Cash on Delivery,0
T06801,C0246,P0107,2026-06-05 02:15:58,3,352.73,1058.19,Card,0
T06802,C0164,P0167,2025-09-22 11:59:12,1,279.08,279.08,Card,0
T06803,C0001,P0186,2026-01-06 12:16:20,3,241.47,724.41,Mobile Money,0
T06804,C0151,P0095,2026-01-27 17:56:37,1,17.04,17.04,Cash on Delivery,0
T06805,C1768,P0180,2026-04-16 00:55:09,2,389.69,779.38,Cash on Delivery,0
T06806,C1249,P0188,2025-06-12 05:24:50,2,489.06,978.12,Mobile Money,0
T06807,C1742,P0105,2026-02-27 12:18:08,3,74.34,223.02,Mobile Money,0
T06808,C0333,P0186,2025-11-27 17:14:11,1,241.47,241.47,Cash on Delivery,0
T06809,C1253,P0116,2026-06-08 12:56:09,3,20.1,60.3,Cash on Delivery,0
T06810,C1742,P0069,2026-05-25 17:55:09,2,258.49,516.98,Cash on Delivery,1
T06811,C1355,P0174,2026-03-01 00:08:13,1,351.98,351.98,Cash on Delivery,0
T06812,C1733,P0160,2025-11-05 09:44:54,3,56.05,168.15,Cash on Delivery,0
T06813,C0711,P0015,2026-02-09 01:20:49,1,405.16,405.16,Cash on Delivery,0
T06814,C1551,P0069,2026-05-13 00:45:26,2,258.49,516.98,Mobile Money,0
T06815,C0920,P0030,2025-07-12 08:24:44,2,11.97,23.94,Mobile Money,0
T06816,C0908,P0035,2025-10-30 05:56:15,1,165.97,165.97,Cash on Delivery,1
T06817,C1989,P0046,2025-10-02 10:47:22,2,314.06,628.12,Card,0
T06818,C0048,P0164,2025-10-11 12:07:24,1,163.06,163.06,Card,0
T06819,C0950,P0067,2025-10-20 13:26:00,1,97.33,97.33,Card,0
T06820,C0932,P0089,2026-04-07 19:47:47,3,51.37,154.11,Mobile Money,0
T06821,C0422,P0052,2025-12-09 06:48:18,2,257.82,515.64,Cash on Delivery,0
T06822,C0961,P0099,2026-02-26 05:42:32,2,483.49,966.98,Card,0
T06823,C1672,P0131,2025-10-15 14:08:57,4,366.37,1465.48,Cash on Delivery,0
T06824,C0530,P0118,2026-03-16 06:03:28,3,263.51,790.53,Card,0
T06825,C1682,P0105,2026-04-18 15:06:51,3,74.34,223.02,Mobile Money,1
T06826,C1141,P0080,2026-04-25 04:10:27,4,444.45,1777.8,Mobile Money,0
T06827,C0896,P0001,2026-02-14 23:12:42,1,190.4,190.4,Mobile Money,0
T06828,C0496,P0026,2025-12-03 02:36:01,4,295.44,1181.76,Cash on Delivery,1
T06829,C0508,P0012,2026-04-09 21:56:28,2,491.7,983.4,Card,0
T06830,C0565,P0085,2025-07-28 22:38:51,1,327.72,327.72,Cash on Delivery,0
T06831,C0128,P0013,2025-06-11 13:20:00,4,305.73,1222.92,Mobile Money,1
T06832,C0146,P0076,2026-01-20 20:14:43,1,498.15,498.15,Mobile Money,1
T06833,C0499,P0147,2026-04-21 06:32:40,3,107.31,321.93,Card,0
T06834,C1223,P0198,2026-06-05 12:29:38,4,118.55,474.2,Card,0
T06835,C1527,P0071,2026-05-14 20:25:36,4,196.43,785.72,Cash on Delivery,0
T06836,C0976,P0092,2025-12-07 08:13:10,3,220.03,660.09,Mobile Money,0
T06837,C1072,P0086,2025-10-27 06:35:27,3,13.95,41.85,Cash on Delivery,0
T06838,C0511,P0029,2026-04-08 05:08:14,4,387.26,1549.04,Mobile Money,0
T06839,C0355,P0019,2025-12-06 17:33:09,3,332.95,998.85,Mobile Money,1
T06840,C1084,P0047,2025-07-17 16:42:55,1,230.98,230.98,Mobile Money,0
T06841,C1940,P0176,2026-04-29 12:57:42,3,46.99,140.97,Card,0
T06842,C1357,P0147,2025-07-23 09:58:24,2,107.31,214.62,Cash on Delivery,0
T06843,C0399,P0076,2026-05-11 13:30:32,1,498.15,498.15,Mobile Money,0
T06844,C1359,P0188,2026-02-24 10:45:18,4,489.06,1956.24,Card,0
T06845,C1719,P0155,2025-07-30 07:30:33,3,214.62,643.86,Card,0
T06846,C1204,P0087,2025-07-13 09:35:01,3,374.51,1123.53,Cash on Delivery,0
T06847,C0346,P0159,2025-07-01 13:08:01,1,341.52,341.52,Mobile Money,0
T06848,C1462,P0007,2025-07-02 03:27:59,1,95.79,95.79,Mobile Money,1
T06849,C1428,P0013,2026-01-11 01:00:22,4,305.73,1222.92,Cash on Delivery,0
T06850,C0380,P0010,2025-12-15 10:08:47,2,487.01,974.02,Card,0
T06851,C1204,P0180,2026-05-07 07:01:50,1,389.69,389.69,Cash on Delivery,0
T06852,C1307,P0126,2025-07-12 23:15:15,3,349.51,1048.53,Mobile Money,0
T06853,C1726,P0162,2026-05-21 12:00:50,4,448.28,1793.12,Cash on Delivery,0
T06854,C0533,P0016,2025-11-06 07:43:12,3,119.29,357.87,Cash on Delivery,0
T06855,C1487,P0016,2025-12-18 06:07:57,1,119.29,119.29,Cash on Delivery,0
T06856,C0694,P0013,2025-11-13 02:48:15,1,305.73,305.73,Card,0
T06857,C1076,P0069,2025-08-18 18:23:53,3,258.49,775.47,Cash on Delivery,0
T06858,C1950,P0065,2026-05-29 23:42:17,4,318.6,1274.4,Cash on Delivery,0
T06859,C0740,P0151,2026-01-07 11:09:45,3,173.61,520.83,Cash on Delivery,0
T06860,C0530,P0016,2026-02-05 07:32:56,3,119.29,357.87,Card,1
T06861,C0820,P0017,2025-07-11 15:57:53,3,65.41,196.23,Card,0
T06862,C0861,P0173,2026-03-31 17:22:29,4,434.1,1736.4,Cash on Delivery,0
T06863,C0497,P0182,2025-07-06 06:58:54,1,248.85,248.85,Cash on Delivery,0
T06864,C0805,P0145,2025-08-20 16:27:48,3,406.55,1219.65,Cash on Delivery,0
T06865,C1987,P0022,2026-01-06 03:32:59,4,200.6,802.4,Card,0
T06866,C0992,P0166,2025-08-24 17:13:41,3,226.98,680.94,Card,0
T06867,C0635,P0072,2026-06-08 12:44:58,4,339.47,1357.88,Card,0
T06868,C1316,P0091,2025-09-13 19:58:47,4,199.58,798.32,Cash on Delivery,0
T06869,C1433,P0098,2025-08-18 09:32:27,4,476.77,1907.08,Card,1
T06870,C0256,P0042,2026-03-30 06:07:25,3,283.82,851.46,Mobile Money,0
T06871,C1359,P0013,2026-05-31 11:45:53,4,305.73,1222.92,Cash on Delivery,0
T06872,C0690,P0118,2025-07-21 22:10:34,3,263.51,790.53,Cash on Delivery,0
T06873,C1697,P0052,2026-05-02 09:49:29,4,257.82,1031.28,Mobile Money,0
T06874,C1904,P0095,2025-11-14 07:53:21,1,17.04,17.04,Mobile Money,0
T06875,C0087,P0058,2025-07-09 15:08:32,4,498.88,1995.52,Mobile Money,0
T06876,C0372,P0166,2026-04-20 15:02:18,3,226.98,680.94,Mobile Money,0
T06877,C1047,P0016,2025-10-19 17:19:37,2,119.29,238.58,Cash on Delivery,0
T06878,C1775,P0098,2025-10-12 14:06:43,2,476.77,953.54,Mobile Money,0
T06879,C0534,P0010,2026-03-27 11:40:33,1,487.01,487.01,Cash on Delivery,0
T06880,C1208,P0052,2026-04-03 02:43:34,3,257.82,773.46,Mobile Money,1
T06881,C1238,P0161,2025-12-20 14:29:13,1,250.8,250.8,Mobile Money,1
T06882,C1234,P0080,2025-11-12 23:13:31,2,444.45,888.9,Mobile Money,0
T06883,C0053,P0152,2026-01-20 16:07:46,1,63.49,63.49,Cash on Delivery,0
T06884,C1130,P0183,2025-07-04 01:29:50,3,287.88,863.64,Mobile Money,1
T06885,C0460,P0091,2025-09-25 23:06:37,3,199.58,598.74,Card,0
T06886,C0120,P0138,2025-06-30 10:46:01,2,309.85,619.7,Card,0
T06887,C1885,P0161,2025-06-29 21:28:58,4,250.8,1003.2,Card,0
T06888,C0155,P0062,2026-04-18 00:00:55,2,278.68,557.36,Card,0
T06889,C1179,P0007,2026-01-26 14:54:08,4,95.79,383.16,Card,0
T06890,C0505,P0074,2025-08-03 19:14:11,2,118.13,236.26,Cash on Delivery,0
T06891,C1283,P0057,2025-10-10 10:44:29,2,251.14,502.28,Mobile Money,1
T06892,C0077,P0157,2025-11-05 00:13:49,2,128.76,257.52,Cash on Delivery,0
T06893,C0394,P0083,2026-02-07 03:50:54,1,333.43,333.43,Cash on Delivery,0
T06894,C0744,P0079,2026-03-19 08:23:50,4,449.07,1796.28,Card,0
T06895,C1479,P0177,2026-04-15 22:47:03,2,432.25,864.5,Mobile Money,0
T06896,C1950,P0142,2026-02-24 17:55:40,3,323.0,969.0,Cash on Delivery,0
T06897,C0988,P0040,2025-11-07 10:46:32,4,59.89,239.56,Mobile Money,0
T06898,C1860,P0142,2025-11-26 23:29:39,1,323.0,323.0,Cash on Delivery,1
T06899,C0755,P0049,2025-09-29 05:27:48,2,181.37,362.74,Mobile Money,1
T06900,C1120,P0164,2025-07-11 17:04:27,4,163.06,652.24,Card,0
T06901,C1254,P0028,2025-10-10 22:02:40,4,86.81,347.24,Mobile Money,0
T06902,C0025,P0160,2025-09-13 00:17:24,4,56.05,224.2,Card,0
T06903,C0673,P0175,2025-06-11 08:01:36,4,446.49,1785.96,Cash on Delivery,0
T06904,C0208,P0030,2026-04-30 19:02:40,1,11.97,11.97,Cash on Delivery,0
T06905,C0614,P0181,2026-01-11 17:38:14,1,128.12,128.12,Mobile Money,0
T06906,C1866,P0117,2026-03-15 22:58:04,2,155.12,310.24,Card,0
T06907,C1659,P0069,2026-03-29 02:08:04,4,258.49,1033.96,Card,0
T06908,C0001,P0097,2025-06-10 01:46:56,1,457.86,457.86,Cash on Delivery,0
T06909,C0318,P0095,2025-07-06 00:05:35,3,17.04,51.12,Cash on Delivery,0
T06910,C0509,P0111,2025-08-14 20:58:57,3,40.12,120.36,Cash on Delivery,1
T06911,C0462,P0186,2026-02-07 11:19:25,4,241.47,965.88,Mobile Money,0
T06912,C0713,P0087,2025-07-30 19:59:39,3,374.51,1123.53,Card,1
T06913,C0136,P0008,2026-05-25 19:38:13,4,8.5,34.0,Card,0
T06914,C0186,P0131,2026-02-08 03:38:50,3,366.37,1099.11,Mobile Money,0
T06915,C1396,P0127,2026-03-17 23:32:40,4,458.03,1832.12,Mobile Money,0
T06916,C1190,P0196,2025-09-06 04:18:13,1,57.84,57.84,Cash on Delivery,0
T06917,C1929,P0130,2026-05-13 01:06:14,3,370.26,1110.78,Mobile Money,0
T06918,C1713,P0046,2026-05-06 22:29:48,1,314.06,314.06,Mobile Money,0
T06919,C1755,P0157,2025-09-03 08:58:09,2,128.76,257.52,Card,0
T06920,C1052,P0029,2025-09-27 15:11:10,1,387.26,387.26,Mobile Money,0
T06921,C1648,P0095,2026-05-21 18:03:34,3,17.04,51.12,Card,0
T06922,C0541,P0154,2026-01-03 03:16:09,2,402.72,805.44,Card,0
T06923,C0480,P0139,2026-01-29 13:06:19,1,134.14,134.14,Card,0
T06924,C0360,P0102,2025-10-07 05:31:34,2,189.48,378.96,Card,0
T06925,C1404,P0048,2026-01-19 04:04:10,3,446.82,1340.46,Mobile Money,1
T06926,C0238,P0200,2026-04-25 19:12:27,4,270.37,1081.48,Cash on Delivery,1
T06927,C1191,P0159,2026-06-06 05:06:13,1,341.52,341.52,Card,0
T06928,C1304,P0111,2025-11-14 11:16:27,3,40.12,120.36,Card,0
T06929,C1757,P0196,2026-01-17 05:55:57,2,57.84,115.68,Mobile Money,1
T06930,C0701,P0023,2026-02-21 11:45:10,1,461.33,461.33,Card,0
T06931,C0429,P0155,2025-06-10 18:24:58,4,214.62,858.48,Mobile Money,0
T06932,C0901,P0027,2026-01-16 08:17:20,1,273.63,273.63,Cash on Delivery,0
T06933,C0210,P0187,2026-05-08 07:39:34,4,115.68,462.72,Card,0
T06934,C0491,P0035,2025-06-28 14:06:11,2,165.97,331.94,Mobile Money,1
T06935,C0568,P0174,2025-06-27 13:58:11,2,351.98,703.96,Card,0
T06936,C0664,P0127,2025-11-19 04:56:13,3,458.03,1374.09,Card,0
T06937,C0550,P0138,2025-08-15 15:24:04,3,309.85,929.55,Mobile Money,0
T06938,C0521,P0198,2025-09-15 00:01:14,4,118.55,474.2,Card,0
T06939,C0688,P0178,2025-10-18 07:11:51,1,473.89,473.89,Mobile Money,0
T06940,C1797,P0167,2025-09-05 01:55:19,3,279.08,837.24,Cash on Delivery,0
T06941,C1015,P0084,2025-06-08 17:52:46,3,156.16,468.48,Card,0
T06942,C0733,P0060,2025-12-25 10:37:28,3,175.81,527.43,Mobile Money,0
T06943,C1714,P0135,2025-08-13 05:28:53,4,91.79,367.16,Mobile Money,0
T06944,C0439,P0067,2026-01-09 20:44:40,1,97.33,97.33,Mobile Money,0
T06945,C0374,P0077,2026-02-12 19:22:06,4,450.71,1802.84,Mobile Money,0
T06946,C1819,P0012,2026-06-01 00:52:04,3,491.7,1475.1,Card,0
T06947,C0341,P0161,2025-10-29 13:56:02,3,250.8,752.4,Card,0
T06948,C0311,P0108,2025-06-29 00:52:44,1,151.77,151.77,Cash on Delivery,0
T06949,C0625,P0052,2025-09-24 06:08:30,1,257.82,257.82,Card,0
T06950,C1364,P0120,2026-04-09 06:46:22,3,30.58,91.74,Card,0
T06951,C1476,P0083,2025-06-13 01:44:30,1,333.43,333.43,Card,0
T06952,C0873,P0003,2026-02-12 23:45:35,4,82.22,328.88,Cash on Delivery,1
T06953,C1665,P0133,2026-03-09 21:41:36,1,174.23,174.23,Mobile Money,0
T06954,C0982,P0030,2025-11-20 03:26:17,3,11.97,35.91,Cash on Delivery,0
T06955,C0283,P0148,2026-03-09 23:30:10,1,54.89,54.89,Mobile Money,1
T06956,C1361,P0063,2025-10-02 15:16:36,3,382.0,1146.0,Card,0
T06957,C0915,P0031,2026-04-30 14:18:26,2,365.86,731.72,Mobile Money,0
T06958,C1629,P0114,2025-06-29 00:24:35,2,22.79,45.58,Mobile Money,0
T06959,C1253,P0190,2026-02-24 14:52:57,3,459.96,1379.88,Card,0
T06960,C1366,P0165,2026-05-31 12:28:44,3,243.85,731.55,Cash on Delivery,0
T06961,C0978,P0136,2025-09-12 14:09:04,1,248.35,248.35,Card,0
T06962,C0351,P0028,2025-07-28 15:49:43,2,86.81,173.62,Cash on Delivery,0
T06963,C1419,P0017,2025-10-01 05:41:25,3,65.41,196.23,Card,0
T06964,C1268,P0143,2026-06-05 22:04:34,2,320.02,640.04,Cash on Delivery,0
T06965,C0006,P0095,2025-09-11 21:02:21,1,17.04,17.04,Mobile Money,0
T06966,C0189,P0012,2025-06-26 19:06:23,3,491.7,1475.1,Cash on Delivery,0
T06967,C0420,P0103,2026-04-05 23:47:39,4,349.53,1398.12,Mobile Money,0
T06968,C1642,P0035,2026-05-07 19:13:48,3,165.97,497.91,Cash on Delivery,0
T06969,C1229,P0092,2026-02-19 13:57:46,3,220.03,660.09,Cash on Delivery,0
T06970,C0424,P0063,2025-06-19 19:43:26,3,382.0,1146.0,Mobile Money,0
T06971,C0549,P0082,2026-01-01 00:17:08,3,292.44,877.32,Card,1
T06972,C0115,P0133,2025-09-20 17:10:54,1,174.23,174.23,Cash on Delivery,0
T06973,C0211,P0121,2026-01-10 13:22:03,1,351.26,351.26,Cash on Delivery,0
T06974,C0154,P0132,2026-01-21 08:27:02,2,181.21,362.42,Mobile Money,0
T06975,C0952,P0152,2025-12-19 18:02:06,3,63.49,190.47,Card,0
T06976,C1390,P0182,2026-03-31 00:05:30,2,248.85,497.7,Card,0
T06977,C1758,P0182,2026-03-01 01:23:43,3,248.85,746.55,Mobile Money,0
T06978,C1332,P0026,2025-09-19 11:14:22,3,295.44,886.32,Mobile Money,0
T06979,C0231,P0118,2025-09-06 06:19:55,1,263.51,263.51,Mobile Money,0
T06980,C1686,P0195,2026-02-24 07:17:15,4,475.45,1901.8,Mobile Money,1
T06981,C1647,P0145,2025-07-19 15:03:47,3,406.55,1219.65,Card,0
T06982,C1073,P0167,2025-10-23 00:16:10,1,279.08,279.08,Mobile Money,0
T06983,C1660,P0107,2026-04-27 14:09:49,1,352.73,352.73,Card,0
T06984,C1933,P0061,2026-02-15 23:28:02,4,76.72,306.88,Cash on Delivery,1
T06985,C0448,P0058,2025-10-04 14:00:51,3,498.88,1496.64,Mobile Money,1
T06986,C1529,P0159,2025-12-21 17:43:00,3,341.52,1024.56,Cash on Delivery,0
T06987,C0683,P0122,2026-05-10 05:43:32,1,488.05,488.05,Cash on Delivery,0
T06988,C1879,P0036,2025-12-25 03:08:38,2,140.99,281.98,Card,0
T06989,C1870,P0061,2025-06-24 17:41:41,4,76.72,306.88,Card,0
T06990,C0396,P0049,2026-06-04 14:32:02,3,181.37,544.11,Mobile Money,0
T06991,C1542,P0186,2026-03-29 11:24:42,1,241.47,241.47,Cash on Delivery,0
T06992,C1815,P0044,2026-03-30 09:52:55,3,105.52,316.56,Mobile Money,0
T06993,C1890,P0115,2026-04-18 06:29:01,2,491.01,982.02,Mobile Money,0
T06994,C0608,P0108,2026-03-31 11:06:56,4,151.77,607.08,Cash on Delivery,0
T06995,C1440,P0026,2025-08-11 12:17:50,3,295.44,886.32,Mobile Money,0
T06996,C1507,P0033,2026-04-18 10:46:42,2,432.24,864.48,Cash on Delivery,0
T06997,C0965,P0148,2025-07-25 07:49:11,3,54.89,164.67,Card,1
T06998,C1194,P0180,2026-04-25 22:35:44,3,389.69,1169.07,Mobile Money,1
T06999,C1031,P0129,2026-04-02 13:21:03,3,467.63,1402.89,Card,0
T07000,C1878,P0124,2025-08-20 17:32:36,2,222.29,444.58,Card,1
T07001,C0563,P0178,2026-02-21 08:10:24,2,473.89,947.78,Mobile Money,0
T07002,C0138,P0120,2026-04-10 08:28:52,4,30.58,122.32,Card,0
T07003,C0794,P0111,2025-12-14 01:30:48,2,40.12,80.24,Card,1
T07004,C1706,P0032,2025-09-19 12:15:16,4,463.52,1854.08,Card,0
T07005,C1192,P0190,2026-02-12 12:12:18,4,459.96,1839.84,Card,0
T07006,C1570,P0087,2025-11-21 14:17:25,2,374.51,749.02,Mobile Money,0
T07007,C0008,P0070,2025-07-09 02:02:48,3,52.61,157.83,Mobile Money,0
T07008,C1818,P0175,2025-11-23 09:30:14,1,446.49,446.49,Cash on Delivery,0
T07009,C0238,P0057,2026-02-20 23:22:49,3,251.14,753.42,Card,0
T07010,C1906,P0026,2025-11-13 15:16:26,3,295.44,886.32,Card,0
T07011,C1140,P0118,2025-09-25 07:25:20,1,263.51,263.51,Cash on Delivery,0
T07012,C0892,P0047,2025-11-06 17:45:10,2,230.98,461.96,Cash on Delivery,0
T07013,C0178,P0163,2025-07-04 16:58:57,2,479.48,958.96,Card,0
T07014,C1236,P0024,2025-11-01 21:13:08,2,262.81,525.62,Cash on Delivery,0
T07015,C0544,P0054,2025-07-22 02:45:35,3,471.74,1415.22,Cash on Delivery,1
T07016,C0946,P0008,2026-03-20 13:38:02,3,8.5,25.5,Mobile Money,0
T07017,C1070,P0175,2026-04-16 23:51:52,3,446.49,1339.47,Mobile Money,0
T07018,C0189,P0080,2025-11-25 03:17:23,3,444.45,1333.35,Mobile Money,0
T07019,C0947,P0089,2026-03-12 17:11:24,3,51.37,154.11,Card,0
T07020,C0546,P0191,2025-08-27 17:22:21,4,484.8,1939.2,Cash on Delivery,1
T07021,C1196,P0025,2026-06-02 10:36:18,1,197.4,197.4,Cash on Delivery,0
T07022,C0894,P0083,2026-04-25 21:39:14,3,333.43,1000.29,Card,0
T07023,C0174,P0178,2025-09-08 22:57:21,1,473.89,473.89,Cash on Delivery,0
T07024,C0207,P0125,2026-03-25 11:22:32,4,96.25,385.0,Card,0
T07025,C1983,P0087,2025-09-04 15:50:14,1,374.51,374.51,Mobile Money,0
T07026,C1064,P0104,2026-03-11 14:29:31,2,108.41,216.82,Card,0
T07027,C1979,P0023,2026-01-05 07:54:46,4,461.33,1845.32,Card,0
T07028,C1226,P0069,2026-05-01 17:59:43,2,258.49,516.98,Card,0
T07029,C1130,P0155,2025-09-19 21:57:40,3,214.62,643.86,Card,0
T07030,C1224,P0004,2025-09-17 15:45:01,4,170.19,680.76,Card,0
T07031,C0411,P0070,2025-12-03 14:37:18,1,52.61,52.61,Cash on Delivery,0
T07032,C1141,P0047,2025-12-13 19:00:58,2,230.98,461.96,Mobile Money,0
T07033,C1236,P0118,2025-09-10 21:29:19,4,263.51,1054.04,Cash on Delivery,0
T07034,C1531,P0155,2026-01-28 10:16:56,3,214.62,643.86,Cash on Delivery,0
T07035,C1216,P0151,2026-03-01 00:27:33,4,173.61,694.44,Card,0
T07036,C1122,P0113,2026-05-29 22:18:32,3,291.54,874.62,Mobile Money,0
T07037,C0172,P0029,2026-03-31 11:05:29,1,387.26,387.26,Card,0
T07038,C1179,P0115,2025-08-18 12:38:25,1,491.01,491.01,Card,0
T07039,C1829,P0140,2026-03-06 06:46:38,1,254.05,254.05,Mobile Money,0
T07040,C0990,P0034,2025-08-14 16:23:07,4,52.23,208.92,Mobile Money,0
T07041,C0864,P0164,2025-08-23 09:33:10,2,163.06,326.12,Card,0
T07042,C1402,P0160,2026-01-31 11:16:02,1,56.05,56.05,Card,0
T07043,C1565,P0150,2025-07-04 08:11:39,2,162.89,325.78,Mobile Money,1
T07044,C0962,P0139,2026-02-05 18:40:25,4,134.14,536.56,Cash on Delivery,0
T07045,C1536,P0056,2025-09-02 03:34:46,1,486.03,486.03,Card,0
T07046,C0745,P0095,2026-05-09 02:03:58,2,17.04,34.08,Mobile Money,0
T07047,C1809,P0052,2025-07-11 22:37:48,1,257.82,257.82,Card,0
T07048,C0761,P0030,2026-03-25 21:06:42,1,11.97,11.97,Cash on Delivery,1
T07049,C1925,P0072,2026-01-28 15:23:17,1,339.47,339.47,Card,0
T07050,C0080,P0154,2026-03-02 05:42:14,2,402.72,805.44,Card,0
T07051,C0213,P0129,2025-07-30 17:37:23,1,467.63,467.63,Mobile Money,0
T07052,C0960,P0071,2025-12-13 09:24:09,3,196.43,589.29,Card,0
T07053,C1971,P0152,2026-03-07 06:09:56,1,63.49,63.49,Card,1
T07054,C1949,P0166,2025-10-06 02:40:21,3,226.98,680.94,Card,0
T07055,C0121,P0174,2026-01-19 23:36:20,4,351.98,1407.92,Cash on Delivery,0
T07056,C1092,P0174,2026-03-14 03:59:34,3,351.98,1055.94,Card,0
T07057,C1890,P0187,2025-10-24 08:44:41,2,115.68,231.36,Mobile Money,0
T07058,C1354,P0132,2026-03-23 20:28:59,4,181.21,724.84,Cash on Delivery,0
T07059,C1971,P0018,2026-03-24 10:05:50,4,90.82,363.28,Card,1
T07060,C1689,P0151,2025-06-20 15:23:41,4,173.61,694.44,Card,0
T07061,C0964,P0060,2026-04-03 10:18:45,1,175.81,175.81,Card,0
T07062,C1150,P0077,2026-04-08 05:26:32,2,450.71,901.42,Mobile Money,1
T07063,C0286,P0029,2025-12-04 08:40:57,4,387.26,1549.04,Mobile Money,0
T07064,C0220,P0119,2025-09-13 20:47:52,2,482.8,965.6,Card,1
T07065,C0681,P0007,2025-10-20 03:17:26,4,95.79,383.16,Card,0
T07066,C1563,P0074,2025-06-08 09:16:40,1,118.13,118.13,Card,0
T07067,C0043,P0021,2026-03-17 05:56:43,4,484.94,1939.76,Mobile Money,0
T07068,C1607,P0051,2026-04-25 17:15:30,1,179.52,179.52,Cash on Delivery,0
T07069,C0693,P0013,2026-02-25 11:40:42,1,305.73,305.73,Card,0
T07070,C1209,P0191,2025-08-25 04:51:43,2,484.8,969.6,Card,0
T07071,C1129,P0153,2025-08-15 20:11:14,1,468.64,468.64,Cash on Delivery,1
T07072,C0158,P0141,2025-10-12 13:33:40,1,343.56,343.56,Mobile Money,0
T07073,C0961,P0140,2025-08-01 09:26:11,1,254.05,254.05,Mobile Money,0
T07074,C0853,P0018,2026-02-22 14:54:30,2,90.82,181.64,Mobile Money,0
T07075,C1598,P0117,2026-05-04 06:57:57,2,155.12,310.24,Card,0
T07076,C0401,P0024,2026-03-13 19:32:52,4,262.81,1051.24,Card,1
T07077,C1801,P0106,2026-06-07 20:09:01,4,164.66,658.64,Mobile Money,0
T07078,C0476,P0180,2026-02-24 22:19:28,4,389.69,1558.76,Mobile Money,1
T07079,C0924,P0143,2025-10-24 13:57:33,1,320.02,320.02,Mobile Money,0
T07080,C0649,P0081,2025-06-30 12:39:33,2,85.01,170.02,Card,0
T07081,C1630,P0056,2026-05-22 12:28:35,1,486.03,486.03,Mobile Money,1
T07082,C0990,P0127,2026-01-02 07:18:03,3,458.03,1374.09,Cash on Delivery,0
T07083,C0952,P0036,2025-10-20 16:21:34,4,140.99,563.96,Mobile Money,0
T07084,C1591,P0199,2025-10-03 12:41:55,4,487.33,1949.32,Mobile Money,0
T07085,C0714,P0060,2025-11-29 10:14:13,3,175.81,527.43,Cash on Delivery,0
T07086,C0557,P0129,2026-03-13 10:51:55,2,467.63,935.26,Cash on Delivery,1
T07087,C1516,P0197,2025-07-07 06:09:07,4,98.12,392.48,Mobile Money,0
T07088,C1271,P0166,2025-08-25 15:01:19,4,226.98,907.92,Mobile Money,0
T07089,C1371,P0024,2025-08-05 22:43:44,4,262.81,1051.24,Cash on Delivery,0
T07090,C0781,P0197,2026-05-24 12:30:32,3,98.12,294.36,Cash on Delivery,0
T07091,C1184,P0149,2025-12-19 11:26:45,1,311.04,311.04,Mobile Money,1
T07092,C1952,P0166,2026-02-17 22:03:14,3,226.98,680.94,Cash on Delivery,0
T07093,C0926,P0057,2025-10-10 06:37:25,4,251.14,1004.56,Card,1
T07094,C0479,P0071,2026-05-19 13:09:12,2,196.43,392.86,Mobile Money,0
T07095,C1124,P0172,2025-12-25 11:47:08,2,75.78,151.56,Mobile Money,0
T07096,C1388,P0107,2025-12-07 01:20:27,2,352.73,705.46,Card,0
T07097,C1517,P0130,2026-03-31 05:50:13,3,370.26,1110.78,Cash on Delivery,0
T07098,C1097,P0043,2026-06-06 20:31:26,3,128.4,385.2,Mobile Money,0
T07099,C1653,P0186,2026-01-23 13:09:41,3,241.47,724.41,Mobile Money,0
T07100,C1612,P0048,2025-06-27 09:29:55,1,446.82,446.82,Cash on Delivery,0
T07101,C0400,P0035,2025-10-13 19:17:22,1,165.97,165.97,Mobile Money,0
T07102,C1596,P0083,2025-09-04 08:16:15,1,333.43,333.43,Mobile Money,0
T07103,C1843,P0107,2025-11-23 11:55:12,1,352.73,352.73,Mobile Money,0
T07104,C0082,P0127,2025-11-28 05:40:31,3,458.03,1374.09,Cash on Delivery,1
T07105,C0873,P0059,2025-12-11 02:05:57,4,253.83,1015.32,Card,1
T07106,C1434,P0141,2026-03-30 12:00:00,2,343.56,687.12,Mobile Money,0
T07107,C0524,P0070,2025-07-18 03:40:23,3,52.61,157.83,Mobile Money,0
T07108,C0719,P0041,2026-03-25 04:02:21,1,20.56,20.56,Mobile Money,0
T07109,C0178,P0065,2026-01-31 09:25:15,3,318.6,955.8,Mobile Money,0
T07110,C1183,P0175,2026-02-28 10:56:37,4,446.49,1785.96,Card,0
T07111,C0411,P0011,2026-03-29 15:01:16,1,393.66,393.66,Cash on Delivery,0
T07112,C0155,P0124,2025-12-19 19:51:19,3,222.29,666.87,Card,0
T07113,C0599,P0115,2025-08-08 09:36:54,3,491.01,1473.03,Mobile Money,0
T07114,C0350,P0056,2026-05-25 22:03:28,1,486.03,486.03,Mobile Money,0
T07115,C0019,P0098,2026-05-27 14:56:22,3,476.77,1430.31,Cash on Delivery,0
T07116,C0528,P0057,2026-05-04 21:58:03,3,251.14,753.42,Cash on Delivery,0
T07117,C0445,P0045,2025-12-05 14:47:45,3,148.43,445.29,Mobile Money,0
T07118,C1693,P0154,2025-09-02 22:03:25,3,402.72,1208.16,Cash on Delivery,1
T07119,C0889,P0113,2026-05-12 06:30:02,3,291.54,874.62,Cash on Delivery,0
T07120,C1536,P0103,2025-08-09 09:02:58,3,349.53,1048.59,Card,1
T07121,C1949,P0044,2026-04-15 23:03:06,1,105.52,105.52,Cash on Delivery,0
T07122,C1135,P0109,2025-10-20 09:41:31,2,434.2,868.4,Cash on Delivery,0
T07123,C1289,P0130,2025-06-21 06:39:02,2,370.26,740.52,Card,0
T07124,C1520,P0015,2025-08-09 04:28:51,4,405.16,1620.64,Card,0
T07125,C1411,P0058,2026-03-07 13:20:13,2,498.88,997.76,Mobile Money,1
T07126,C0821,P0180,2026-01-04 14:19:23,3,389.69,1169.07,Card,0
T07127,C1320,P0094,2025-09-16 04:04:39,4,118.94,475.76,Card,0
T07128,C0246,P0039,2025-09-07 15:19:25,3,249.43,748.29,Mobile Money,0
T07129,C0617,P0141,2025-11-05 04:42:51,4,343.56,1374.24,Card,0
T07130,C1440,P0165,2026-06-06 21:21:21,3,243.85,731.55,Cash on Delivery,0
T07131,C0923,P0142,2025-09-27 06:38:30,1,323.0,323.0,Card,1
T07132,C1905,P0024,2026-03-11 06:38:03,3,262.81,788.43,Card,0
T07133,C0813,P0022,2026-05-26 23:58:22,2,200.6,401.2,Mobile Money,0
T07134,C1731,P0136,2026-04-17 21:52:43,3,248.35,745.05,Cash on Delivery,0
T07135,C1395,P0064,2025-11-17 09:51:45,1,402.55,402.55,Mobile Money,1
T07136,C0507,P0175,2026-02-25 18:01:51,1,446.49,446.49,Mobile Money,1
T07137,C1385,P0160,2025-09-14 15:21:10,4,56.05,224.2,Cash on Delivery,0
T07138,C1321,P0045,2025-08-01 18:16:55,4,148.43,593.72,Card,1
T07139,C1496,P0096,2025-06-08 09:30:08,4,497.3,1989.2,Card,0
T07140,C1651,P0139,2026-01-22 23:13:15,1,134.14,134.14,Card,0
T07141,C0027,P0018,2025-09-09 08:23:33,3,90.82,272.46,Cash on Delivery,1
T07142,C1473,P0171,2025-08-03 05:49:00,2,275.23,550.46,Card,0
T07143,C0661,P0182,2026-04-20 18:21:53,1,248.85,248.85,Cash on Delivery,0
T07144,C0189,P0029,2025-11-10 00:09:23,1,387.26,387.26,Cash on Delivery,0
T07145,C1126,P0190,2026-04-14 03:15:17,3,459.96,1379.88,Cash on Delivery,1
T07146,C1015,P0091,2025-11-18 04:14:58,4,199.58,798.32,Cash on Delivery,0
T07147,C1551,P0005,2025-11-16 14:07:47,1,15.19,15.19,Mobile Money,0
T07148,C0916,P0185,2025-07-28 17:12:25,1,342.11,342.11,Mobile Money,0
T07149,C1138,P0101,2025-12-31 13:37:27,1,426.31,426.31,Cash on Delivery,1
T07150,C1749,P0004,2026-01-07 19:56:06,4,170.19,680.76,Card,0
T07151,C0453,P0034,2026-02-20 06:34:21,4,52.23,208.92,Mobile Money,1
T07152,C1430,P0196,2025-12-30 11:43:18,1,57.84,57.84,Cash on Delivery,0
T07153,C1988,P0127,2025-09-21 21:46:34,2,458.03,916.06,Cash on Delivery,0
T07154,C0835,P0136,2025-11-06 13:53:52,4,248.35,993.4,Card,0
T07155,C0730,P0174,2026-05-04 15:59:17,1,351.98,351.98,Card,0
T07156,C1374,P0114,2026-03-29 14:28:48,3,22.79,68.37,Mobile Money,0
T07157,C1268,P0012,2026-06-06 14:16:00,3,491.7,1475.1,Mobile Money,0
T07158,C1257,P0052,2026-05-06 02:50:28,2,257.82,515.64,Mobile Money,0
T07159,C1263,P0002,2026-01-11 09:11:13,1,390.95,390.95,Mobile Money,0
T07160,C1756,P0055,2026-02-28 09:22:18,3,281.26,843.78,Card,0
T07161,C1442,P0104,2025-10-18 08:58:37,3,108.41,325.23,Mobile Money,1
T07162,C0338,P0192,2026-03-15 10:18:55,4,112.32,449.28,Cash on Delivery,0
T07163,C1301,P0140,2026-02-05 09:34:33,2,254.05,508.1,Mobile Money,1
T07164,C1128,P0010,2025-11-15 02:10:12,1,487.01,487.01,Cash on Delivery,0
T07165,C0977,P0089,2026-03-28 00:43:08,2,51.37,102.74,Cash on Delivery,0
T07166,C1038,P0115,2025-11-28 01:12:03,2,491.01,982.02,Mobile Money,0
T07167,C1362,P0168,2026-02-22 01:38:39,4,396.83,1587.32,Cash on Delivery,0
T07168,C1550,P0030,2026-04-07 19:18:58,1,11.97,11.97,Card,0
T07169,C0401,P0180,2025-12-10 09:32:58,2,389.69,779.38,Card,0
T07170,C0110,P0062,2025-07-05 17:47:38,2,278.68,557.36,Mobile Money,0
T07171,C0160,P0150,2025-09-10 15:32:48,1,162.89,162.89,Cash on Delivery,0
T07172,C0761,P0076,2026-01-21 04:30:26,3,498.15,1494.45,Mobile Money,0
T07173,C0946,P0022,2025-08-23 13:21:37,2,200.6,401.2,Card,0
T07174,C0813,P0103,2025-09-10 02:18:54,2,349.53,699.06,Cash on Delivery,0
T07175,C0748,P0119,2026-02-09 08:20:44,4,482.8,1931.2,Card,1
T07176,C0680,P0065,2026-06-02 13:46:27,1,318.6,318.6,Cash on Delivery,0
T07177,C0558,P0005,2025-10-10 23:57:13,1,15.19,15.19,Mobile Money,0
T07178,C0681,P0164,2026-03-29 16:00:50,1,163.06,163.06,Mobile Money,0
T07179,C0335,P0158,2025-07-29 18:41:58,4,465.72,1862.88,Card,0
T07180,C0256,P0148,2025-10-05 20:04:16,4,54.89,219.56,Cash on Delivery,0
T07181,C0941,P0066,2026-06-08 08:40:59,4,400.18,1600.72,Mobile Money,0
T07182,C1112,P0004,2025-09-14 05:04:25,2,170.19,340.38,Cash on Delivery,1
T07183,C0682,P0055,2025-10-30 12:41:01,3,281.26,843.78,Cash on Delivery,0
T07184,C1538,P0002,2025-07-28 02:36:08,2,390.95,781.9,Card,0
T07185,C0781,P0178,2026-01-19 16:43:31,1,473.89,473.89,Mobile Money,1
T07186,C0017,P0070,2025-08-18 16:03:42,2,52.61,105.22,Mobile Money,1
T07187,C0342,P0187,2026-01-25 07:15:36,1,115.68,115.68,Cash on Delivery,0
T07188,C0771,P0070,2026-05-07 16:13:33,4,52.61,210.44,Cash on Delivery,0
T07189,C0710,P0110,2026-01-28 08:11:19,1,253.25,253.25,Card,0
T07190,C0177,P0081,2025-08-08 23:06:31,3,85.01,255.03,Cash on Delivery,0
T07191,C0495,P0178,2025-07-16 19:12:16,1,473.89,473.89,Cash on Delivery,0
T07192,C1992,P0035,2026-03-12 17:23:00,3,165.97,497.91,Cash on Delivery,0
T07193,C0010,P0135,2026-02-03 13:53:23,2,91.79,183.58,Card,1
T07194,C0531,P0183,2025-09-19 06:57:55,2,287.88,575.76,Mobile Money,0
T07195,C0576,P0023,2026-03-05 20:42:31,3,461.33,1383.99,Cash on Delivery,0
T07196,C1244,P0161,2026-04-15 22:28:39,2,250.8,501.6,Mobile Money,1
T07197,C1801,P0096,2026-02-03 07:31:14,1,497.3,497.3,Card,0
T07198,C0207,P0125,2026-03-25 15:08:19,1,96.25,96.25,Mobile Money,0
T07199,C0246,P0018,2025-11-06 16:33:59,2,90.82,181.64,Cash on Delivery,0
T07200,C1821,P0199,2025-09-05 21:44:12,2,487.33,974.66,Card,0
T07201,C0317,P0116,2025-06-28 01:34:48,3,20.1,60.3,Mobile Money,0
T07202,C0370,P0133,2026-02-23 04:25:35,1,174.23,174.23,Card,0
T07203,C0630,P0069,2026-04-30 12:24:36,4,258.49,1033.96,Cash on Delivery,0
T07204,C0602,P0180,2026-02-12 00:31:26,3,389.69,1169.07,Card,0
T07205,C1556,P0088,2025-11-10 06:52:10,3,361.87,1085.61,Cash on Delivery,0
T07206,C1525,P0107,2025-12-26 19:07:02,1,352.73,352.73,Cash on Delivery,1
T07207,C0331,P0092,2025-07-14 05:35:59,4,220.03,880.12,Mobile Money,1
T07208,C0744,P0098,2026-05-20 20:26:59,1,476.77,476.77,Card,0
T07209,C1685,P0119,2026-01-12 11:28:26,1,482.8,482.8,Card,0
T07210,C0747,P0133,2025-08-26 15:45:03,3,174.23,522.69,Card,0
T07211,C1765,P0137,2026-02-19 22:39:30,3,235.01,705.03,Mobile Money,0
T07212,C1983,P0105,2025-07-13 02:40:37,1,74.34,74.34,Mobile Money,0
T07213,C1019,P0026,2025-06-28 20:52:25,2,295.44,590.88,Mobile Money,0
T07214,C1005,P0019,2025-12-11 04:44:29,4,332.95,1331.8,Cash on Delivery,0
T07215,C1138,P0056,2025-11-16 21:16:02,1,486.03,486.03,Cash on Delivery,0
T07216,C0030,P0068,2025-07-20 17:51:40,2,166.35,332.7,Mobile Money,0
T07217,C0664,P0007,2026-02-19 02:32:58,4,95.79,383.16,Cash on Delivery,1
T07218,C1455,P0107,2025-12-31 00:02:45,2,352.73,705.46,Cash on Delivery,0
T07219,C1703,P0030,2026-01-05 00:48:19,4,11.97,47.88,Card,0
T07220,C1073,P0148,2026-04-04 03:08:14,2,54.89,109.78,Card,0
T07221,C1322,P0069,2026-05-31 12:23:19,4,258.49,1033.96,Mobile Money,1
T07222,C1826,P0006,2025-08-27 22:31:19,1,469.58,469.58,Card,0
T07223,C1477,P0122,2025-10-16 19:17:12,4,488.05,1952.2,Card,0
T07224,C1283,P0010,2025-06-22 06:03:19,4,487.01,1948.04,Cash on Delivery,0
T07225,C0879,P0077,2026-04-15 20:59:23,4,450.71,1802.84,Card,0
T07226,C1059,P0194,2026-06-03 13:42:57,2,369.86,739.72,Card,0
T07227,C1086,P0180,2025-11-18 21:27:13,2,389.69,779.38,Cash on Delivery,1
T07228,C0047,P0052,2026-05-19 05:28:33,4,257.82,1031.28,Cash on Delivery,0
T07229,C0101,P0182,2025-07-22 13:40:06,4,248.85,995.4,Card,0
T07230,C0983,P0023,2026-04-04 01:09:08,3,461.33,1383.99,Mobile Money,0
T07231,C0359,P0035,2026-02-18 16:37:49,1,165.97,165.97,Card,0
T07232,C1026,P0119,2025-06-20 10:14:13,4,482.8,1931.2,Cash on Delivery,1
T07233,C1296,P0112,2025-10-25 05:00:08,2,445.55,891.1,Mobile Money,0
T07234,C1475,P0144,2026-02-15 13:06:05,3,197.14,591.42,Card,0
T07235,C0566,P0092,2025-12-28 04:27:49,1,220.03,220.03,Cash on Delivery,0
T07236,C0545,P0148,2026-05-29 23:46:03,4,54.89,219.56,Cash on Delivery,0
T07237,C1432,P0136,2026-03-27 12:19:55,4,248.35,993.4,Cash on Delivery,1
T07238,C0314,P0053,2025-09-18 14:36:26,4,347.76,1391.04,Card,0
T07239,C0724,P0118,2026-02-25 23:35:12,1,263.51,263.51,Mobile Money,0
T07240,C0084,P0012,2025-08-12 22:58:59,4,491.7,1966.8,Card,0
T07241,C1439,P0132,2026-01-16 07:04:45,2,181.21,362.42,Mobile Money,1
T07242,C0550,P0086,2025-12-31 17:51:42,3,13.95,41.85,Cash on Delivery,0
T07243,C0715,P0165,2026-02-01 18:09:23,4,243.85,975.4,Mobile Money,1
T07244,C1152,P0014,2025-12-31 09:21:08,3,11.57,34.71,Mobile Money,0
T07245,C1546,P0073,2025-10-26 05:56:53,4,462.72,1850.88,Card,0
T07246,C1129,P0038,2025-12-17 18:36:55,3,362.26,1086.78,Mobile Money,0
T07247,C1568,P0165,2025-07-16 03:33:21,2,243.85,487.7,Card,0
T07248,C0132,P0014,2025-11-23 22:02:43,2,11.57,23.14,Card,0
T07249,C1527,P0152,2026-03-09 18:44:53,4,63.49,253.96,Cash on Delivery,0
T07250,C1899,P0010,2026-03-04 22:19:29,2,487.01,974.02,Mobile Money,1
T07251,C0608,P0016,2025-08-12 07:01:04,3,119.29,357.87,Card,0
T07252,C1031,P0018,2025-09-16 23:46:05,1,90.82,90.82,Cash on Delivery,0
T07253,C1269,P0184,2025-07-26 07:34:51,2,63.18,126.36,Card,0
T07254,C0978,P0175,2026-01-01 01:47:07,3,446.49,1339.47,Mobile Money,0
T07255,C0643,P0111,2026-04-02 20:13:46,2,40.12,80.24,Card,0
T07256,C0455,P0129,2025-08-16 20:54:38,1,467.63,467.63,Mobile Money,0
T07257,C0571,P0074,2026-01-17 09:25:14,4,118.13,472.52,Card,0
T07258,C1184,P0072,2025-11-19 16:49:20,2,339.47,678.94,Cash on Delivery,0
T07259,C0462,P0087,2025-10-31 09:10:26,1,374.51,374.51,Cash on Delivery,0
T07260,C1685,P0017,2026-04-04 04:54:28,1,65.41,65.41,Card,0
T07261,C1620,P0055,2025-11-16 17:27:06,2,281.26,562.52,Mobile Money,0
T07262,C1274,P0177,2025-09-13 08:59:54,4,432.25,1729.0,Cash on Delivery,0
T07263,C1096,P0154,2025-09-23 16:40:14,4,402.72,1610.88,Card,1
T07264,C0172,P0109,2026-04-11 11:54:03,4,434.2,1736.8,Cash on Delivery,0
T07265,C0273,P0187,2026-03-11 14:00:12,1,115.68,115.68,Mobile Money,0
T07266,C0319,P0018,2025-08-04 00:41:17,4,90.82,363.28,Card,0
T07267,C0429,P0082,2026-03-24 11:57:49,3,292.44,877.32,Cash on Delivery,0
T07268,C0249,P0079,2025-10-12 06:54:19,2,449.07,898.14,Cash on Delivery,0
T07269,C1958,P0131,2026-05-24 12:47:38,3,366.37,1099.11,Mobile Money,0
T07270,C0363,P0099,2025-10-20 01:11:33,1,483.49,483.49,Mobile Money,0
T07271,C0438,P0040,2026-03-19 10:59:05,4,59.89,239.56,Cash on Delivery,0
T07272,C1629,P0020,2026-04-26 06:31:17,3,107.93,323.79,Mobile Money,0
T07273,C0296,P0133,2026-03-19 13:46:02,3,174.23,522.69,Cash on Delivery,0
T07274,C1888,P0135,2025-07-28 19:21:25,4,91.79,367.16,Mobile Money,0
T07275,C1398,P0100,2026-02-21 16:07:08,1,42.3,42.3,Mobile Money,0
T07276,C0555,P0037,2025-08-05 01:12:43,4,64.2,256.8,Card,1
T07277,C1890,P0191,2026-02-12 00:25:45,4,484.8,1939.2,Card,0
T07278,C1132,P0049,2025-07-28 19:58:04,1,181.37,181.37,Cash on Delivery,0
T07279,C0521,P0096,2025-10-05 09:43:58,2,497.3,994.6,Card,0
T07280,C0790,P0102,2025-11-19 17:22:58,2,189.48,378.96,Mobile Money,1
T07281,C1799,P0099,2026-03-08 16:14:33,3,483.49,1450.47,Card,0
T07282,C1188,P0141,2025-09-24 15:27:06,2,343.56,687.12,Card,1
T07283,C1045,P0016,2026-04-24 08:17:30,1,119.29,119.29,Mobile Money,0
T07284,C0595,P0028,2025-07-16 17:22:17,2,86.81,173.62,Card,0
T07285,C0397,P0017,2025-10-29 13:37:32,1,65.41,65.41,Card,0
T07286,C0314,P0036,2026-02-22 06:57:12,3,140.99,422.97,Mobile Money,0
T07287,C1640,P0020,2025-09-23 13:37:26,1,107.93,107.93,Card,0
T07288,C1559,P0180,2026-05-14 05:04:36,2,389.69,779.38,Card,0
T07289,C0244,P0170,2026-04-08 10:42:12,4,277.02,1108.08,Card,0
T07290,C0558,P0005,2026-03-06 19:56:36,4,15.19,60.76,Card,0
T07291,C0283,P0017,2025-06-12 12:55:20,3,65.41,196.23,Cash on Delivery,0
T07292,C0087,P0196,2026-05-28 21:55:12,3,57.84,173.52,Cash on Delivery,0
T07293,C0930,P0113,2025-08-23 05:14:03,1,291.54,291.54,Mobile Money,0
T07294,C1601,P0149,2026-02-10 01:59:21,2,311.04,622.08,Mobile Money,1
T07295,C1820,P0160,2026-02-27 00:38:41,2,56.05,112.1,Mobile Money,0
T07296,C0182,P0082,2025-08-24 05:49:39,3,292.44,877.32,Mobile Money,0
T07297,C1550,P0102,2026-05-29 23:41:15,2,189.48,378.96,Mobile Money,0
T07298,C1580,P0183,2025-10-30 23:40:10,2,287.88,575.76,Cash on Delivery,0
T07299,C1324,P0174,2025-12-16 03:32:36,2,351.98,703.96,Cash on Delivery,0
T07300,C1759,P0169,2026-01-23 09:50:30,1,465.81,465.81,Card,0
T07301,C1797,P0002,2026-04-29 05:04:08,2,390.95,781.9,Card,0
T07302,C1420,P0090,2025-12-23 13:52:48,3,128.98,386.94,Mobile Money,0
T07303,C1919,P0078,2026-02-04 22:38:03,4,143.04,572.16,Cash on Delivery,0
T07304,C1583,P0077,2025-07-02 20:33:15,3,450.71,1352.13,Cash on Delivery,0
T07305,C0116,P0079,2026-04-09 18:28:19,3,449.07,1347.21,Cash on Delivery,1
T07306,C1471,P0147,2025-07-22 15:03:12,3,107.31,321.93,Cash on Delivery,1
T07307,C1047,P0115,2025-08-23 00:04:10,4,491.01,1964.04,Mobile Money,1
T07308,C0543,P0013,2025-11-26 01:30:52,3,305.73,917.19,Cash on Delivery,0
T07309,C0642,P0158,2025-10-02 03:23:10,2,465.72,931.44,Mobile Money,0
T07310,C0669,P0139,2026-03-14 08:37:55,1,134.14,134.14,Cash on Delivery,0
T07311,C1427,P0022,2025-09-04 05:11:29,2,200.6,401.2,Cash on Delivery,1
T07312,C1181,P0169,2026-05-08 16:57:30,2,465.81,931.62,Cash on Delivery,0
T07313,C1496,P0074,2026-05-25 22:37:54,2,118.13,236.26,Card,0
T07314,C0902,P0008,2025-06-09 00:29:44,3,8.5,25.5,Mobile Money,0
T07315,C1489,P0007,2026-01-19 21:08:13,4,95.79,383.16,Cash on Delivery,0
T07316,C0252,P0164,2026-02-19 20:35:51,4,163.06,652.24,Mobile Money,0
T07317,C1266,P0088,2025-09-19 06:05:15,2,361.87,723.74,Mobile Money,0
T07318,C0791,P0064,2025-10-16 09:37:31,3,402.55,1207.65,Card,0
T07319,C1842,P0061,2026-03-16 11:19:14,1,76.72,76.72,Mobile Money,1
T07320,C1835,P0046,2026-01-30 20:06:27,4,314.06,1256.24,Mobile Money,0
T07321,C1021,P0138,2025-07-23 19:42:51,3,309.85,929.55,Card,0
T07322,C1998,P0148,2025-09-14 21:10:10,4,54.89,219.56,Cash on Delivery,0
T07323,C0530,P0003,2025-09-12 16:57:12,2,82.22,164.44,Mobile Money,0
T07324,C1236,P0187,2026-03-18 11:34:43,2,115.68,231.36,Mobile Money,0
T07325,C1306,P0035,2025-07-29 15:27:41,3,165.97,497.91,Card,0
T07326,C1608,P0035,2025-10-30 18:18:13,4,165.97,663.88,Mobile Money,0
T07327,C1329,P0057,2026-02-28 02:41:50,1,251.14,251.14,Card,0
T07328,C0361,P0010,2025-10-06 07:37:46,1,487.01,487.01,Mobile Money,0
T07329,C1640,P0157,2026-01-23 01:15:37,3,128.76,386.28,Mobile Money,0
T07330,C1250,P0071,2026-04-22 13:32:59,2,196.43,392.86,Cash on Delivery,0
T07331,C0478,P0068,2026-01-09 07:38:45,1,166.35,166.35,Card,0
T07332,C1579,P0078,2025-06-22 06:49:51,4,143.04,572.16,Cash on Delivery,0
T07333,C1013,P0095,2025-08-08 20:09:17,4,17.04,68.16,Card,0
T07334,C1372,P0126,2025-09-01 23:36:36,3,349.51,1048.53,Card,0
T07335,C0452,P0153,2025-09-26 13:37:35,3,468.64,1405.92,Cash on Delivery,0
T07336,C1143,P0034,2026-04-24 06:05:08,4,52.23,208.92,Card,0
T07337,C0439,P0053,2025-09-22 02:22:15,4,347.76,1391.04,Card,1
T07338,C0629,P0053,2025-11-23 08:58:17,2,347.76,695.52,Mobile Money,0
T07339,C1867,P0135,2025-11-26 15:41:26,3,91.79,275.37,Card,0
T07340,C0247,P0042,2025-09-08 22:42:28,3,283.82,851.46,Cash on Delivery,0
T07341,C0248,P0137,2025-11-18 20:14:37,3,235.01,705.03,Mobile Money,1
T07342,C0865,P0101,2026-03-18 07:04:58,3,426.31,1278.93,Cash on Delivery,0
T07343,C0773,P0193,2025-11-20 20:24:39,4,315.64,1262.56,Cash on Delivery,0
T07344,C0550,P0154,2025-09-26 22:25:55,3,402.72,1208.16,Card,0
T07345,C1211,P0003,2025-08-08 15:01:03,1,82.22,82.22,Card,1
T07346,C0465,P0013,2025-07-10 23:08:18,3,305.73,917.19,Card,0
T07347,C0259,P0163,2026-03-30 21:54:13,3,479.48,1438.44,Mobile Money,0
T07348,C0173,P0181,2026-02-07 06:44:21,3,128.12,384.36,Card,0
T07349,C1364,P0066,2026-04-29 16:43:33,3,400.18,1200.54,Cash on Delivery,0
T07350,C0329,P0172,2025-10-27 11:56:21,1,75.78,75.78,Card,0
T07351,C0062,P0112,2026-01-27 21:46:43,4,445.55,1782.2,Cash on Delivery,0
T07352,C0562,P0025,2026-02-19 22:43:25,4,197.4,789.6,Card,0
T07353,C1319,P0122,2026-02-20 02:43:21,1,488.05,488.05,Card,1
T07354,C0040,P0052,2026-01-08 03:58:29,4,257.82,1031.28,Card,0
T07355,C0457,P0060,2025-11-24 16:30:28,4,175.81,703.24,Card,1
T07356,C1733,P0110,2025-11-21 21:37:34,4,253.25,1013.0,Card,0
T07357,C0002,P0020,2026-02-01 10:14:43,1,107.93,107.93,Card,1
T07358,C0777,P0106,2025-07-17 13:02:06,4,164.66,658.64,Mobile Money,0
T07359,C0414,P0167,2025-11-12 21:01:24,3,279.08,837.24,Mobile Money,0
T07360,C1082,P0182,2025-09-08 11:34:52,2,248.85,497.7,Cash on Delivery,0
T07361,C0138,P0172,2026-02-18 19:26:43,3,75.78,227.34,Mobile Money,1
T07362,C1584,P0109,2025-07-01 16:14:50,1,434.2,434.2,Cash on Delivery,1
T07363,C0726,P0126,2026-03-12 23:05:21,1,349.51,349.51,Mobile Money,0
T07364,C1413,P0145,2026-02-11 15:45:35,4,406.55,1626.2,Card,0
T07365,C0192,P0198,2025-11-14 18:01:37,2,118.55,237.1,Card,0
T07366,C0327,P0107,2025-10-11 00:33:46,2,352.73,705.46,Cash on Delivery,1
T07367,C0595,P0132,2026-03-21 08:03:05,1,181.21,181.21,Mobile Money,0
T07368,C0508,P0028,2026-04-27 15:23:57,4,86.81,347.24,Cash on Delivery,0
T07369,C1090,P0106,2026-03-15 18:12:54,2,164.66,329.32,Card,0
T07370,C0047,P0195,2026-04-14 18:16:55,4,475.45,1901.8,Card,0
T07371,C1895,P0106,2025-12-30 13:58:29,1,164.66,164.66,Card,0
T07372,C1511,P0025,2025-12-04 21:48:24,2,197.4,394.8,Cash on Delivery,0
T07373,C0709,P0079,2025-11-28 15:28:08,3,449.07,1347.21,Mobile Money,0
T07374,C1202,P0040,2025-06-14 01:14:50,4,59.89,239.56,Mobile Money,0
T07375,C0631,P0115,2026-02-20 10:12:47,4,491.01,1964.04,Card,0
T07376,C0197,P0165,2026-02-20 18:00:19,3,243.85,731.55,Cash on Delivery,1
T07377,C0749,P0145,2026-01-23 16:34:39,2,406.55,813.1,Cash on Delivery,0
T07378,C0076,P0169,2025-09-19 10:29:52,4,465.81,1863.24,Card,0
T07379,C1569,P0170,2026-04-08 23:50:59,3,277.02,831.06,Mobile Money,0
T07380,C0742,P0043,2025-12-17 19:04:46,1,128.4,128.4,Cash on Delivery,0
T07381,C0809,P0195,2025-10-11 20:04:20,2,475.45,950.9,Mobile Money,1
T07382,C1960,P0118,2026-01-11 00:30:26,3,263.51,790.53,Card,1
T07383,C1814,P0158,2025-10-12 08:30:36,3,465.72,1397.16,Mobile Money,1
T07384,C1463,P0096,2025-09-20 04:54:05,3,497.3,1491.9,Card,0
T07385,C1866,P0171,2025-07-29 02:20:36,1,275.23,275.23,Card,1
T07386,C1412,P0032,2025-10-27 19:54:20,3,463.52,1390.56,Card,0
T07387,C1023,P0045,2026-02-16 21:26:19,4,148.43,593.72,Card,0
T07388,C0711,P0020,2026-02-17 17:13:04,3,107.93,323.79,Card,1
T07389,C1113,P0065,2026-03-20 17:16:13,4,318.6,1274.4,Mobile Money,0
T07390,C1559,P0154,2025-09-02 08:15:22,1,402.72,402.72,Card,0
T07391,C1178,P0040,2026-02-23 13:50:24,2,59.89,119.78,Card,1
T07392,C0812,P0078,2025-08-26 03:17:38,2,143.04,286.08,Mobile Money,0
T07393,C1015,P0159,2025-12-15 07:24:34,2,341.52,683.04,Cash on Delivery,0
T07394,C0629,P0113,2025-06-22 12:02:26,3,291.54,874.62,Cash on Delivery,0
T07395,C1862,P0005,2026-03-08 19:27:32,1,15.19,15.19,Mobile Money,0
T07396,C0671,P0035,2026-01-19 10:05:14,4,165.97,663.88,Cash on Delivery,0
T07397,C0847,P0014,2026-03-29 10:52:26,1,11.57,11.57,Mobile Money,0
T07398,C1765,P0101,2025-12-07 01:53:05,1,426.31,426.31,Cash on Delivery,0
T07399,C0178,P0199,2025-12-29 02:42:12,2,487.33,974.66,Cash on Delivery,0
T07400,C1666,P0020,2026-03-09 13:49:50,4,107.93,431.72,Card,0
T07401,C1312,P0154,2025-06-13 15:19:35,3,402.72,1208.16,Cash on Delivery,1
T07402,C1425,P0141,2025-09-18 10:09:54,1,343.56,343.56,Cash on Delivery,1
T07403,C0027,P0186,2025-08-10 16:35:20,2,241.47,482.94,Cash on Delivery,0
T07404,C0422,P0145,2025-12-04 15:19:17,2,406.55,813.1,Card,0
T07405,C1678,P0014,2025-08-12 07:39:20,1,11.57,11.57,Card,0
T07406,C1348,P0140,2026-05-03 16:15:57,1,254.05,254.05,Mobile Money,1
T07407,C0285,P0055,2026-05-31 23:15:20,3,281.26,843.78,Cash on Delivery,0
T07408,C1668,P0089,2026-01-10 10:58:36,1,51.37,51.37,Cash on Delivery,0
T07409,C1602,P0144,2025-07-28 12:42:28,2,197.14,394.28,Mobile Money,1
T07410,C1684,P0023,2026-03-05 21:47:02,4,461.33,1845.32,Cash on Delivery,0
T07411,C1542,P0145,2026-01-23 01:50:26,4,406.55,1626.2,Cash on Delivery,0
T07412,C1659,P0082,2025-09-10 11:32:18,4,292.44,1169.76,Card,0
T07413,C1129,P0167,2025-11-14 12:55:46,1,279.08,279.08,Cash on Delivery,1
T07414,C1774,P0034,2026-06-05 12:28:23,4,52.23,208.92,Cash on Delivery,0
T07415,C0082,P0054,2025-09-02 07:28:27,4,471.74,1886.96,Mobile Money,0
T07416,C1345,P0094,2025-07-22 14:01:03,3,118.94,356.82,Cash on Delivery,0
T07417,C1833,P0087,2025-08-12 04:58:18,1,374.51,374.51,Cash on Delivery,1
T07418,C1952,P0105,2025-12-09 13:39:00,3,74.34,223.02,Card,0
T07419,C0868,P0066,2025-11-06 01:48:55,4,400.18,1600.72,Mobile Money,1
T07420,C0171,P0173,2025-07-13 09:26:25,1,434.1,434.1,Mobile Money,0
T07421,C1516,P0066,2025-10-21 20:38:31,4,400.18,1600.72,Mobile Money,0
T07422,C0151,P0034,2025-10-17 03:51:42,1,52.23,52.23,Cash on Delivery,1
T07423,C0258,P0134,2025-12-26 03:10:21,4,25.16,100.64,Mobile Money,0
T07424,C0795,P0116,2026-03-30 09:44:11,4,20.1,80.4,Cash on Delivery,0
T07425,C0035,P0019,2025-10-25 17:04:46,4,332.95,1331.8,Card,1
T07426,C1860,P0115,2026-01-23 05:43:56,3,491.01,1473.03,Cash on Delivery,0
T07427,C0007,P0049,2025-12-18 05:38:21,1,181.37,181.37,Mobile Money,1
T07428,C1689,P0037,2025-10-21 20:36:49,3,64.2,192.6,Mobile Money,1
T07429,C1361,P0115,2025-07-10 12:55:10,1,491.01,491.01,Cash on Delivery,0
T07430,C1166,P0062,2026-01-06 03:50:58,1,278.68,278.68,Cash on Delivery,0
T07431,C0088,P0182,2025-06-12 20:47:00,2,248.85,497.7,Mobile Money,0
T07432,C0481,P0048,2026-02-23 01:15:47,3,446.82,1340.46,Cash on Delivery,1
T07433,C0211,P0055,2026-04-02 02:12:26,4,281.26,1125.04,Cash on Delivery,0
T07434,C0235,P0197,2025-09-24 21:22:53,1,98.12,98.12,Card,0
T07435,C1639,P0187,2025-10-30 08:01:35,1,115.68,115.68,Card,0
T07436,C0497,P0034,2026-05-24 23:41:46,1,52.23,52.23,Mobile Money,0
T07437,C0187,P0112,2025-08-15 03:08:10,2,445.55,891.1,Mobile Money,0
T07438,C1436,P0194,2026-02-12 20:09:03,3,369.86,1109.58,Card,0
T07439,C1269,P0099,2026-03-01 15:35:25,4,483.49,1933.96,Mobile Money,0
T07440,C1520,P0057,2026-04-03 12:56:31,3,251.14,753.42,Mobile Money,0
T07441,C0392,P0022,2026-01-02 02:48:49,4,200.6,802.4,Card,0
T07442,C1828,P0060,2026-02-24 09:19:12,1,175.81,175.81,Mobile Money,0
T07443,C0541,P0199,2026-02-24 12:30:57,1,487.33,487.33,Card,0
T07444,C1874,P0193,2025-08-17 13:30:35,4,315.64,1262.56,Mobile Money,0
T07445,C1774,P0132,2025-10-11 03:59:58,4,181.21,724.84,Card,0
T07446,C0178,P0200,2025-07-03 11:21:19,3,270.37,811.11,Cash on Delivery,1
T07447,C1689,P0167,2026-04-21 21:47:54,3,279.08,837.24,Card,0
T07448,C0168,P0044,2026-01-06 16:02:31,3,105.52,316.56,Cash on Delivery,1
T07449,C0337,P0031,2026-05-25 11:20:34,1,365.86,365.86,Card,0
T07450,C1916,P0074,2026-06-03 19:12:47,3,118.13,354.39,Mobile Money,0
T07451,C1520,P0183,2025-11-23 10:02:24,4,287.88,1151.52,Cash on Delivery,0
T07452,C0837,P0068,2026-05-25 05:27:16,3,166.35,499.05,Cash on Delivery,0
T07453,C1577,P0042,2025-12-14 10:32:41,2,283.82,567.64,Card,0
T07454,C0006,P0050,2026-01-18 12:15:41,4,117.83,471.32,Cash on Delivery,0
T07455,C1297,P0075,2025-12-25 04:46:38,1,279.82,279.82,Cash on Delivery,1
T07456,C1859,P0105,2026-04-23 11:14:49,1,74.34,74.34,Card,1
T07457,C1124,P0144,2025-07-20 21:00:53,4,197.14,788.56,Mobile Money,0
T07458,C1270,P0090,2025-10-27 02:45:43,4,128.98,515.92,Mobile Money,0
T07459,C1105,P0162,2025-06-13 03:46:01,4,448.28,1793.12,Mobile Money,0
T07460,C0080,P0115,2025-09-11 14:45:14,4,491.01,1964.04,Card,0
T07461,C1333,P0056,2025-08-24 05:29:42,3,486.03,1458.09,Card,1
T07462,C0260,P0049,2025-06-08 09:55:25,1,181.37,181.37,Mobile Money,0
T07463,C0885,P0018,2026-02-11 00:01:53,4,90.82,363.28,Card,0
T07464,C1910,P0035,2025-12-20 12:23:13,2,165.97,331.94,Mobile Money,0
T07465,C1429,P0063,2025-12-28 08:47:41,2,382.0,764.0,Card,0
T07466,C1349,P0180,2025-11-15 06:57:19,4,389.69,1558.76,Cash on Delivery,0
T07467,C0310,P0125,2026-03-11 23:05:21,1,96.25,96.25,Card,0
T07468,C1499,P0087,2025-09-16 21:09:25,2,374.51,749.02,Card,0
T07469,C0425,P0056,2026-04-13 06:58:31,3,486.03,1458.09,Cash on Delivery,0
T07470,C1400,P0142,2025-12-09 18:10:12,1,323.0,323.0,Mobile Money,0
T07471,C1389,P0025,2026-05-19 02:25:41,2,197.4,394.8,Cash on Delivery,0
T07472,C0565,P0095,2025-08-08 01:17:12,4,17.04,68.16,Mobile Money,0
T07473,C1200,P0048,2026-03-13 09:07:19,2,446.82,893.64,Mobile Money,1
T07474,C0490,P0132,2025-11-01 03:30:51,4,181.21,724.84,Card,0
T07475,C0459,P0159,2025-09-01 20:30:49,3,341.52,1024.56,Cash on Delivery,0
T07476,C0338,P0157,2025-10-30 16:50:20,1,128.76,128.76,Mobile Money,0
T07477,C1355,P0195,2025-10-29 00:06:09,4,475.45,1901.8,Mobile Money,1
T07478,C0576,P0181,2025-12-09 10:15:47,1,128.12,128.12,Card,0
T07479,C0943,P0035,2025-10-28 01:34:10,4,165.97,663.88,Card,0
T07480,C1272,P0090,2025-08-31 01:14:38,3,128.98,386.94,Cash on Delivery,0
T07481,C0467,P0112,2025-11-02 09:29:01,1,445.55,445.55,Card,0
T07482,C1565,P0091,2025-12-23 04:42:25,2,199.58,399.16,Mobile Money,0
T07483,C1673,P0012,2025-10-06 09:02:14,3,491.7,1475.1,Mobile Money,0
T07484,C0259,P0082,2025-08-09 18:29:26,1,292.44,292.44,Card,0
T07485,C1518,P0087,2025-06-19 21:14:29,2,374.51,749.02,Card,0
T07486,C0821,P0186,2025-09-12 10:58:48,4,241.47,965.88,Cash on Delivery,0
T07487,C1540,P0101,2025-06-10 20:36:39,1,426.31,426.31,Cash on Delivery,0
T07488,C0509,P0057,2026-05-22 22:36:15,2,251.14,502.28,Cash on Delivery,1
T07489,C0525,P0028,2025-09-16 02:22:42,4,86.81,347.24,Mobile Money,0
T07490,C0309,P0200,2026-05-27 13:17:23,4,270.37,1081.48,Card,0
T07491,C1305,P0048,2025-07-27 10:00:00,4,446.82,1787.28,Card,0
T07492,C1384,P0066,2026-05-05 08:26:59,2,400.18,800.36,Cash on Delivery,1
T07493,C1181,P0003,2025-11-22 12:40:33,3,82.22,246.66,Card,1
T07494,C0779,P0169,2025-10-09 04:53:45,2,465.81,931.62,Mobile Money,0
T07495,C1371,P0021,2026-04-29 16:30:12,3,484.94,1454.82,Card,0
T07496,C1887,P0152,2025-06-20 06:30:18,4,63.49,253.96,Card,0
T07497,C1409,P0094,2025-11-30 22:42:09,1,118.94,118.94,Cash on Delivery,0
T07498,C0624,P0182,2026-04-09 19:39:01,4,248.85,995.4,Mobile Money,0
T07499,C1476,P0034,2025-12-04 04:46:51,4,52.23,208.92,Cash on Delivery,1
T07500,C1513,P0083,2026-03-01 05:58:49,1,333.43,333.43,Cash on Delivery,0
T07501,C0392,P0131,2026-04-23 22:19:08,3,366.37,1099.11,Mobile Money,0
T07502,C0033,P0062,2026-01-20 20:26:40,3,278.68,836.04,Card,0
T07503,C1624,P0136,2026-03-09 22:43:42,1,248.35,248.35,Mobile Money,0
T07504,C1553,P0154,2025-12-14 18:50:34,2,402.72,805.44,Cash on Delivery,0
T07505,C0299,P0091,2026-02-24 02:31:54,1,199.58,199.58,Card,0
T07506,C0261,P0073,2025-11-06 04:32:00,2,462.72,925.44,Mobile Money,0
T07507,C1336,P0178,2025-09-08 07:59:46,2,473.89,947.78,Mobile Money,0
T07508,C0732,P0191,2026-03-02 03:22:36,1,484.8,484.8,Cash on Delivery,0
T07509,C0840,P0173,2025-06-29 00:41:56,1,434.1,434.1,Card,0
T07510,C0732,P0079,2025-11-02 00:39:51,2,449.07,898.14,Cash on Delivery,0
T07511,C0390,P0036,2026-04-02 17:06:38,1,140.99,140.99,Cash on Delivery,0
T07512,C1095,P0115,2026-05-13 19:22:02,4,491.01,1964.04,Mobile Money,0
T07513,C0903,P0173,2025-11-09 20:00:45,4,434.1,1736.4,Cash on Delivery,0
T07514,C1269,P0105,2025-10-12 05:10:30,1,74.34,74.34,Mobile Money,0
T07515,C0701,P0024,2025-06-16 00:44:50,1,262.81,262.81,Mobile Money,0
T07516,C1952,P0147,2025-07-08 03:01:34,1,107.31,107.31,Card,0
T07517,C1952,P0030,2025-08-29 10:46:23,1,11.97,11.97,Card,0
T07518,C1877,P0185,2025-08-03 22:13:21,4,342.11,1368.44,Card,0
T07519,C0882,P0083,2026-03-20 15:33:18,2,333.43,666.86,Cash on Delivery,0
T07520,C1879,P0096,2026-01-28 00:17:33,2,497.3,994.6,Cash on Delivery,0
T07521,C1726,P0187,2025-11-25 20:43:12,2,115.68,231.36,Mobile Money,1
T07522,C0322,P0067,2026-05-25 02:32:09,3,97.33,291.99,Mobile Money,0
T07523,C0678,P0054,2026-04-13 14:10:13,2,471.74,943.48,Card,0
T07524,C0285,P0083,2026-03-14 15:49:20,3,333.43,1000.29,Card,0
T07525,C1553,P0153,2025-11-01 19:01:50,4,468.64,1874.56,Card,1
T07526,C1841,P0115,2026-03-25 06:34:00,1,491.01,491.01,Card,0
T07527,C1611,P0087,2026-04-26 09:09:33,2,374.51,749.02,Cash on Delivery,0
T07528,C1076,P0123,2025-09-14 00:39:24,4,25.33,101.32,Cash on Delivery,0
T07529,C0141,P0148,2025-10-09 09:27:29,2,54.89,109.78,Card,0
T07530,C0084,P0088,2025-06-11 19:41:44,3,361.87,1085.61,Cash on Delivery,0
T07531,C1379,P0106,2026-02-27 18:22:57,4,164.66,658.64,Mobile Money,1
T07532,C0967,P0021,2026-03-06 01:07:12,2,484.94,969.88,Mobile Money,0
T07533,C1716,P0053,2026-05-08 13:56:49,3,347.76,1043.28,Cash on Delivery,0
T07534,C0393,P0197,2026-03-15 11:39:24,2,98.12,196.24,Card,0
T07535,C1994,P0096,2025-10-27 08:28:31,2,497.3,994.6,Cash on Delivery,0
T07536,C1137,P0174,2025-10-15 18:43:43,3,351.98,1055.94,Card,1
T07537,C0811,P0071,2025-10-31 02:21:13,2,196.43,392.86,Cash on Delivery,0
T07538,C0166,P0187,2025-08-03 20:42:58,3,115.68,347.04,Mobile Money,0
T07539,C0302,P0034,2025-11-14 11:10:49,3,52.23,156.69,Mobile Money,0
T07540,C0935,P0032,2025-12-13 13:38:24,4,463.52,1854.08,Card,0
T07541,C1506,P0001,2025-07-17 09:28:51,1,190.4,190.4,Mobile Money,0
T07542,C1266,P0185,2025-12-23 16:29:02,3,342.11,1026.33,Cash on Delivery,0
T07543,C1746,P0020,2025-10-26 12:59:03,2,107.93,215.86,Card,1
T07544,C0981,P0170,2025-07-10 11:52:40,4,277.02,1108.08,Cash on Delivery,0
T07545,C0178,P0072,2025-10-16 08:15:14,2,339.47,678.94,Mobile Money,1
T07546,C0299,P0011,2025-07-07 22:47:57,3,393.66,1180.98,Mobile Money,0
T07547,C1519,P0010,2025-09-25 07:12:11,4,487.01,1948.04,Cash on Delivery,0
T07548,C1729,P0200,2026-05-10 03:38:30,3,270.37,811.11,Cash on Delivery,1
T07549,C1795,P0055,2025-12-28 01:59:10,4,281.26,1125.04,Card,0
T07550,C1632,P0053,2025-10-20 17:58:18,4,347.76,1391.04,Card,0
T07551,C1424,P0048,2025-12-30 22:09:37,2,446.82,893.64,Mobile Money,0
T07552,C1628,P0158,2025-11-08 20:30:28,1,465.72,465.72,Card,0
T07553,C0489,P0156,2026-03-26 16:48:10,4,495.3,1981.2,Card,0
T07554,C0509,P0051,2026-05-16 12:19:33,1,179.52,179.52,Cash on Delivery,0
T07555,C0638,P0153,2025-12-09 07:18:55,2,468.64,937.28,Mobile Money,1
T07556,C0422,P0154,2025-07-22 08:14:57,2,402.72,805.44,Card,0
T07557,C1451,P0172,2026-03-04 17:00:48,3,75.78,227.34,Mobile Money,0
T07558,C1472,P0134,2025-10-27 04:34:21,2,25.16,50.32,Mobile Money,0
T07559,C1112,P0082,2025-08-20 00:39:28,4,292.44,1169.76,Cash on Delivery,0
T07560,C0678,P0013,2026-04-06 06:26:39,1,305.73,305.73,Card,0
T07561,C0657,P0064,2025-09-14 01:15:45,2,402.55,805.1,Card,0
T07562,C0781,P0121,2025-11-26 03:01:11,1,351.26,351.26,Cash on Delivery,0
T07563,C0518,P0073,2025-09-01 02:21:21,2,462.72,925.44,Mobile Money,0
T07564,C0421,P0121,2026-03-13 19:37:20,2,351.26,702.52,Cash on Delivery,1
T07565,C0814,P0057,2026-05-26 15:04:47,1,251.14,251.14,Cash on Delivery,0
T07566,C1826,P0078,2026-03-19 04:40:14,4,143.04,572.16,Card,0
T07567,C1213,P0194,2025-09-09 08:34:15,3,369.86,1109.58,Mobile Money,0
T07568,C0320,P0042,2025-10-30 15:33:35,2,283.82,567.64,Mobile Money,0
T07569,C1398,P0145,2025-10-19 15:02:08,1,406.55,406.55,Mobile Money,0
T07570,C1629,P0030,2025-11-16 01:01:53,3,11.97,35.91,Mobile Money,0
T07571,C0942,P0007,2025-08-11 04:54:40,1,95.79,95.79,Cash on Delivery,0
T07572,C0142,P0023,2026-02-12 20:53:17,4,461.33,1845.32,Cash on Delivery,0
T07573,C0628,P0148,2026-06-05 08:50:28,4,54.89,219.56,Card,0
T07574,C0025,P0081,2025-12-12 16:36:51,4,85.01,340.04,Card,1
T07575,C0305,P0115,2025-06-17 05:29:46,2,491.01,982.02,Card,1
T07576,C1179,P0185,2025-09-15 07:17:20,3,342.11,1026.33,Card,0
T07577,C0685,P0174,2025-09-18 14:06:16,3,351.98,1055.94,Mobile Money,1
T07578,C0890,P0154,2025-09-17 16:32:30,2,402.72,805.44,Card,0
T07579,C0341,P0048,2026-03-13 14:37:57,4,446.82,1787.28,Cash on Delivery,0
T07580,C0734,P0092,2026-04-30 22:57:28,3,220.03,660.09,Cash on Delivery,1
T07581,C0907,P0051,2025-06-30 03:41:18,2,179.52,359.04,Card,0
T07582,C0540,P0108,2025-09-28 17:35:17,3,151.77,455.31,Card,0
T07583,C0988,P0183,2026-04-07 14:50:18,1,287.88,287.88,Card,0
T07584,C0384,P0200,2026-02-03 23:55:27,2,270.37,540.74,Mobile Money,0
T07585,C0432,P0070,2025-06-24 09:53:51,4,52.61,210.44,Cash on Delivery,1
T07586,C1990,P0096,2025-12-09 21:52:34,4,497.3,1989.2,Cash on Delivery,0
T07587,C1772,P0103,2025-08-15 20:28:13,4,349.53,1398.12,Card,0
T07588,C0343,P0189,2026-01-09 22:04:36,2,446.12,892.24,Cash on Delivery,0
T07589,C0849,P0105,2025-12-13 18:38:40,1,74.34,74.34,Cash on Delivery,0
T07590,C1279,P0045,2025-12-01 17:32:23,4,148.43,593.72,Card,0
T07591,C1095,P0060,2025-11-18 14:30:51,1,175.81,175.81,Card,0
T07592,C1525,P0013,2026-05-27 01:44:01,2,305.73,611.46,Card,0
T07593,C0893,P0176,2025-07-03 11:56:11,3,46.99,140.97,Cash on Delivery,0
T07594,C0859,P0177,2026-03-24 07:52:21,2,432.25,864.5,Card,1
T07595,C1788,P0186,2026-05-28 08:22:45,1,241.47,241.47,Mobile Money,1
T07596,C1350,P0099,2025-07-05 14:41:30,1,483.49,483.49,Card,0
T07597,C0998,P0189,2025-09-14 01:57:22,2,446.12,892.24,Card,0
T07598,C0795,P0039,2026-01-02 12:25:45,2,249.43,498.86,Cash on Delivery,1
T07599,C0031,P0040,2025-12-02 13:28:28,3,59.89,179.67,Cash on Delivery,0
T07600,C1551,P0131,2025-09-28 16:49:05,4,366.37,1465.48,Cash on Delivery,1
T07601,C1291,P0182,2025-08-29 21:15:29,2,248.85,497.7,Mobile Money,0
T07602,C0368,P0030,2025-06-11 17:05:54,3,11.97,35.91,Card,0
T07603,C0168,P0043,2026-01-15 09:04:16,1,128.4,128.4,Card,0
T07604,C1962,P0093,2026-03-15 07:13:50,3,290.57,871.71,Mobile Money,0
T07605,C0771,P0170,2025-12-01 05:12:44,3,277.02,831.06,Cash on Delivery,0
T07606,C0851,P0090,2025-08-05 12:03:08,2,128.98,257.96,Card,0
T07607,C0661,P0085,2025-12-29 08:46:25,4,327.72,1310.88,Card,0
T07608,C0762,P0077,2026-01-07 13:38:16,1,450.71,450.71,Cash on Delivery,0
T07609,C0302,P0053,2026-05-30 05:28:20,4,347.76,1391.04,Mobile Money,0
T07610,C0109,P0037,2025-06-23 05:15:10,2,64.2,128.4,Card,1
T07611,C0678,P0109,2025-06-23 07:54:21,4,434.2,1736.8,Cash on Delivery,1
T07612,C1709,P0011,2025-09-02 14:22:30,1,393.66,393.66,Cash on Delivery,0
T07613,C0638,P0064,2025-06-09 02:04:51,4,402.55,1610.2,Card,0
T07614,C0105,P0112,2025-08-07 21:19:03,2,445.55,891.1,Card,0
T07615,C1776,P0062,2026-05-12 05:00:10,4,278.68,1114.72,Mobile Money,0
T07616,C0012,P0061,2025-08-02 14:45:14,2,76.72,153.44,Mobile Money,1
T07617,C1098,P0137,2026-01-18 12:27:22,3,235.01,705.03,Cash on Delivery,1
T07618,C1160,P0107,2025-09-10 17:50:53,2,352.73,705.46,Mobile Money,0
T07619,C1938,P0116,2025-09-14 08:13:39,3,20.1,60.3,Cash on Delivery,0
T07620,C1567,P0180,2025-10-11 06:20:45,3,389.69,1169.07,Card,0
T07621,C1895,P0142,2025-08-19 12:54:52,4,323.0,1292.0,Cash on Delivery,0
T07622,C1580,P0097,2025-07-13 20:24:38,1,457.86,457.86,Card,0
T07623,C0514,P0188,2025-11-18 20:16:11,1,489.06,489.06,Cash on Delivery,1
T07624,C1847,P0160,2025-11-02 06:58:35,4,56.05,224.2,Card,0
T07625,C1983,P0114,2025-09-28 13:29:37,3,22.79,68.37,Mobile Money,0
T07626,C0336,P0069,2025-08-15 12:16:17,3,258.49,775.47,Cash on Delivery,0
T07627,C0885,P0040,2025-12-09 18:30:16,4,59.89,239.56,Mobile Money,0
T07628,C1436,P0186,2026-05-20 08:25:21,4,241.47,965.88,Cash on Delivery,0
T07629,C0775,P0062,2025-08-06 14:23:23,1,278.68,278.68,Card,0
T07630,C0887,P0038,2026-05-20 16:04:20,3,362.26,1086.78,Card,0
T07631,C1883,P0086,2026-03-12 08:11:25,2,13.95,27.9,Cash on Delivery,0
T07632,C0173,P0121,2026-03-10 19:19:37,1,351.26,351.26,Mobile Money,0
T07633,C0160,P0160,2026-03-27 08:52:19,3,56.05,168.15,Card,0
T07634,C0557,P0001,2026-04-25 22:28:22,2,190.4,380.8,Mobile Money,0
T07635,C0989,P0064,2025-08-29 06:58:15,4,402.55,1610.2,Card,0
T07636,C0070,P0135,2026-02-08 10:56:18,2,91.79,183.58,Mobile Money,0
T07637,C0247,P0181,2025-10-04 17:05:58,3,128.12,384.36,Mobile Money,0
T07638,C0918,P0073,2026-05-06 14:09:21,2,462.72,925.44,Card,0
T07639,C0585,P0186,2026-03-06 00:11:07,3,241.47,724.41,Card,0
T07640,C1267,P0055,2026-02-22 06:29:33,2,281.26,562.52,Mobile Money,0
T07641,C0410,P0046,2026-05-13 13:01:44,1,314.06,314.06,Card,0
T07642,C0905,P0192,2026-04-24 22:31:42,4,112.32,449.28,Mobile Money,0
T07643,C1514,P0015,2025-08-31 08:05:26,3,405.16,1215.48,Cash on Delivery,0
T07644,C1635,P0144,2026-05-25 22:04:11,1,197.14,197.14,Mobile Money,0
T07645,C1198,P0179,2025-08-09 21:03:03,1,178.36,178.36,Cash on Delivery,0
T07646,C0570,P0007,2025-08-21 09:37:12,2,95.79,191.58,Mobile Money,0
T07647,C1943,P0078,2025-10-09 17:19:37,3,143.04,429.12,Cash on Delivery,0
T07648,C1146,P0145,2026-04-16 19:04:54,1,406.55,406.55,Cash on Delivery,0
T07649,C1125,P0027,2026-01-09 18:08:20,2,273.63,547.26,Cash on Delivery,0
T07650,C1118,P0158,2025-12-22 01:02:18,4,465.72,1862.88,Card,0
T07651,C0142,P0067,2026-05-15 22:54:50,2,97.33,194.66,Mobile Money,1
T07652,C0215,P0011,2026-05-18 13:16:55,4,393.66,1574.64,Mobile Money,0
T07653,C0001,P0131,2026-01-23 04:45:20,2,366.37,732.74,Card,0
T07654,C0841,P0009,2025-08-11 08:41:07,4,307.87,1231.48,Mobile Money,0
T07655,C1921,P0124,2026-01-31 14:40:34,4,222.29,889.16,Cash on Delivery,0
T07656,C1864,P0144,2026-04-04 10:25:46,2,197.14,394.28,Mobile Money,0
T07657,C1441,P0046,2025-10-15 12:47:28,2,314.06,628.12,Mobile Money,1
T07658,C1203,P0102,2026-01-27 22:12:08,1,189.48,189.48,Card,1
T07659,C0339,P0022,2025-11-20 09:35:24,4,200.6,802.4,Mobile Money,0
T07660,C1355,P0190,2025-10-22 19:34:11,1,459.96,459.96,Mobile Money,1
T07661,C1211,P0014,2025-12-11 03:41:24,3,11.57,34.71,Mobile Money,0
T07662,C0404,P0154,2026-02-01 10:33:28,4,402.72,1610.88,Card,0
T07663,C1547,P0133,2026-01-05 20:49:25,1,174.23,174.23,Mobile Money,0
T07664,C1853,P0047,2025-10-05 04:09:18,2,230.98,461.96,Mobile Money,0
T07665,C0813,P0111,2025-08-06 07:48:03,4,40.12,160.48,Cash on Delivery,0
T07666,C0886,P0047,2025-12-23 17:03:35,2,230.98,461.96,Card,1
T07667,C1497,P0141,2025-07-22 05:37:58,4,343.56,1374.24,Card,0
T07668,C1983,P0023,2025-09-28 05:02:57,4,461.33,1845.32,Cash on Delivery,0
T07669,C0109,P0076,2025-08-19 11:56:12,3,498.15,1494.45,Cash on Delivery,0
T07670,C0848,P0194,2025-06-08 20:55:40,4,369.86,1479.44,Cash on Delivery,0
T07671,C1346,P0014,2026-05-23 16:06:01,1,11.57,11.57,Mobile Money,0
T07672,C0964,P0177,2025-06-29 16:02:59,4,432.25,1729.0,Card,0
T07673,C1126,P0043,2026-03-31 16:54:31,1,128.4,128.4,Card,1
T07674,C1033,P0113,2026-05-20 01:11:08,1,291.54,291.54,Card,0
T07675,C1003,P0149,2025-12-11 09:46:06,2,311.04,622.08,Mobile Money,0
T07676,C1108,P0110,2025-10-21 19:25:13,2,253.25,506.5,Card,0
T07677,C1412,P0043,2025-07-11 12:48:35,2,128.4,256.8,Card,0
T07678,C1638,P0123,2026-05-12 20:08:17,1,25.33,25.33,Mobile Money,0
T07679,C0084,P0135,2025-12-26 16:21:55,2,91.79,183.58,Mobile Money,1
T07680,C1284,P0186,2025-12-05 18:01:59,3,241.47,724.41,Cash on Delivery,0
T07681,C0020,P0124,2025-12-06 05:46:12,1,222.29,222.29,Mobile Money,0
T07682,C0755,P0035,2025-12-03 02:14:08,1,165.97,165.97,Mobile Money,1
T07683,C0941,P0187,2025-11-01 01:47:24,1,115.68,115.68,Mobile Money,0
T07684,C0406,P0014,2025-12-31 01:51:13,3,11.57,34.71,Mobile Money,0
T07685,C1309,P0048,2025-08-20 14:09:54,2,446.82,893.64,Cash on Delivery,0
T07686,C0810,P0036,2026-03-25 13:21:49,1,140.99,140.99,Cash on Delivery,0
T07687,C1440,P0029,2026-04-30 08:29:58,3,387.26,1161.78,Mobile Money,0
T07688,C1791,P0141,2025-11-12 03:59:09,1,343.56,343.56,Card,0
T07689,C0142,P0141,2026-05-13 00:26:13,2,343.56,687.12,Cash on Delivery,1
T07690,C0809,P0134,2026-04-18 22:39:39,4,25.16,100.64,Cash on Delivery,0
T07691,C1365,P0180,2026-01-09 16:25:57,4,389.69,1558.76,Card,0
T07692,C1029,P0108,2025-09-21 09:39:59,4,151.77,607.08,Mobile Money,1
T07693,C0449,P0152,2025-10-22 22:32:51,3,63.49,190.47,Cash on Delivery,0
T07694,C1263,P0010,2026-03-10 21:18:52,3,487.01,1461.03,Card,0
T07695,C0543,P0187,2025-12-01 00:12:22,3,115.68,347.04,Mobile Money,0
T07696,C0907,P0120,2026-01-18 15:53:13,3,30.58,91.74,Cash on Delivery,0
T07697,C1580,P0009,2026-06-02 18:53:47,2,307.87,615.74,Cash on Delivery,0
T07698,C0144,P0116,2026-02-08 22:10:46,2,20.1,40.2,Mobile Money,0
T07699,C0565,P0120,2025-09-20 06:51:48,4,30.58,122.32,Cash on Delivery,0
T07700,C0070,P0065,2026-06-06 16:50:25,4,318.6,1274.4,Mobile Money,0
T07701,C0889,P0046,2025-12-29 11:26:47,1,314.06,314.06,Cash on Delivery,0
T07702,C0593,P0033,2025-07-22 18:58:09,4,432.24,1728.96,Card,0
T07703,C1634,P0055,2026-06-08 03:26:16,3,281.26,843.78,Card,0
T07704,C0665,P0110,2026-04-02 07:58:15,4,253.25,1013.0,Cash on Delivery,0
T07705,C0406,P0191,2025-12-13 19:23:15,3,484.8,1454.4,Cash on Delivery,0
T07706,C1318,P0125,2025-09-02 19:53:29,3,96.25,288.75,Cash on Delivery,0
T07707,C0517,P0137,2026-02-22 23:23:00,1,235.01,235.01,Card,0
T07708,C1902,P0082,2026-04-22 20:58:21,2,292.44,584.88,Card,0
T07709,C1196,P0140,2026-03-31 07:45:34,4,254.05,1016.2,Card,0
T07710,C1508,P0150,2026-05-01 07:29:17,2,162.89,325.78,Card,0
T07711,C0055,P0027,2025-12-15 20:34:25,3,273.63,820.89,Cash on Delivery,1
T07712,C0249,P0143,2025-09-20 17:54:00,4,320.02,1280.08,Mobile Money,1
T07713,C1802,P0017,2025-11-27 10:14:55,3,65.41,196.23,Mobile Money,0
T07714,C0857,P0191,2025-12-26 16:15:10,3,484.8,1454.4,Mobile Money,0
T07715,C1526,P0190,2026-02-11 18:32:17,1,459.96,459.96,Cash on Delivery,0
T07716,C1432,P0104,2025-09-13 21:55:53,1,108.41,108.41,Card,0
T07717,C1018,P0032,2026-05-23 14:08:13,3,463.52,1390.56,Mobile Money,0
T07718,C0109,P0161,2026-03-26 12:31:30,3,250.8,752.4,Cash on Delivery,1
T07719,C0981,P0140,2025-10-25 06:11:40,1,254.05,254.05,Mobile Money,0
T07720,C0353,P0103,2026-04-10 00:40:19,2,349.53,699.06,Cash on Delivery,0
T07721,C1731,P0160,2026-03-31 23:43:08,4,56.05,224.2,Cash on Delivery,1
T07722,C1778,P0068,2025-12-21 20:22:12,1,166.35,166.35,Cash on Delivery,0
T07723,C1117,P0147,2025-10-11 04:19:23,4,107.31,429.24,Mobile Money,0
T07724,C0534,P0017,2026-02-04 14:04:26,4,65.41,261.64,Cash on Delivery,0
T07725,C0460,P0194,2025-12-19 15:41:51,2,369.86,739.72,Mobile Money,0
T07726,C0181,P0173,2025-12-08 17:41:04,3,434.1,1302.3,Mobile Money,0
T07727,C0532,P0188,2026-01-31 04:34:28,1,489.06,489.06,Cash on Delivery,0
T07728,C1570,P0005,2026-05-16 02:39:43,1,15.19,15.19,Mobile Money,1
T07729,C0098,P0140,2025-09-25 07:56:44,4,254.05,1016.2,Card,0
T07730,C0019,P0006,2026-03-06 10:10:16,2,469.58,939.16,Cash on Delivery,0
T07731,C1549,P0012,2025-08-28 17:39:02,1,491.7,491.7,Mobile Money,0
T07732,C0024,P0076,2025-11-20 06:53:43,3,498.15,1494.45,Cash on Delivery,0
T07733,C0228,P0008,2026-03-02 04:59:25,4,8.5,34.0,Card,0
T07734,C1114,P0120,2026-04-17 04:50:01,3,30.58,91.74,Card,0
T07735,C0224,P0045,2025-08-05 15:52:31,4,148.43,593.72,Cash on Delivery,0
T07736,C0833,P0001,2025-08-31 20:51:23,3,190.4,571.2,Card,1
T07737,C1172,P0015,2026-01-12 04:59:45,2,405.16,810.32,Card,0
T07738,C0911,P0131,2025-09-18 20:35:01,1,366.37,366.37,Card,0
T07739,C1724,P0187,2026-06-01 08:04:17,2,115.68,231.36,Card,0
T07740,C1685,P0124,2025-06-13 09:52:58,1,222.29,222.29,Mobile Money,0
T07741,C1943,P0106,2025-08-12 08:33:36,3,164.66,493.98,Mobile Money,0
T07742,C0867,P0121,2025-09-12 18:43:41,4,351.26,1405.04,Mobile Money,0
T07743,C1183,P0146,2026-01-15 22:12:42,1,196.12,196.12,Cash on Delivery,0
T07744,C1306,P0192,2026-01-03 19:36:14,4,112.32,449.28,Cash on Delivery,0
T07745,C1709,P0022,2026-03-31 00:37:41,1,200.6,200.6,Card,1
T07746,C0675,P0164,2025-09-12 11:23:05,4,163.06,652.24,Cash on Delivery,1
T07747,C1348,P0082,2025-11-26 04:13:49,3,292.44,877.32,Cash on Delivery,0
T07748,C0395,P0145,2026-02-18 12:59:32,2,406.55,813.1,Mobile Money,0
T07749,C1913,P0005,2025-07-06 05:44:40,2,15.19,30.38,Cash on Delivery,0
T07750,C0458,P0057,2025-09-12 14:27:02,1,251.14,251.14,Card,0
T07751,C1109,P0074,2026-04-22 22:18:38,4,118.13,472.52,Card,0
T07752,C0840,P0120,2026-01-06 16:37:02,2,30.58,61.16,Card,0
T07753,C0794,P0129,2026-01-31 13:13:42,4,467.63,1870.52,Mobile Money,0
T07754,C0966,P0049,2025-10-16 23:26:18,2,181.37,362.74,Mobile Money,1
T07755,C1858,P0103,2026-04-02 17:24:19,2,349.53,699.06,Mobile Money,0
T07756,C1093,P0053,2026-03-31 00:18:18,1,347.76,347.76,Cash on Delivery,0
T07757,C1669,P0040,2026-01-23 20:29:35,4,59.89,239.56,Mobile Money,0
T07758,C1480,P0056,2025-07-04 17:51:09,3,486.03,1458.09,Cash on Delivery,0
T07759,C1076,P0005,2025-11-18 07:24:51,1,15.19,15.19,Mobile Money,1
T07760,C1185,P0073,2025-08-01 21:13:54,2,462.72,925.44,Cash on Delivery,0
T07761,C1003,P0150,2026-06-03 12:55:00,1,162.89,162.89,Mobile Money,0
T07762,C0327,P0015,2026-03-08 08:28:54,1,405.16,405.16,Mobile Money,0
T07763,C1528,P0151,2025-10-28 16:12:46,3,173.61,520.83,Mobile Money,1
T07764,C0724,P0111,2025-06-29 22:36:38,2,40.12,80.24,Card,0
T07765,C0234,P0186,2025-07-19 23:01:54,2,241.47,482.94,Card,1
T07766,C0495,P0140,2026-02-23 05:14:58,1,254.05,254.05,Cash on Delivery,0
T07767,C1357,P0115,2026-02-14 14:14:15,1,491.01,491.01,Card,0
T07768,C1202,P0130,2025-07-23 03:16:59,4,370.26,1481.04,Cash on Delivery,0
T07769,C0907,P0095,2026-04-09 00:20:44,1,17.04,17.04,Mobile Money,0
T07770,C0802,P0101,2025-07-07 16:14:30,4,426.31,1705.24,Mobile Money,0
T07771,C1639,P0095,2025-06-23 13:01:53,1,17.04,17.04,Mobile Money,0
T07772,C0610,P0008,2025-09-08 17:48:42,4,8.5,34.0,Cash on Delivery,0
T07773,C1171,P0143,2026-03-15 22:10:42,1,320.02,320.02,Card,0
T07774,C1462,P0137,2026-04-09 17:01:28,1,235.01,235.01,Cash on Delivery,0
T07775,C0232,P0157,2026-05-10 08:29:35,4,128.76,515.04,Card,0
T07776,C0717,P0101,2025-12-29 07:37:24,3,426.31,1278.93,Cash on Delivery,0
T07777,C0336,P0046,2025-10-31 22:23:30,4,314.06,1256.24,Mobile Money,1
T07778,C0444,P0190,2026-01-23 12:15:51,2,459.96,919.92,Cash on Delivery,1
T07779,C0929,P0118,2025-11-15 19:44:19,1,263.51,263.51,Cash on Delivery,0
T07780,C1937,P0055,2026-01-17 10:08:11,3,281.26,843.78,Mobile Money,0
T07781,C1653,P0088,2026-05-20 18:48:49,3,361.87,1085.61,Mobile Money,0
T07782,C1686,P0170,2026-04-05 17:31:01,1,277.02,277.02,Card,0
T07783,C1405,P0039,2026-04-27 18:37:36,4,249.43,997.72,Cash on Delivery,0
T07784,C0686,P0027,2026-02-23 20:00:19,4,273.63,1094.52,Mobile Money,1
T07785,C1204,P0127,2026-03-07 19:14:44,4,458.03,1832.12,Mobile Money,0
T07786,C0890,P0193,2026-01-29 03:17:29,3,315.64,946.92,Card,1
T07787,C0406,P0146,2025-11-28 07:19:54,3,196.12,588.36,Cash on Delivery,0
T07788,C1291,P0068,2025-10-17 04:13:46,4,166.35,665.4,Mobile Money,0
T07789,C0119,P0082,2026-05-22 13:37:56,4,292.44,1169.76,Mobile Money,1
T07790,C0313,P0199,2025-09-30 19:19:48,1,487.33,487.33,Cash on Delivery,1
T07791,C0293,P0163,2025-11-27 16:15:47,1,479.48,479.48,Card,0
T07792,C1566,P0178,2026-04-03 12:09:19,1,473.89,473.89,Card,0
T07793,C1424,P0145,2025-08-05 05:03:52,1,406.55,406.55,Card,0
T07794,C0487,P0143,2025-10-06 16:15:55,1,320.02,320.02,Card,0
T07795,C1943,P0003,2025-10-21 09:08:41,4,82.22,328.88,Card,0
T07796,C0240,P0059,2025-09-18 12:52:26,1,253.83,253.83,Cash on Delivery,0
T07797,C0672,P0055,2026-02-03 18:49:23,1,281.26,281.26,Mobile Money,0
T07798,C0414,P0060,2025-08-05 17:23:29,4,175.81,703.24,Mobile Money,0
T07799,C0059,P0066,2025-11-24 16:51:30,2,400.18,800.36,Cash on Delivery,1
T07800,C0633,P0053,2025-12-31 11:48:23,4,347.76,1391.04,Card,1
T07801,C0018,P0119,2026-05-16 10:29:31,2,482.8,965.6,Mobile Money,0
T07802,C1416,P0005,2025-06-14 02:04:04,1,15.19,15.19,Mobile Money,0
T07803,C1912,P0137,2025-11-19 16:37:08,4,235.01,940.04,Cash on Delivery,0
T07804,C1042,P0142,2026-03-17 23:41:18,1,323.0,323.0,Cash on Delivery,0
T07805,C0534,P0068,2025-12-28 01:51:20,2,166.35,332.7,Card,0
T07806,C1799,P0020,2025-10-08 22:04:49,3,107.93,323.79,Card,0
T07807,C0286,P0098,2025-09-17 02:16:09,1,476.77,476.77,Cash on Delivery,1
T07808,C0956,P0005,2025-11-16 23:02:50,1,15.19,15.19,Cash on Delivery,0
T07809,C0499,P0159,2026-05-20 09:10:23,3,341.52,1024.56,Mobile Money,0
T07810,C1856,P0020,2025-11-25 12:08:03,3,107.93,323.79,Mobile Money,0
T07811,C0029,P0118,2025-09-14 07:13:01,4,263.51,1054.04,Cash on Delivery,0
T07812,C1181,P0102,2025-09-30 13:54:52,2,189.48,378.96,Card,0
T07813,C1310,P0031,2026-01-21 16:16:33,3,365.86,1097.58,Cash on Delivery,0
T07814,C0570,P0153,2025-07-23 14:21:13,4,468.64,1874.56,Mobile Money,1
T07815,C1147,P0057,2025-07-27 04:46:42,3,251.14,753.42,Card,0
T07816,C0371,P0191,2026-02-10 09:19:43,1,484.8,484.8,Cash on Delivery,0
T07817,C0028,P0037,2026-01-26 13:39:59,2,64.2,128.4,Cash on Delivery,0
T07818,C1254,P0155,2025-09-06 19:24:51,2,214.62,429.24,Mobile Money,0
T07819,C0473,P0037,2026-01-28 14:23:46,2,64.2,128.4,Cash on Delivery,0
T07820,C1057,P0062,2025-08-16 05:38:02,1,278.68,278.68,Cash on Delivery,0
T07821,C0040,P0089,2025-09-26 04:24:17,2,51.37,102.74,Card,0
T07822,C1322,P0169,2026-03-10 03:15:15,3,465.81,1397.43,Card,0
T07823,C1551,P0137,2026-01-12 08:39:25,2,235.01,470.02,Cash on Delivery,0
T07824,C1854,P0132,2025-08-27 23:51:28,2,181.21,362.42,Card,0
T07825,C0327,P0038,2025-06-28 11:35:34,1,362.26,362.26,Mobile Money,0
T07826,C0788,P0023,2025-11-17 14:41:10,2,461.33,922.66,Mobile Money,0
T07827,C1922,P0184,2026-04-23 01:22:47,1,63.18,63.18,Mobile Money,1
T07828,C0298,P0021,2025-08-15 17:10:46,4,484.94,1939.76,Cash on Delivery,0
T07829,C0433,P0057,2026-02-22 15:54:50,2,251.14,502.28,Mobile Money,0
T07830,C1136,P0091,2026-01-07 22:47:48,2,199.58,399.16,Card,0
T07831,C0317,P0010,2026-05-25 02:48:44,4,487.01,1948.04,Cash on Delivery,0
T07832,C0121,P0021,2025-09-14 09:33:57,4,484.94,1939.76,Card,0
T07833,C0304,P0086,2025-11-27 10:50:54,1,13.95,13.95,Card,1
T07834,C1740,P0168,2026-03-15 21:16:18,3,396.83,1190.49,Mobile Money,0
T07835,C1971,P0009,2026-03-03 17:45:25,1,307.87,307.87,Mobile Money,0
T07836,C0808,P0113,2025-11-20 04:35:51,4,291.54,1166.16,Card,0
T07837,C0576,P0076,2026-02-13 05:25:07,1,498.15,498.15,Cash on Delivery,0
T07838,C0320,P0094,2025-09-09 11:45:48,2,118.94,237.88,Card,0
T07839,C0906,P0025,2025-10-25 11:45:04,4,197.4,789.6,Cash on Delivery,1
T07840,C1828,P0156,2026-01-11 14:57:19,1,495.3,495.3,Mobile Money,0
T07841,C0502,P0139,2025-12-03 14:07:06,1,134.14,134.14,Cash on Delivery,0
T07842,C1092,P0154,2025-09-30 21:46:36,2,402.72,805.44,Cash on Delivery,0
T07843,C1815,P0041,2025-06-26 22:41:49,3,20.56,61.68,Card,1
T07844,C0711,P0169,2025-12-27 03:15:10,2,465.81,931.62,Cash on Delivery,0
T07845,C0463,P0188,2026-06-03 13:57:24,4,489.06,1956.24,Mobile Money,0
T07846,C0255,P0052,2025-07-30 01:55:17,1,257.82,257.82,Mobile Money,0
T07847,C0300,P0115,2025-12-16 22:07:22,2,491.01,982.02,Cash on Delivery,0
T07848,C1948,P0190,2025-12-25 05:40:04,3,459.96,1379.88,Card,1
T07849,C0307,P0008,2026-04-12 21:09:19,3,8.5,25.5,Mobile Money,0
T07850,C1626,P0099,2025-06-22 02:26:03,1,483.49,483.49,Mobile Money,0
T07851,C0230,P0030,2026-02-17 14:09:51,3,11.97,35.91,Cash on Delivery,0
T07852,C1428,P0139,2026-03-28 11:21:46,2,134.14,268.28,Cash on Delivery,1
T07853,C1932,P0031,2025-09-02 19:19:02,2,365.86,731.72,Mobile Money,0
T07854,C1347,P0176,2026-04-08 14:44:28,4,46.99,187.96,Card,1
T07855,C1200,P0117,2025-06-17 18:39:59,3,155.12,465.36,Card,0
T07856,C0517,P0170,2025-12-19 07:47:00,4,277.02,1108.08,Mobile Money,0
T07857,C1595,P0077,2025-09-01 23:07:01,4,450.71,1802.84,Card,0
T07858,C0811,P0065,2026-02-07 10:58:29,4,318.6,1274.4,Card,0
T07859,C0319,P0083,2026-05-17 17:18:35,1,333.43,333.43,Cash on Delivery,0
T07860,C1904,P0111,2025-12-01 20:51:25,2,40.12,80.24,Card,0
T07861,C1497,P0039,2025-06-22 18:56:57,2,249.43,498.86,Mobile Money,0
T07862,C1244,P0080,2025-08-02 06:13:35,1,444.45,444.45,Mobile Money,0
T07863,C1329,P0043,2025-12-06 00:56:37,4,128.4,513.6,Cash on Delivery,0
T07864,C0835,P0005,2026-03-12 23:40:54,1,15.19,15.19,Mobile Money,0
T07865,C1565,P0112,2026-04-17 19:30:04,4,445.55,1782.2,Cash on Delivery,0
T07866,C0556,P0143,2025-08-18 01:44:14,4,320.02,1280.08,Mobile Money,0
T07867,C0888,P0065,2025-08-05 00:50:01,1,318.6,318.6,Cash on Delivery,0
T07868,C0756,P0126,2026-01-01 15:05:50,4,349.51,1398.04,Card,1
T07869,C1802,P0031,2026-03-24 18:35:45,4,365.86,1463.44,Cash on Delivery,0
T07870,C0994,P0011,2026-02-27 15:32:57,2,393.66,787.32,Card,0
T07871,C0208,P0156,2025-06-17 09:27:13,2,495.3,990.6,Mobile Money,1
T07872,C0887,P0024,2026-02-16 03:31:30,3,262.81,788.43,Mobile Money,0
T07873,C1586,P0179,2026-03-17 02:42:28,4,178.36,713.44,Mobile Money,0
T07874,C1636,P0007,2026-02-14 02:17:42,3,95.79,287.37,Mobile Money,0
T07875,C0836,P0081,2025-08-26 13:01:26,1,85.01,85.01,Mobile Money,0
T07876,C1107,P0181,2026-03-16 05:15:43,1,128.12,128.12,Cash on Delivery,1
T07877,C0439,P0054,2025-07-05 13:59:43,2,471.74,943.48,Cash on Delivery,0
T07878,C0488,P0031,2026-03-23 19:54:26,1,365.86,365.86,Cash on Delivery,0
T07879,C1113,P0100,2025-09-30 13:04:40,1,42.3,42.3,Card,0
T07880,C1398,P0187,2026-04-04 15:39:12,3,115.68,347.04,Mobile Money,0
T07881,C0146,P0047,2025-06-23 16:01:44,1,230.98,230.98,Card,1
T07882,C1338,P0003,2025-06-16 01:27:57,2,82.22,164.44,Cash on Delivery,0
T07883,C1105,P0071,2025-11-03 16:49:20,4,196.43,785.72,Card,0
T07884,C0820,P0153,2026-06-07 02:59:22,2,468.64,937.28,Mobile Money,0
T07885,C0089,P0043,2026-01-05 19:39:27,3,128.4,385.2,Cash on Delivery,0
T07886,C0202,P0135,2026-01-23 18:53:40,3,91.79,275.37,Cash on Delivery,0
T07887,C1203,P0172,2026-04-13 03:16:33,4,75.78,303.12,Card,0
T07888,C1621,P0083,2025-08-17 14:13:32,3,333.43,1000.29,Cash on Delivery,0
T07889,C0165,P0021,2025-06-13 05:57:44,2,484.94,969.88,Cash on Delivery,0
T07890,C1824,P0028,2026-02-08 10:45:19,1,86.81,86.81,Card,0
T07891,C1846,P0185,2025-06-25 22:54:13,1,342.11,342.11,Cash on Delivery,0
T07892,C1623,P0155,2025-12-02 07:59:12,3,214.62,643.86,Mobile Money,0
T07893,C1094,P0040,2025-07-13 21:42:11,1,59.89,59.89,Cash on Delivery,0
T07894,C1354,P0024,2025-12-19 03:56:08,2,262.81,525.62,Mobile Money,0
T07895,C1517,P0184,2026-01-19 02:45:58,3,63.18,189.54,Mobile Money,0
T07896,C0498,P0098,2025-11-03 17:25:13,4,476.77,1907.08,Mobile Money,0
T07897,C1563,P0163,2025-10-07 11:13:21,3,479.48,1438.44,Mobile Money,0
T07898,C0789,P0089,2026-03-13 20:43:23,3,51.37,154.11,Card,0
T07899,C1312,P0121,2025-06-29 09:50:05,3,351.26,1053.78,Mobile Money,1
T07900,C1109,P0178,2025-12-08 18:22:03,1,473.89,473.89,Card,0
T07901,C0513,P0009,2026-04-19 18:42:25,2,307.87,615.74,Mobile Money,0
T07902,C0497,P0004,2025-11-29 15:57:59,4,170.19,680.76,Cash on Delivery,0
T07903,C1186,P0090,2025-10-06 23:56:05,3,128.98,386.94,Card,0
T07904,C0365,P0155,2025-09-19 16:08:48,3,214.62,643.86,Mobile Money,0
T07905,C0967,P0032,2026-03-02 14:08:10,1,463.52,463.52,Mobile Money,0
T07906,C1981,P0189,2025-11-27 14:56:34,3,446.12,1338.36,Card,1
T07907,C1038,P0108,2026-01-11 17:51:24,4,151.77,607.08,Card,0
T07908,C0321,P0023,2025-12-14 19:37:42,3,461.33,1383.99,Mobile Money,0
T07909,C1818,P0160,2025-09-29 05:10:16,1,56.05,56.05,Cash on Delivery,1
T07910,C1680,P0048,2025-10-19 21:15:42,1,446.82,446.82,Cash on Delivery,0
T07911,C1824,P0159,2025-11-01 04:32:39,2,341.52,683.04,Cash on Delivery,0
T07912,C1618,P0138,2026-05-30 11:49:25,1,309.85,309.85,Mobile Money,0
T07913,C0989,P0109,2025-08-30 11:48:12,2,434.2,868.4,Cash on Delivery,0
T07914,C0259,P0173,2025-07-10 18:29:43,4,434.1,1736.4,Cash on Delivery,0
T07915,C0707,P0062,2025-10-01 21:02:59,3,278.68,836.04,Card,0
T07916,C1290,P0183,2026-01-12 15:35:41,3,287.88,863.64,Mobile Money,1
T07917,C0910,P0183,2026-04-13 13:48:57,2,287.88,575.76,Cash on Delivery,0
T07918,C1894,P0136,2025-12-25 13:10:59,3,248.35,745.05,Mobile Money,0
T07919,C0143,P0143,2026-06-07 00:17:27,2,320.02,640.04,Card,1
T07920,C0054,P0180,2025-10-12 12:30:40,2,389.69,779.38,Card,0
T07921,C1427,P0076,2025-10-03 15:57:40,2,498.15,996.3,Mobile Money,1
T07922,C1051,P0040,2025-10-17 23:42:19,1,59.89,59.89,Mobile Money,0
T07923,C0692,P0074,2025-11-13 22:17:34,3,118.13,354.39,Cash on Delivery,0
T07924,C1344,P0046,2025-09-01 09:55:12,2,314.06,628.12,Mobile Money,0
T07925,C1150,P0189,2025-12-20 17:18:28,2,446.12,892.24,Card,1
T07926,C0719,P0058,2026-05-29 18:56:26,1,498.88,498.88,Mobile Money,0
T07927,C0666,P0029,2026-05-30 01:57:34,3,387.26,1161.78,Mobile Money,0
T07928,C0323,P0027,2026-03-22 07:52:44,3,273.63,820.89,Card,0
T07929,C1724,P0163,2025-07-30 21:28:14,2,479.48,958.96,Card,0
T07930,C1394,P0189,2025-08-29 17:51:49,3,446.12,1338.36,Mobile Money,0
T07931,C0090,P0198,2026-03-14 09:06:11,2,118.55,237.1,Cash on Delivery,0
T07932,C1834,P0131,2026-03-07 07:17:15,1,366.37,366.37,Mobile Money,0
T07933,C1801,P0013,2026-04-02 07:54:49,1,305.73,305.73,Card,1
T07934,C1110,P0032,2025-10-29 19:11:56,2,463.52,927.04,Card,0
T07935,C0994,P0058,2025-07-10 00:05:02,1,498.88,498.88,Mobile Money,1
T07936,C0190,P0138,2026-05-09 07:53:45,1,309.85,309.85,Mobile Money,0
T07937,C0371,P0191,2026-04-27 05:22:52,4,484.8,1939.2,Cash on Delivery,0
T07938,C1761,P0131,2025-11-28 20:42:09,3,366.37,1099.11,Cash on Delivery,0
T07939,C0154,P0175,2026-01-29 05:24:18,3,446.49,1339.47,Cash on Delivery,0
T07940,C1954,P0013,2026-04-05 05:53:16,3,305.73,917.19,Mobile Money,0
T07941,C1899,P0022,2026-01-12 18:53:29,4,200.6,802.4,Card,0
T07942,C0526,P0023,2026-02-19 10:16:14,4,461.33,1845.32,Cash on Delivery,0
T07943,C0879,P0094,2025-06-18 11:46:16,3,118.94,356.82,Card,1
T07944,C1959,P0052,2026-03-12 13:53:17,3,257.82,773.46,Mobile Money,0
T07945,C0518,P0041,2026-05-07 23:00:50,4,20.56,82.24,Card,0
T07946,C1123,P0151,2026-01-05 10:02:39,2,173.61,347.22,Cash on Delivery,0
T07947,C1340,P0085,2026-04-24 08:20:58,4,327.72,1310.88,Card,0
T07948,C1862,P0030,2025-06-26 22:38:52,1,11.97,11.97,Card,1
T07949,C1103,P0005,2025-12-31 06:54:43,3,15.19,45.57,Card,1
T07950,C1716,P0185,2025-07-26 00:08:25,3,342.11,1026.33,Mobile Money,0
T07951,C1765,P0077,2025-07-06 13:32:19,2,450.71,901.42,Card,0
T07952,C0344,P0002,2025-11-30 10:05:27,1,390.95,390.95,Mobile Money,0
T07953,C0694,P0012,2025-09-02 06:23:02,4,491.7,1966.8,Mobile Money,0
T07954,C0246,P0078,2026-02-17 17:48:49,3,143.04,429.12,Cash on Delivery,0
T07955,C0174,P0160,2025-07-13 13:44:41,1,56.05,56.05,Cash on Delivery,0
T07956,C0693,P0073,2025-07-10 15:51:50,2,462.72,925.44,Card,0
T07957,C0990,P0025,2025-12-28 20:24:43,1,197.4,197.4,Mobile Money,0
T07958,C1023,P0157,2026-01-29 04:53:40,3,128.76,386.28,Mobile Money,1
T07959,C1235,P0082,2026-01-17 03:00:27,3,292.44,877.32,Cash on Delivery,0
T07960,C1868,P0081,2025-07-13 20:46:47,2,85.01,170.02,Card,0
T07961,C0495,P0166,2026-04-17 07:16:43,3,226.98,680.94,Card,0
T07962,C1839,P0035,2026-05-17 10:14:17,3,165.97,497.91,Cash on Delivery,0
T07963,C0605,P0161,2026-02-27 06:35:43,1,250.8,250.8,Cash on Delivery,0
T07964,C1851,P0131,2025-09-23 23:27:38,1,366.37,366.37,Cash on Delivery,1
T07965,C0234,P0096,2025-06-26 10:25:03,2,497.3,994.6,Cash on Delivery,0
T07966,C1602,P0126,2025-12-26 09:50:35,1,349.51,349.51,Card,1
T07967,C0711,P0153,2025-11-07 08:11:39,4,468.64,1874.56,Mobile Money,1
T07968,C1042,P0197,2026-03-13 22:33:42,1,98.12,98.12,Card,0
T07969,C0378,P0072,2025-11-21 05:06:22,3,339.47,1018.41,Mobile Money,1
T07970,C1379,P0170,2025-11-06 21:49:41,2,277.02,554.04,Card,0
T07971,C1285,P0026,2025-06-30 16:14:58,3,295.44,886.32,Cash on Delivery,0
T07972,C1547,P0080,2025-08-21 06:43:58,2,444.45,888.9,Mobile Money,0
T07973,C1932,P0147,2026-05-11 13:36:21,4,107.31,429.24,Card,0
T07974,C0406,P0130,2025-09-19 13:18:45,3,370.26,1110.78,Cash on Delivery,1
T07975,C0536,P0154,2025-08-09 19:09:37,1,402.72,402.72,Card,1
T07976,C1070,P0197,2025-06-28 09:45:08,1,98.12,98.12,Cash on Delivery,0
T07977,C0133,P0018,2026-03-06 01:27:17,3,90.82,272.46,Cash on Delivery,0
T07978,C0367,P0008,2025-10-23 02:03:26,1,8.5,8.5,Card,0
T07979,C0269,P0057,2026-05-14 13:12:48,1,251.14,251.14,Cash on Delivery,0
T07980,C1730,P0083,2025-11-26 23:52:23,1,333.43,333.43,Cash on Delivery,0
T07981,C1949,P0165,2026-05-26 12:38:45,2,243.85,487.7,Mobile Money,0
T07982,C0358,P0069,2026-01-23 22:52:26,4,258.49,1033.96,Card,0
T07983,C0325,P0176,2025-10-25 14:36:03,2,46.99,93.98,Mobile Money,0
T07984,C0419,P0179,2025-08-24 13:24:20,4,178.36,713.44,Card,1
T07985,C0584,P0143,2025-06-25 13:48:50,3,320.02,960.06,Cash on Delivery,0
T07986,C0166,P0111,2025-10-22 18:23:14,1,40.12,40.12,Cash on Delivery,0
T07987,C1197,P0017,2025-11-25 23:59:11,4,65.41,261.64,Card,0
T07988,C0895,P0129,2025-09-13 10:45:07,3,467.63,1402.89,Cash on Delivery,0
T07989,C1094,P0128,2025-06-11 03:50:56,4,276.87,1107.48,Cash on Delivery,0
T07990,C1402,P0052,2026-02-08 12:06:41,1,257.82,257.82,Mobile Money,1
T07991,C0094,P0003,2026-06-05 21:01:23,3,82.22,246.66,Mobile Money,0
T07992,C0603,P0047,2025-12-18 16:30:41,3,230.98,692.94,Cash on Delivery,0
T07993,C0742,P0086,2025-07-02 05:43:28,2,13.95,27.9,Mobile Money,0
T07994,C0829,P0174,2026-01-06 20:05:56,3,351.98,1055.94,Mobile Money,0
T07995,C1734,P0043,2026-01-26 15:13:30,4,128.4,513.6,Card,0
T07996,C1327,P0114,2025-08-16 03:33:11,4,22.79,91.16,Card,0
T07997,C0203,P0182,2025-09-14 12:51:57,1,248.85,248.85,Cash on Delivery,1
T07998,C0102,P0194,2025-12-01 00:40:44,3,369.86,1109.58,Card,0
T07999,C0603,P0064,2025-08-24 00:59:51,2,402.55,805.1,Card,1
T08000,C1207,P0186,2025-06-19 07:01:22,2,241.47,482.94,Mobile Money,0
T08001,C1887,P0046,2025-11-29 12:23:43,2,314.06,628.12,Card,1
T08002,C1113,P0024,2025-07-20 03:30:00,1,262.81,262.81,Mobile Money,1
T08003,C1945,P0037,2025-10-26 04:03:18,1,64.2,64.2,Cash on Delivery,0
T08004,C1899,P0029,2025-10-09 04:56:17,3,387.26,1161.78,Card,0
T08005,C0652,P0130,2025-09-21 11:41:55,4,370.26,1481.04,Cash on Delivery,1
T08006,C0091,P0133,2025-12-04 13:29:06,1,174.23,174.23,Card,0
T08007,C1870,P0056,2025-06-16 06:19:22,2,486.03,972.06,Card,0
T08008,C0548,P0071,2026-04-12 21:56:34,1,196.43,196.43,Cash on Delivery,0
T08009,C0080,P0074,2026-01-21 19:37:53,1,118.13,118.13,Mobile Money,0
T08010,C0870,P0166,2026-02-14 03:18:16,1,226.98,226.98,Cash on Delivery,0
T08011,C1117,P0169,2026-02-27 00:52:48,1,465.81,465.81,Cash on Delivery,0
T08012,C1233,P0112,2026-04-20 02:07:09,3,445.55,1336.65,Cash on Delivery,0
T08013,C0194,P0141,2025-08-10 01:14:38,2,343.56,687.12,Mobile Money,0
T08014,C1654,P0008,2025-08-18 11:19:32,3,8.5,25.5,Mobile Money,0
T08015,C1764,P0192,2026-02-20 06:38:35,4,112.32,449.28,Cash on Delivery,0
T08016,C1735,P0009,2026-05-30 14:16:26,3,307.87,923.61,Cash on Delivery,0
T08017,C1326,P0021,2025-09-18 20:34:45,1,484.94,484.94,Mobile Money,0
T08018,C1384,P0062,2025-10-13 00:01:02,2,278.68,557.36,Card,1
T08019,C1490,P0075,2026-02-09 20:09:31,1,279.82,279.82,Cash on Delivery,0
T08020,C1112,P0172,2026-05-29 11:30:45,1,75.78,75.78,Mobile Money,0
T08021,C0517,P0128,2025-07-30 01:07:10,3,276.87,830.61,Mobile Money,1
T08022,C1575,P0093,2026-05-04 18:02:47,4,290.57,1162.28,Cash on Delivery,0
T08023,C0465,P0128,2025-07-15 05:54:49,2,276.87,553.74,Card,0
T08024,C0613,P0045,2025-11-13 02:12:00,3,148.43,445.29,Cash on Delivery,0
T08025,C1655,P0141,2025-11-02 01:09:10,1,343.56,343.56,Cash on Delivery,0
T08026,C1000,P0032,2025-06-13 12:45:37,1,463.52,463.52,Mobile Money,0
T08027,C0330,P0043,2025-12-04 16:08:43,4,128.4,513.6,Card,1
T08028,C0156,P0187,2025-12-01 21:04:44,3,115.68,347.04,Card,0
T08029,C1864,P0039,2025-07-01 14:52:15,2,249.43,498.86,Mobile Money,0
T08030,C1568,P0102,2025-09-01 15:00:05,2,189.48,378.96,Mobile Money,0
T08031,C0244,P0046,2026-03-01 15:33:48,4,314.06,1256.24,Cash on Delivery,1
T08032,C0450,P0135,2026-01-19 02:57:02,3,91.79,275.37,Card,1
T08033,C0406,P0022,2025-11-09 06:06:28,2,200.6,401.2,Cash on Delivery,0
T08034,C1070,P0122,2025-09-20 03:38:14,3,488.05,1464.15,Mobile Money,0
T08035,C1544,P0178,2026-01-15 13:38:14,1,473.89,473.89,Card,0
T08036,C1580,P0004,2026-02-10 04:25:19,3,170.19,510.57,Mobile Money,0
T08037,C1612,P0167,2026-03-30 04:11:16,4,279.08,1116.32,Card,1
T08038,C0746,P0157,2026-02-19 00:10:39,1,128.76,128.76,Cash on Delivery,1
T08039,C1442,P0190,2025-06-10 21:35:19,4,459.96,1839.84,Cash on Delivery,1
T08040,C0725,P0154,2025-12-29 02:47:45,4,402.72,1610.88,Cash on Delivery,0
T08041,C0703,P0087,2025-07-11 17:48:26,2,374.51,749.02,Mobile Money,0
T08042,C1752,P0052,2025-06-16 00:29:45,2,257.82,515.64,Cash on Delivery,1
T08043,C1254,P0042,2026-05-02 07:54:53,1,283.82,283.82,Card,0
T08044,C1165,P0182,2026-02-21 18:37:42,4,248.85,995.4,Cash on Delivery,1
T08045,C1873,P0032,2025-11-03 16:10:08,3,463.52,1390.56,Card,0
T08046,C0442,P0066,2025-12-14 17:52:35,2,400.18,800.36,Mobile Money,0
T08047,C1870,P0167,2025-10-22 16:39:20,3,279.08,837.24,Cash on Delivery,0
T08048,C1480,P0054,2025-12-21 10:52:16,3,471.74,1415.22,Mobile Money,0
T08049,C1707,P0073,2025-08-19 13:07:03,1,462.72,462.72,Card,0
T08050,C0219,P0180,2026-03-27 05:52:25,2,389.69,779.38,Mobile Money,1
T08051,C1682,P0136,2026-04-13 18:46:53,3,248.35,745.05,Mobile Money,0
T08052,C0308,P0183,2025-10-11 12:35:06,2,287.88,575.76,Mobile Money,0
T08053,C1928,P0072,2025-08-21 18:13:15,1,339.47,339.47,Cash on Delivery,0
T08054,C1858,P0165,2026-05-24 22:30:00,4,243.85,975.4,Cash on Delivery,0
T08055,C0886,P0081,2026-05-10 21:22:45,1,85.01,85.01,Cash on Delivery,1
T08056,C0585,P0169,2025-07-20 14:12:10,1,465.81,465.81,Card,0
T08057,C0038,P0027,2026-02-19 04:18:44,4,273.63,1094.52,Card,0
T08058,C1622,P0140,2025-08-06 10:12:08,2,254.05,508.1,Cash on Delivery,0
T08059,C1383,P0101,2026-03-14 10:09:47,2,426.31,852.62,Card,0
T08060,C0705,P0031,2026-01-25 19:04:04,1,365.86,365.86,Card,0
T08061,C0040,P0181,2025-11-23 13:21:00,1,128.12,128.12,Mobile Money,0
T08062,C0906,P0073,2026-01-30 15:09:28,3,462.72,1388.16,Cash on Delivery,1
T08063,C1694,P0157,2026-02-13 02:03:07,4,128.76,515.04,Card,1
T08064,C1692,P0130,2025-11-21 13:39:51,2,370.26,740.52,Card,0
T08065,C0600,P0175,2025-12-21 21:47:12,4,446.49,1785.96,Cash on Delivery,0
T08066,C0718,P0102,2025-08-22 12:31:19,4,189.48,757.92,Mobile Money,0
T08067,C0800,P0089,2025-10-19 09:56:12,1,51.37,51.37,Card,1
T08068,C0608,P0155,2026-01-09 19:44:53,2,214.62,429.24,Cash on Delivery,0
T08069,C1138,P0184,2026-05-05 15:31:52,3,63.18,189.54,Card,0
T08070,C0286,P0024,2026-02-16 13:42:00,3,262.81,788.43,Mobile Money,1
T08071,C0576,P0097,2025-10-30 20:30:27,3,457.86,1373.58,Mobile Money,0
T08072,C0731,P0033,2025-12-21 20:15:08,2,432.24,864.48,Card,0
T08073,C1789,P0033,2026-05-16 08:19:13,4,432.24,1728.96,Card,0
T08074,C1772,P0192,2025-11-12 00:02:43,2,112.32,224.64,Cash on Delivery,1
T08075,C1982,P0079,2025-07-20 01:28:16,1,449.07,449.07,Card,0
T08076,C1252,P0092,2025-11-22 22:21:58,4,220.03,880.12,Mobile Money,1
T08077,C1259,P0030,2025-09-09 11:58:05,2,11.97,23.94,Cash on Delivery,0
T08078,C0140,P0102,2026-02-25 07:04:34,4,189.48,757.92,Cash on Delivery,0
T08079,C1776,P0067,2026-05-20 21:26:09,3,97.33,291.99,Cash on Delivery,0
T08080,C0573,P0010,2026-02-18 14:30:47,2,487.01,974.02,Mobile Money,0
T08081,C0016,P0023,2026-03-12 15:01:28,3,461.33,1383.99,Card,0
T08082,C0336,P0049,2026-04-03 06:41:41,2,181.37,362.74,Cash on Delivery,0
T08083,C0170,P0142,2026-01-02 17:44:25,2,323.0,646.0,Card,1
T08084,C1066,P0145,2025-07-27 20:44:01,3,406.55,1219.65,Card,0
T08085,C1492,P0010,2026-04-24 13:02:16,2,487.01,974.02,Card,0
T08086,C0207,P0049,2025-09-14 09:06:08,1,181.37,181.37,Cash on Delivery,0
T08087,C1604,P0167,2026-01-03 15:22:05,2,279.08,558.16,Mobile Money,0
T08088,C1234,P0052,2025-06-30 08:53:50,4,257.82,1031.28,Card,1
T08089,C0218,P0139,2025-06-18 03:09:15,1,134.14,134.14,Mobile Money,0
T08090,C1302,P0200,2026-01-22 03:00:45,4,270.37,1081.48,Mobile Money,0
T08091,C0130,P0180,2025-12-30 08:23:49,1,389.69,389.69,Card,1
T08092,C1696,P0133,2025-10-10 20:54:48,3,174.23,522.69,Card,0
T08093,C0627,P0147,2026-02-17 01:25:52,3,107.31,321.93,Cash on Delivery,1
T08094,C1582,P0004,2025-09-16 00:18:21,3,170.19,510.57,Mobile Money,0
T08095,C0506,P0083,2025-12-16 06:38:09,2,333.43,666.86,Card,0
T08096,C0839,P0050,2026-02-26 13:02:58,2,117.83,235.66,Card,0
T08097,C0629,P0032,2026-02-09 03:39:42,3,463.52,1390.56,Mobile Money,1
T08098,C1306,P0097,2025-08-15 07:58:57,4,457.86,1831.44,Card,0
T08099,C0819,P0189,2025-06-10 10:24:12,4,446.12,1784.48,Cash on Delivery,1
T08100,C0934,P0187,2026-05-30 04:11:20,3,115.68,347.04,Card,0
T08101,C0429,P0026,2025-10-05 14:48:24,4,295.44,1181.76,Card,0
T08102,C1734,P0031,2025-10-18 16:33:14,2,365.86,731.72,Card,0
T08103,C0367,P0045,2026-05-25 22:57:07,3,148.43,445.29,Cash on Delivery,0
T08104,C1768,P0061,2025-12-27 01:34:52,4,76.72,306.88,Card,0
T08105,C1340,P0045,2025-12-14 19:41:57,1,148.43,148.43,Mobile Money,0
T08106,C0052,P0189,2026-05-24 07:24:44,3,446.12,1338.36,Mobile Money,0
T08107,C0499,P0052,2025-12-14 15:39:36,4,257.82,1031.28,Card,0
T08108,C0323,P0062,2025-10-16 13:11:33,2,278.68,557.36,Cash on Delivery,1
T08109,C1254,P0079,2026-02-01 18:34:47,1,449.07,449.07,Mobile Money,0
T08110,C0556,P0088,2025-07-29 12:48:03,3,361.87,1085.61,Card,0
T08111,C1271,P0036,2026-06-04 16:50:58,1,140.99,140.99,Cash on Delivery,0
T08112,C0534,P0172,2026-04-25 15:22:06,3,75.78,227.34,Card,0
T08113,C1808,P0130,2025-10-19 11:46:11,3,370.26,1110.78,Mobile Money,0
T08114,C1776,P0094,2025-09-18 01:15:51,4,118.94,475.76,Cash on Delivery,0
T08115,C0246,P0110,2025-12-14 02:57:13,1,253.25,253.25,Mobile Money,0
T08116,C1733,P0073,2025-12-07 23:02:25,3,462.72,1388.16,Cash on Delivery,1
T08117,C0938,P0189,2025-09-22 22:52:40,2,446.12,892.24,Mobile Money,0
T08118,C1874,P0074,2026-01-27 05:51:20,1,118.13,118.13,Cash on Delivery,0
T08119,C1247,P0071,2025-08-11 23:53:53,1,196.43,196.43,Mobile Money,0
T08120,C1005,P0160,2026-02-08 11:54:37,2,56.05,112.1,Cash on Delivery,0
T08121,C1942,P0075,2026-05-03 12:09:32,2,279.82,559.64,Cash on Delivery,0
T08122,C1934,P0041,2025-12-14 16:54:06,3,20.56,61.68,Card,0
T08123,C1358,P0131,2025-08-20 21:36:03,4,366.37,1465.48,Cash on Delivery,0
T08124,C0887,P0053,2025-07-02 17:46:42,4,347.76,1391.04,Mobile Money,0
T08125,C1187,P0189,2026-05-26 04:15:40,4,446.12,1784.48,Card,0
T08126,C0952,P0130,2026-02-02 10:47:32,1,370.26,370.26,Mobile Money,0
T08127,C1479,P0055,2025-08-05 11:37:14,2,281.26,562.52,Mobile Money,0
T08128,C1578,P0049,2026-02-02 10:45:56,2,181.37,362.74,Cash on Delivery,0
T08129,C1707,P0007,2025-06-25 19:59:34,4,95.79,383.16,Cash on Delivery,1
T08130,C0572,P0059,2026-02-17 10:01:44,1,253.83,253.83,Cash on Delivery,0
T08131,C1823,P0006,2025-11-26 04:14:33,4,469.58,1878.32,Mobile Money,1
T08132,C0597,P0116,2025-10-25 05:32:53,2,20.1,40.2,Card,0
T08133,C1698,P0160,2025-10-29 21:03:39,3,56.05,168.15,Cash on Delivery,0
T08134,C1324,P0155,2025-10-29 21:53:48,2,214.62,429.24,Mobile Money,1
T08135,C0923,P0158,2025-11-01 13:22:58,1,465.72,465.72,Cash on Delivery,0
T08136,C0299,P0056,2025-12-18 17:10:17,3,486.03,1458.09,Cash on Delivery,0
T08137,C0766,P0054,2026-04-01 21:58:01,3,471.74,1415.22,Cash on Delivery,1
T08138,C0467,P0068,2026-01-05 21:52:02,1,166.35,166.35,Mobile Money,0
T08139,C1878,P0040,2026-04-08 04:53:00,4,59.89,239.56,Mobile Money,0
T08140,C1162,P0137,2026-02-04 16:11:31,3,235.01,705.03,Card,0
T08141,C1674,P0010,2026-01-09 09:41:45,2,487.01,974.02,Mobile Money,0
T08142,C1234,P0186,2025-08-27 13:38:00,4,241.47,965.88,Cash on Delivery,0
T08143,C1835,P0172,2025-07-11 19:46:00,1,75.78,75.78,Card,0
T08144,C1412,P0107,2025-06-21 20:45:34,3,352.73,1058.19,Card,0
T08145,C1585,P0140,2025-08-05 20:32:36,4,254.05,1016.2,Mobile Money,0
T08146,C0124,P0152,2025-10-20 14:22:10,1,63.49,63.49,Cash on Delivery,0
T08147,C0358,P0068,2025-09-25 09:19:00,3,166.35,499.05,Card,1
T08148,C1954,P0200,2025-09-06 20:22:37,2,270.37,540.74,Cash on Delivery,0
T08149,C1661,P0009,2025-06-30 03:48:46,2,307.87,615.74,Card,0
T08150,C0624,P0115,2026-03-18 14:08:02,1,491.01,491.01,Cash on Delivery,0
T08151,C1590,P0072,2025-12-23 23:42:30,2,339.47,678.94,Cash on Delivery,1
T08152,C0443,P0171,2025-07-18 01:44:11,1,275.23,275.23,Card,0
T08153,C1895,P0089,2026-01-25 04:33:33,3,51.37,154.11,Mobile Money,0
T08154,C1341,P0187,2026-01-17 20:02:56,3,115.68,347.04,Cash on Delivery,0
T08155,C0648,P0166,2025-12-19 09:45:07,3,226.98,680.94,Cash on Delivery,0
T08156,C0005,P0128,2025-11-04 08:33:35,1,276.87,276.87,Cash on Delivery,0
T08157,C1755,P0120,2026-03-19 14:41:30,3,30.58,91.74,Mobile Money,0
T08158,C1579,P0109,2025-12-22 07:39:29,2,434.2,868.4,Cash on Delivery,0
T08159,C0026,P0188,2025-10-03 11:22:19,2,489.06,978.12,Mobile Money,0
T08160,C0745,P0011,2025-07-09 11:40:14,2,393.66,787.32,Mobile Money,0
T08161,C0883,P0130,2026-03-18 06:01:24,1,370.26,370.26,Cash on Delivery,0
T08162,C1612,P0154,2025-11-22 14:06:21,4,402.72,1610.88,Cash on Delivery,0
T08163,C0855,P0073,2025-06-13 23:41:37,1,462.72,462.72,Mobile Money,0
T08164,C0009,P0106,2025-08-17 12:45:04,1,164.66,164.66,Card,0
T08165,C1546,P0119,2026-01-29 07:40:15,2,482.8,965.6,Card,0
T08166,C1802,P0113,2025-06-17 14:20:16,2,291.54,583.08,Card,0
T08167,C1226,P0078,2026-04-06 20:03:35,4,143.04,572.16,Card,1
T08168,C0702,P0056,2026-03-25 09:02:11,2,486.03,972.06,Card,1
T08169,C1536,P0037,2026-04-01 10:25:10,1,64.2,64.2,Card,0
T08170,C1879,P0048,2025-08-31 04:49:44,2,446.82,893.64,Mobile Money,0
T08171,C1141,P0061,2026-05-01 16:33:37,3,76.72,230.16,Cash on Delivery,0
T08172,C0048,P0115,2026-03-28 12:44:03,3,491.01,1473.03,Card,1
T08173,C1492,P0192,2025-09-01 17:02:54,1,112.32,112.32,Mobile Money,0
T08174,C1449,P0037,2025-07-20 16:37:42,2,64.2,128.4,Cash on Delivery,0
T08175,C0205,P0005,2025-08-04 10:40:30,4,15.19,60.76,Cash on Delivery,0
T08176,C0090,P0180,2025-12-07 07:44:30,1,389.69,389.69,Card,1
T08177,C1204,P0108,2025-10-04 21:23:20,2,151.77,303.54,Card,0
T08178,C1633,P0020,2025-07-29 06:56:10,3,107.93,323.79,Mobile Money,0
T08179,C1886,P0144,2025-06-08 23:11:25,3,197.14,591.42,Mobile Money,1
T08180,C1451,P0066,2025-07-20 02:48:52,4,400.18,1600.72,Mobile Money,0
T08181,C0570,P0040,2025-10-20 04:49:18,1,59.89,59.89,Mobile Money,0
T08182,C0090,P0131,2026-01-31 12:26:35,4,366.37,1465.48,Cash on Delivery,0
T08183,C0853,P0075,2025-07-27 17:12:33,1,279.82,279.82,Cash on Delivery,0
T08184,C1818,P0005,2025-10-22 11:25:39,4,15.19,60.76,Mobile Money,0
T08185,C0401,P0085,2026-05-09 12:24:42,1,327.72,327.72,Card,0
T08186,C0499,P0101,2026-05-19 09:44:29,3,426.31,1278.93,Cash on Delivery,0
T08187,C0119,P0066,2026-03-12 23:53:57,3,400.18,1200.54,Mobile Money,0
T08188,C1023,P0047,2026-03-21 23:49:22,4,230.98,923.92,Mobile Money,0
T08189,C0539,P0092,2025-06-09 22:37:45,4,220.03,880.12,Card,0
T08190,C1198,P0040,2025-11-19 06:55:38,1,59.89,59.89,Mobile Money,1
T08191,C0530,P0139,2025-06-12 16:37:58,3,134.14,402.42,Mobile Money,0
T08192,C0202,P0091,2026-03-11 03:33:53,3,199.58,598.74,Card,0
T08193,C1921,P0021,2025-06-17 14:58:16,4,484.94,1939.76,Cash on Delivery,0
T08194,C0756,P0014,2025-06-27 21:47:53,4,11.57,46.28,Card,0
T08195,C1197,P0121,2025-07-24 23:57:34,1,351.26,351.26,Cash on Delivery,0
T08196,C0122,P0189,2025-10-04 19:46:05,3,446.12,1338.36,Card,0
T08197,C1604,P0184,2026-03-24 02:16:03,4,63.18,252.72,Card,0
T08198,C0671,P0037,2025-07-09 09:20:55,2,64.2,128.4,Cash on Delivery,0
T08199,C1831,P0049,2025-11-08 08:45:58,1,181.37,181.37,Mobile Money,0
T08200,C1372,P0138,2025-12-27 13:52:55,1,309.85,309.85,Mobile Money,0
T08201,C1676,P0141,2025-12-18 04:35:16,2,343.56,687.12,Card,0
T08202,C1778,P0072,2025-06-21 16:49:54,3,339.47,1018.41,Mobile Money,0
T08203,C0143,P0005,2026-01-02 05:24:12,3,15.19,45.57,Cash on Delivery,0
T08204,C0294,P0195,2025-11-10 12:11:08,2,475.45,950.9,Cash on Delivery,0
T08205,C0422,P0026,2026-05-03 03:17:21,1,295.44,295.44,Card,0
T08206,C0417,P0059,2026-03-08 03:10:48,4,253.83,1015.32,Card,0
T08207,C1131,P0149,2025-08-13 12:12:50,1,311.04,311.04,Cash on Delivery,0
T08208,C1016,P0062,2025-11-02 03:33:37,3,278.68,836.04,Mobile Money,0
T08209,C0793,P0002,2026-04-20 15:12:51,4,390.95,1563.8,Cash on Delivery,0
T08210,C0166,P0169,2026-03-14 20:16:53,3,465.81,1397.43,Cash on Delivery,0
T08211,C0004,P0025,2025-12-20 10:53:06,3,197.4,592.2,Mobile Money,0
T08212,C0362,P0003,2026-06-01 10:16:07,2,82.22,164.44,Mobile Money,0
T08213,C0539,P0138,2026-06-06 09:16:24,1,309.85,309.85,Mobile Money,0
T08214,C0731,P0112,2025-10-29 11:52:38,2,445.55,891.1,Card,1
T08215,C0724,P0129,2026-01-16 15:32:33,4,467.63,1870.52,Cash on Delivery,0
T08216,C0202,P0052,2025-10-02 15:42:56,1,257.82,257.82,Cash on Delivery,0
T08217,C1035,P0065,2025-12-11 02:20:19,4,318.6,1274.4,Mobile Money,0
T08218,C0633,P0068,2026-03-01 23:27:31,3,166.35,499.05,Card,0
T08219,C0015,P0077,2025-09-10 18:40:08,1,450.71,450.71,Cash on Delivery,0
T08220,C1088,P0057,2025-09-17 22:42:30,2,251.14,502.28,Mobile Money,0
T08221,C1248,P0011,2026-04-11 15:42:58,1,393.66,393.66,Mobile Money,0
T08222,C1764,P0125,2025-11-30 22:51:35,4,96.25,385.0,Cash on Delivery,0
T08223,C0522,P0030,2026-04-22 21:11:22,2,11.97,23.94,Cash on Delivery,0
T08224,C1743,P0054,2026-05-20 18:17:22,2,471.74,943.48,Mobile Money,0
T08225,C0570,P0157,2026-05-22 02:28:57,1,128.76,128.76,Mobile Money,0
T08226,C0707,P0149,2026-05-26 13:11:34,3,311.04,933.12,Cash on Delivery,0
T08227,C1427,P0161,2025-11-03 03:53:26,2,250.8,501.6,Mobile Money,0
T08228,C1113,P0132,2025-08-27 14:20:38,4,181.21,724.84,Card,0
T08229,C0186,P0098,2026-01-03 02:55:38,1,476.77,476.77,Mobile Money,0
T08230,C0895,P0070,2025-10-23 20:55:03,4,52.61,210.44,Mobile Money,0
T08231,C1665,P0079,2025-07-08 21:18:58,1,449.07,449.07,Card,0
T08232,C0002,P0014,2025-07-26 01:03:45,3,11.57,34.71,Cash on Delivery,0
T08233,C0066,P0004,2026-01-28 18:37:26,4,170.19,680.76,Mobile Money,0
T08234,C1714,P0090,2025-11-19 23:15:54,2,128.98,257.96,Mobile Money,0
T08235,C0436,P0060,2025-11-09 06:17:36,4,175.81,703.24,Mobile Money,0
T08236,C0679,P0097,2025-06-19 20:06:29,4,457.86,1831.44,Card,0
T08237,C1084,P0127,2026-03-22 21:31:04,2,458.03,916.06,Mobile Money,0
T08238,C1435,P0158,2025-10-14 08:35:01,2,465.72,931.44,Cash on Delivery,0
T08239,C1335,P0083,2025-10-09 02:18:12,2,333.43,666.86,Cash on Delivery,0
T08240,C1450,P0198,2026-02-16 07:16:57,2,118.55,237.1,Cash on Delivery,0
T08241,C0835,P0121,2025-12-25 03:47:17,3,351.26,1053.78,Mobile Money,0
T08242,C1204,P0116,2026-01-31 08:37:10,3,20.1,60.3,Card,1
T08243,C1650,P0006,2026-02-14 08:30:43,1,469.58,469.58,Cash on Delivery,0
T08244,C1404,P0010,2025-10-05 07:32:20,2,487.01,974.02,Mobile Money,1
T08245,C1548,P0077,2025-09-06 03:40:57,2,450.71,901.42,Card,0
T08246,C1014,P0046,2025-10-22 09:14:38,1,314.06,314.06,Cash on Delivery,0
T08247,C1273,P0091,2025-07-10 07:02:54,4,199.58,798.32,Card,0
T08248,C0506,P0072,2025-12-25 06:51:31,3,339.47,1018.41,Card,1
T08249,C0996,P0197,2026-03-28 06:28:35,1,98.12,98.12,Cash on Delivery,0
T08250,C0734,P0102,2026-05-03 09:10:42,3,189.48,568.44,Card,0
T08251,C0157,P0060,2025-08-13 19:02:59,1,175.81,175.81,Cash on Delivery,0
T08252,C0894,P0086,2026-05-09 05:06:49,2,13.95,27.9,Card,0
T08253,C1791,P0011,2025-12-14 23:56:13,3,393.66,1180.98,Mobile Money,0
T08254,C0917,P0023,2025-11-19 10:31:33,4,461.33,1845.32,Cash on Delivery,0
T08255,C1396,P0165,2026-02-13 15:52:22,4,243.85,975.4,Cash on Delivery,1
T08256,C1589,P0095,2025-12-16 05:06:27,2,17.04,34.08,Cash on Delivery,1
T08257,C0475,P0028,2026-03-16 22:38:17,2,86.81,173.62,Card,0
T08258,C1373,P0085,2025-08-14 03:55:24,1,327.72,327.72,Cash on Delivery,0
T08259,C1231,P0124,2025-09-01 01:08:34,1,222.29,222.29,Mobile Money,0
T08260,C0165,P0161,2025-08-24 23:56:32,3,250.8,752.4,Cash on Delivery,0
T08261,C1395,P0047,2025-12-08 10:17:56,4,230.98,923.92,Card,0
T08262,C1303,P0156,2025-07-19 08:35:44,2,495.3,990.6,Mobile Money,0
T08263,C0119,P0005,2025-07-21 14:16:35,2,15.19,30.38,Cash on Delivery,1
T08264,C1962,P0006,2025-11-22 17:30:22,1,469.58,469.58,Cash on Delivery,0
T08265,C0028,P0047,2025-12-09 11:05:42,3,230.98,692.94,Mobile Money,1
T08266,C0537,P0013,2025-08-23 10:53:18,2,305.73,611.46,Mobile Money,0
T08267,C0592,P0007,2025-06-30 20:01:43,2,95.79,191.58,Cash on Delivery,0
T08268,C1060,P0186,2025-12-05 18:23:01,2,241.47,482.94,Cash on Delivery,0
T08269,C1318,P0002,2025-10-29 10:18:08,1,390.95,390.95,Card,0
T08270,C0911,P0014,2025-10-10 08:37:17,3,11.57,34.71,Mobile Money,1
T08271,C1395,P0085,2025-09-08 16:54:37,4,327.72,1310.88,Card,0
T08272,C0697,P0171,2025-09-20 12:05:35,1,275.23,275.23,Mobile Money,0
T08273,C1516,P0086,2025-11-01 21:47:59,2,13.95,27.9,Card,0
T08274,C0082,P0176,2025-09-13 03:57:10,1,46.99,46.99,Cash on Delivery,0
T08275,C0958,P0044,2025-06-26 10:07:49,4,105.52,422.08,Cash on Delivery,0
T08276,C0967,P0130,2026-05-14 14:19:13,1,370.26,370.26,Card,0
T08277,C0381,P0159,2025-11-23 08:22:55,1,341.52,341.52,Mobile Money,0
T08278,C0072,P0073,2026-02-02 01:23:53,1,462.72,462.72,Mobile Money,0
T08279,C1264,P0161,2025-12-08 00:40:29,1,250.8,250.8,Mobile Money,0
T08280,C0461,P0078,2026-05-05 10:42:09,2,143.04,286.08,Mobile Money,0
T08281,C1492,P0125,2025-10-28 14:44:10,3,96.25,288.75,Card,1
T08282,C0027,P0151,2026-05-25 19:48:54,1,173.61,173.61,Cash on Delivery,0
T08283,C1786,P0056,2026-04-22 21:11:54,2,486.03,972.06,Card,0
T08284,C1645,P0059,2026-04-09 18:16:04,4,253.83,1015.32,Mobile Money,1
T08285,C1459,P0040,2025-12-19 18:27:07,2,59.89,119.78,Card,0
T08286,C0751,P0061,2025-08-05 13:18:09,2,76.72,153.44,Cash on Delivery,0
T08287,C1060,P0106,2026-01-03 06:55:58,3,164.66,493.98,Card,0
T08288,C0568,P0038,2026-02-17 09:02:55,4,362.26,1449.04,Cash on Delivery,0
T08289,C0076,P0167,2025-09-18 11:12:15,1,279.08,279.08,Cash on Delivery,0
T08290,C0487,P0197,2026-02-03 08:22:41,2,98.12,196.24,Card,0
T08291,C1899,P0156,2026-05-15 19:44:20,2,495.3,990.6,Cash on Delivery,0
T08292,C0791,P0149,2025-08-19 00:03:42,2,311.04,622.08,Card,0
T08293,C0490,P0149,2026-01-04 03:12:59,3,311.04,933.12,Card,0
T08294,C1936,P0120,2026-01-14 07:21:42,3,30.58,91.74,Cash on Delivery,1
T08295,C0475,P0190,2025-10-17 18:36:11,1,459.96,459.96,Mobile Money,0
T08296,C1104,P0065,2026-02-20 12:01:20,4,318.6,1274.4,Card,0
T08297,C1600,P0133,2026-01-02 01:52:43,2,174.23,348.46,Mobile Money,0
T08298,C1196,P0041,2025-07-29 21:05:10,2,20.56,41.12,Mobile Money,0
T08299,C0226,P0089,2026-01-04 21:52:18,2,51.37,102.74,Cash on Delivery,1
T08300,C1715,P0143,2026-01-11 08:47:42,4,320.02,1280.08,Card,0
T08301,C1753,P0054,2025-09-11 21:29:39,4,471.74,1886.96,Cash on Delivery,0
T08302,C1454,P0077,2026-02-06 23:57:51,2,450.71,901.42,Mobile Money,0
T08303,C1699,P0025,2025-06-18 11:15:46,3,197.4,592.2,Card,0
T08304,C0206,P0112,2025-10-16 19:42:43,1,445.55,445.55,Card,0
T08305,C1161,P0150,2026-02-23 14:14:31,4,162.89,651.56,Cash on Delivery,0
T08306,C1469,P0152,2025-07-24 18:58:42,3,63.49,190.47,Mobile Money,0
T08307,C0271,P0165,2025-08-30 12:14:43,1,243.85,243.85,Cash on Delivery,1
T08308,C0127,P0185,2025-10-20 11:14:26,4,342.11,1368.44,Card,0
T08309,C1784,P0014,2026-04-18 07:04:54,4,11.57,46.28,Cash on Delivery,1
T08310,C0548,P0084,2026-02-14 05:57:19,3,156.16,468.48,Mobile Money,0
T08311,C0986,P0155,2026-03-26 20:21:21,1,214.62,214.62,Cash on Delivery,0
T08312,C1923,P0169,2025-09-22 04:35:19,4,465.81,1863.24,Card,0
T08313,C0936,P0019,2026-02-09 09:05:32,1,332.95,332.95,Cash on Delivery,1
T08314,C1799,P0058,2025-08-17 20:43:04,3,498.88,1496.64,Card,0
T08315,C0844,P0036,2026-05-14 11:45:21,3,140.99,422.97,Cash on Delivery,0
T08316,C1100,P0148,2025-07-15 01:34:15,2,54.89,109.78,Mobile Money,0
T08317,C1604,P0157,2026-03-19 13:02:33,2,128.76,257.52,Card,0
T08318,C1758,P0066,2025-12-22 10:48:23,3,400.18,1200.54,Mobile Money,0
T08319,C1810,P0151,2025-10-12 07:32:37,2,173.61,347.22,Card,0
T08320,C1092,P0181,2026-05-27 09:18:48,2,128.12,256.24,Mobile Money,0
T08321,C0098,P0163,2026-03-11 11:19:19,3,479.48,1438.44,Cash on Delivery,1
T08322,C1528,P0009,2026-01-29 15:55:47,3,307.87,923.61,Cash on Delivery,0
T08323,C1777,P0171,2025-11-15 18:39:24,3,275.23,825.69,Mobile Money,0
T08324,C0563,P0075,2026-04-21 17:44:05,1,279.82,279.82,Mobile Money,0
T08325,C1262,P0194,2025-10-13 05:41:12,4,369.86,1479.44,Mobile Money,1
T08326,C1948,P0125,2026-06-06 10:18:39,3,96.25,288.75,Cash on Delivery,1
T08327,C0254,P0131,2026-04-23 00:54:09,1,366.37,366.37,Cash on Delivery,0
T08328,C1338,P0052,2025-12-16 19:41:08,2,257.82,515.64,Mobile Money,0
T08329,C1869,P0045,2025-12-27 10:04:34,2,148.43,296.86,Card,0
T08330,C1588,P0050,2025-12-01 20:18:27,2,117.83,235.66,Mobile Money,0
T08331,C0327,P0181,2025-09-01 14:09:55,3,128.12,384.36,Card,0
T08332,C0602,P0176,2025-12-04 08:40:07,2,46.99,93.98,Card,0
T08333,C1254,P0031,2025-07-15 14:28:13,2,365.86,731.72,Card,0
T08334,C1633,P0132,2025-12-27 03:23:46,3,181.21,543.63,Cash on Delivery,1
T08335,C1235,P0067,2025-11-15 13:55:06,4,97.33,389.32,Card,1
T08336,C0339,P0137,2025-12-17 18:44:25,2,235.01,470.02,Mobile Money,1
T08337,C0979,P0184,2025-06-21 05:05:11,4,63.18,252.72,Cash on Delivery,0
T08338,C1152,P0026,2026-02-05 05:52:35,4,295.44,1181.76,Card,0
T08339,C1532,P0127,2025-06-30 13:18:58,4,458.03,1832.12,Cash on Delivery,0
T08340,C1114,P0072,2026-06-05 12:33:11,4,339.47,1357.88,Card,0
T08341,C0233,P0176,2025-11-28 12:41:38,2,46.99,93.98,Cash on Delivery,0
T08342,C0247,P0063,2025-08-14 00:07:56,4,382.0,1528.0,Cash on Delivery,0
T08343,C0135,P0186,2025-10-25 16:50:48,3,241.47,724.41,Mobile Money,0
T08344,C1982,P0180,2025-10-20 04:57:12,2,389.69,779.38,Card,0
T08345,C0140,P0002,2026-02-10 19:26:51,1,390.95,390.95,Cash on Delivery,0
T08346,C1845,P0048,2025-12-23 08:45:26,4,446.82,1787.28,Mobile Money,0
T08347,C1909,P0125,2025-10-30 13:26:53,1,96.25,96.25,Cash on Delivery,0
T08348,C1978,P0091,2025-08-16 03:56:36,2,199.58,399.16,Mobile Money,0
T08349,C0407,P0068,2025-10-29 08:56:12,4,166.35,665.4,Cash on Delivery,0
T08350,C0240,P0164,2025-06-10 19:03:54,2,163.06,326.12,Cash on Delivery,0
T08351,C1127,P0149,2025-07-22 17:20:04,4,311.04,1244.16,Mobile Money,0
T08352,C1720,P0183,2025-09-27 08:23:52,1,287.88,287.88,Cash on Delivery,0
T08353,C1768,P0013,2026-03-07 05:27:50,4,305.73,1222.92,Card,0
T08354,C1048,P0150,2025-12-18 00:02:00,3,162.89,488.67,Cash on Delivery,1
T08355,C1018,P0189,2026-05-26 10:33:06,1,446.12,446.12,Card,0
T08356,C0695,P0050,2026-01-26 11:11:10,2,117.83,235.66,Card,0
T08357,C0650,P0026,2025-08-24 11:56:32,3,295.44,886.32,Cash on Delivery,0
T08358,C1126,P0011,2025-10-15 01:20:48,4,393.66,1574.64,Mobile Money,0
T08359,C1630,P0011,2026-05-19 04:26:13,4,393.66,1574.64,Card,0
T08360,C0973,P0004,2025-10-06 10:36:47,2,170.19,340.38,Mobile Money,0
T08361,C0407,P0167,2026-05-05 04:32:43,1,279.08,279.08,Card,0
T08362,C0717,P0045,2025-07-01 22:21:46,2,148.43,296.86,Mobile Money,0
T08363,C0554,P0170,2025-08-21 05:33:16,3,277.02,831.06,Card,0
T08364,C1475,P0029,2026-05-24 21:15:22,4,387.26,1549.04,Cash on Delivery,0
T08365,C0388,P0100,2025-09-19 18:56:35,4,42.3,169.2,Card,0
T08366,C0425,P0100,2026-02-01 05:21:46,4,42.3,169.2,Card,0
T08367,C1920,P0006,2026-05-09 10:16:39,2,469.58,939.16,Card,1
T08368,C0356,P0185,2026-04-02 20:44:19,4,342.11,1368.44,Cash on Delivery,1
T08369,C1612,P0151,2025-08-20 23:18:47,1,173.61,173.61,Card,0
T08370,C0268,P0042,2025-08-21 07:35:15,3,283.82,851.46,Card,0
T08371,C1241,P0124,2026-03-28 18:15:19,4,222.29,889.16,Card,1
T08372,C1715,P0064,2026-05-30 09:28:10,2,402.55,805.1,Cash on Delivery,0
T08373,C0470,P0029,2026-05-04 11:41:27,3,387.26,1161.78,Cash on Delivery,0
T08374,C1837,P0097,2025-07-29 11:49:24,4,457.86,1831.44,Cash on Delivery,0
T08375,C1616,P0054,2025-11-13 13:14:45,2,471.74,943.48,Cash on Delivery,0
T08376,C0013,P0194,2025-07-29 00:58:04,4,369.86,1479.44,Cash on Delivery,0
T08377,C0881,P0193,2025-11-29 08:32:52,4,315.64,1262.56,Card,0
T08378,C0270,P0071,2025-08-02 04:40:23,4,196.43,785.72,Card,0
T08379,C0732,P0042,2025-09-29 21:28:52,3,283.82,851.46,Cash on Delivery,1
T08380,C1456,P0076,2025-09-29 22:41:57,4,498.15,1992.6,Cash on Delivery,0
T08381,C0065,P0121,2025-07-02 12:39:14,4,351.26,1405.04,Cash on Delivery,0
T08382,C0028,P0145,2026-02-13 11:18:52,2,406.55,813.1,Card,0
T08383,C1903,P0033,2025-12-17 03:19:30,4,432.24,1728.96,Cash on Delivery,0
T08384,C0326,P0126,2025-12-11 14:04:44,4,349.51,1398.04,Mobile Money,1
T08385,C0246,P0085,2025-08-08 06:49:35,1,327.72,327.72,Cash on Delivery,0
T08386,C1911,P0132,2026-01-16 05:36:56,1,181.21,181.21,Cash on Delivery,0
T08387,C0804,P0010,2026-01-09 11:40:52,1,487.01,487.01,Mobile Money,0
T08388,C0388,P0073,2026-01-12 14:25:16,3,462.72,1388.16,Card,0
T08389,C1672,P0122,2026-06-02 15:23:52,4,488.05,1952.2,Card,0
T08390,C0649,P0027,2025-12-28 09:21:12,4,273.63,1094.52,Mobile Money,0
T08391,C1701,P0171,2025-08-15 12:02:05,4,275.23,1100.92,Card,0
T08392,C1246,P0041,2025-11-17 21:51:18,4,20.56,82.24,Cash on Delivery,0
T08393,C0372,P0026,2026-01-31 09:37:35,4,295.44,1181.76,Card,0
T08394,C0220,P0129,2026-05-03 06:29:34,4,467.63,1870.52,Card,0
T08395,C1884,P0173,2026-02-17 00:52:28,4,434.1,1736.4,Card,0
T08396,C1526,P0197,2025-09-27 13:15:05,4,98.12,392.48,Card,0
T08397,C1600,P0052,2026-04-29 20:48:28,2,257.82,515.64,Cash on Delivery,0
T08398,C1872,P0021,2025-11-21 06:11:15,2,484.94,969.88,Card,1
T08399,C1376,P0200,2025-08-20 08:14:35,4,270.37,1081.48,Cash on Delivery,0
T08400,C1306,P0025,2025-06-12 09:31:20,3,197.4,592.2,Card,0
T08401,C1563,P0100,2026-02-20 07:42:23,1,42.3,42.3,Card,0
T08402,C0854,P0180,2026-04-23 21:48:50,3,389.69,1169.07,Card,1
T08403,C1978,P0118,2026-02-22 19:10:11,1,263.51,263.51,Mobile Money,0
T08404,C0302,P0038,2025-09-25 21:19:18,3,362.26,1086.78,Card,1
T08405,C1923,P0127,2025-10-06 18:22:35,3,458.03,1374.09,Card,1
T08406,C0525,P0134,2025-06-17 23:20:33,1,25.16,25.16,Mobile Money,0
T08407,C0090,P0174,2025-11-19 19:17:00,3,351.98,1055.94,Mobile Money,0
T08408,C1231,P0112,2025-12-17 19:57:58,1,445.55,445.55,Mobile Money,0
T08409,C0824,P0062,2025-08-26 04:06:15,3,278.68,836.04,Cash on Delivery,0
T08410,C1129,P0039,2025-08-31 12:54:08,4,249.43,997.72,Card,1
T08411,C1244,P0127,2026-02-13 17:16:20,3,458.03,1374.09,Mobile Money,0
T08412,C1641,P0152,2026-02-27 23:54:12,2,63.49,126.98,Mobile Money,0
T08413,C0586,P0161,2025-06-12 00:48:30,4,250.8,1003.2,Card,1
T08414,C0890,P0135,2026-05-18 11:31:17,2,91.79,183.58,Card,0
T08415,C1103,P0062,2026-04-13 11:43:52,1,278.68,278.68,Mobile Money,0
T08416,C1965,P0118,2025-11-06 15:47:21,1,263.51,263.51,Card,0
T08417,C0835,P0183,2026-01-06 11:58:38,2,287.88,575.76,Mobile Money,0
T08418,C0054,P0100,2026-05-12 15:25:29,4,42.3,169.2,Cash on Delivery,0
T08419,C0959,P0121,2025-11-24 09:27:52,4,351.26,1405.04,Cash on Delivery,1
T08420,C1127,P0182,2025-11-18 10:52:35,4,248.85,995.4,Cash on Delivery,0
T08421,C0963,P0180,2025-09-17 19:57:27,2,389.69,779.38,Card,0
T08422,C0524,P0165,2025-08-29 14:15:17,4,243.85,975.4,Card,1
T08423,C0404,P0187,2026-04-02 03:25:03,2,115.68,231.36,Mobile Money,0
T08424,C0800,P0087,2025-09-22 12:03:27,2,374.51,749.02,Card,0
T08425,C1024,P0071,2025-10-15 01:18:47,2,196.43,392.86,Cash on Delivery,0
T08426,C1102,P0044,2025-12-26 20:43:21,2,105.52,211.04,Mobile Money,0
T08427,C0856,P0055,2026-04-26 16:29:37,4,281.26,1125.04,Cash on Delivery,0
T08428,C0180,P0071,2026-04-18 10:16:30,4,196.43,785.72,Card,0
T08429,C1710,P0124,2026-06-01 16:42:49,1,222.29,222.29,Mobile Money,0
T08430,C0450,P0169,2025-09-21 05:36:18,1,465.81,465.81,Card,0
T08431,C1661,P0005,2026-05-13 00:23:36,3,15.19,45.57,Card,0
T08432,C0904,P0131,2026-02-25 22:31:40,2,366.37,732.74,Cash on Delivery,1
T08433,C0637,P0154,2026-02-23 16:25:06,2,402.72,805.44,Mobile Money,0
T08434,C1915,P0098,2026-03-23 22:05:30,2,476.77,953.54,Card,0
T08435,C1868,P0100,2025-07-08 14:15:45,1,42.3,42.3,Cash on Delivery,0
T08436,C1038,P0128,2025-07-29 21:32:30,1,276.87,276.87,Card,0
T08437,C0368,P0005,2026-01-09 02:27:02,2,15.19,30.38,Cash on Delivery,0
T08438,C1476,P0027,2026-04-10 09:56:16,1,273.63,273.63,Card,0
T08439,C0481,P0029,2026-03-29 10:06:29,3,387.26,1161.78,Mobile Money,0
T08440,C0137,P0158,2025-07-16 10:28:58,4,465.72,1862.88,Mobile Money,0
T08441,C0791,P0001,2025-08-05 01:09:06,4,190.4,761.6,Mobile Money,0
T08442,C0472,P0067,2026-05-21 04:48:52,4,97.33,389.32,Card,0
T08443,C0305,P0006,2025-10-06 10:06:21,1,469.58,469.58,Card,0
T08444,C0181,P0143,2026-04-15 16:47:49,2,320.02,640.04,Cash on Delivery,0
T08445,C0765,P0030,2025-12-02 08:47:54,4,11.97,47.88,Card,0
T08446,C0319,P0040,2025-09-20 03:29:44,3,59.89,179.67,Mobile Money,0
T08447,C0732,P0048,2026-05-23 15:22:25,3,446.82,1340.46,Cash on Delivery,0
T08448,C1927,P0124,2026-02-27 05:28:40,4,222.29,889.16,Card,0
T08449,C0656,P0175,2025-07-22 21:51:28,3,446.49,1339.47,Mobile Money,0
T08450,C0174,P0022,2025-08-15 02:54:06,3,200.6,601.8,Mobile Money,1
T08451,C0409,P0173,2025-07-30 01:23:23,1,434.1,434.1,Card,0
T08452,C0180,P0050,2025-11-17 15:24:46,3,117.83,353.49,Cash on Delivery,0
T08453,C0037,P0086,2025-10-11 09:36:42,3,13.95,41.85,Cash on Delivery,0
T08454,C0376,P0150,2025-12-29 10:55:55,3,162.89,488.67,Card,0
T08455,C0278,P0130,2026-04-28 05:25:29,4,370.26,1481.04,Mobile Money,0
T08456,C1392,P0181,2025-06-22 19:46:43,1,128.12,128.12,Card,0
T08457,C0212,P0125,2025-11-17 17:26:23,4,96.25,385.0,Mobile Money,0
T08458,C0811,P0159,2026-01-17 02:47:00,4,341.52,1366.08,Mobile Money,1
T08459,C1205,P0200,2026-04-09 09:12:29,1,270.37,270.37,Cash on Delivery,0
T08460,C1657,P0133,2026-04-10 02:21:47,2,174.23,348.46,Cash on Delivery,1
T08461,C1763,P0187,2026-05-15 02:52:29,4,115.68,462.72,Mobile Money,0
T08462,C1648,P0162,2025-07-23 03:28:48,3,448.28,1344.84,Card,0
T08463,C0175,P0134,2026-03-06 09:10:03,2,25.16,50.32,Cash on Delivery,1
T08464,C1001,P0005,2025-10-11 02:39:14,1,15.19,15.19,Card,0
T08465,C0931,P0056,2026-05-04 18:49:26,2,486.03,972.06,Card,0
T08466,C0269,P0119,2026-01-04 03:07:42,3,482.8,1448.4,Cash on Delivery,0
T08467,C0224,P0026,2025-08-10 11:17:49,2,295.44,590.88,Mobile Money,1
T08468,C0907,P0064,2025-06-14 02:52:42,3,402.55,1207.65,Cash on Delivery,0
T08469,C1967,P0062,2026-02-18 03:21:06,4,278.68,1114.72,Mobile Money,0
T08470,C0238,P0124,2025-07-12 03:36:09,2,222.29,444.58,Cash on Delivery,0
T08471,C0500,P0075,2026-02-05 09:26:35,2,279.82,559.64,Mobile Money,1
T08472,C0268,P0010,2025-09-16 13:13:44,4,487.01,1948.04,Card,0
T08473,C0987,P0199,2026-01-22 02:46:30,3,487.33,1461.99,Cash on Delivery,1
T08474,C1679,P0088,2026-02-18 13:10:06,2,361.87,723.74,Card,0
T08475,C1854,P0059,2025-06-30 15:36:57,2,253.83,507.66,Mobile Money,0
T08476,C1775,P0072,2025-06-14 12:23:58,4,339.47,1357.88,Mobile Money,0
T08477,C1586,P0190,2026-02-28 10:52:10,4,459.96,1839.84,Cash on Delivery,0
T08478,C0993,P0054,2025-08-23 06:18:47,2,471.74,943.48,Mobile Money,0
T08479,C1587,P0156,2026-05-07 19:03:12,4,495.3,1981.2,Card,0
T08480,C1665,P0074,2025-10-26 06:13:08,1,118.13,118.13,Card,0
T08481,C1409,P0085,2026-04-13 03:41:55,1,327.72,327.72,Cash on Delivery,0
T08482,C0085,P0117,2025-09-11 08:22:12,3,155.12,465.36,Cash on Delivery,0
T08483,C0941,P0089,2025-11-19 13:15:53,4,51.37,205.48,Card,1
T08484,C0732,P0073,2026-01-03 08:11:17,4,462.72,1850.88,Mobile Money,0
T08485,C1789,P0168,2025-09-12 20:18:15,2,396.83,793.66,Card,1
T08486,C1639,P0061,2025-10-01 17:47:36,4,76.72,306.88,Card,0
T08487,C0152,P0113,2026-01-06 15:09:37,4,291.54,1166.16,Mobile Money,0
T08488,C1392,P0080,2025-12-17 04:45:40,2,444.45,888.9,Cash on Delivery,0
T08489,C1007,P0098,2025-12-22 04:08:45,4,476.77,1907.08,Card,0
T08490,C1409,P0100,2026-03-05 04:53:42,4,42.3,169.2,Cash on Delivery,0
T08491,C1173,P0047,2026-02-26 04:12:28,4,230.98,923.92,Mobile Money,1
T08492,C0400,P0039,2026-01-23 11:38:33,3,249.43,748.29,Mobile Money,0
T08493,C1015,P0068,2025-07-01 12:01:07,2,166.35,332.7,Mobile Money,0
T08494,C0189,P0182,2025-07-14 11:03:53,1,248.85,248.85,Cash on Delivery,0
T08495,C1307,P0020,2026-04-20 14:38:11,3,107.93,323.79,Cash on Delivery,1
T08496,C0700,P0130,2026-01-22 08:47:33,2,370.26,740.52,Cash on Delivery,1
T08497,C0655,P0089,2025-06-20 05:45:10,3,51.37,154.11,Cash on Delivery,0
T08498,C0241,P0103,2025-07-24 12:10:37,3,349.53,1048.59,Cash on Delivery,0
T08499,C1361,P0152,2025-12-25 02:41:06,4,63.49,253.96,Mobile Money,1
T08500,C0722,P0188,2025-08-13 07:56:15,4,489.06,1956.24,Cash on Delivery,0
T08501,C0706,P0177,2025-08-08 20:14:23,4,432.25,1729.0,Cash on Delivery,1
T08502,C0415,P0177,2025-11-18 16:06:07,1,432.25,432.25,Card,0
T08503,C1026,P0066,2025-06-29 23:56:06,2,400.18,800.36,Card,0
T08504,C1533,P0061,2026-03-14 08:36:04,3,76.72,230.16,Card,0
T08505,C0555,P0060,2025-10-19 00:54:57,4,175.81,703.24,Card,0
T08506,C0936,P0093,2026-04-30 02:06:23,2,290.57,581.14,Mobile Money,1
T08507,C1304,P0030,2026-06-08 06:13:08,3,11.97,35.91,Mobile Money,0
T08508,C0028,P0172,2025-06-24 15:54:28,2,75.78,151.56,Mobile Money,0
T08509,C1644,P0142,2025-12-05 04:43:04,4,323.0,1292.0,Cash on Delivery,0
T08510,C1783,P0034,2026-04-27 11:59:49,2,52.23,104.46,Cash on Delivery,1
T08511,C0317,P0012,2026-02-09 06:52:46,4,491.7,1966.8,Cash on Delivery,0
T08512,C0296,P0105,2026-04-26 05:14:17,1,74.34,74.34,Card,0
T08513,C1962,P0148,2026-01-02 09:48:19,4,54.89,219.56,Card,0
T08514,C0377,P0007,2026-04-15 00:17:07,3,95.79,287.37,Card,0
T08515,C0799,P0073,2026-01-25 21:51:28,4,462.72,1850.88,Mobile Money,0
T08516,C0972,P0070,2026-04-16 16:37:57,4,52.61,210.44,Card,0
T08517,C1082,P0047,2025-08-29 10:30:59,3,230.98,692.94,Card,0
T08518,C1314,P0150,2025-08-18 07:10:09,4,162.89,651.56,Card,1
T08519,C0403,P0063,2025-11-29 18:17:49,4,382.0,1528.0,Mobile Money,0
T08520,C1791,P0024,2026-02-12 00:36:37,4,262.81,1051.24,Mobile Money,0
T08521,C1634,P0148,2025-11-18 17:23:57,4,54.89,219.56,Card,0
T08522,C1324,P0027,2026-02-13 15:05:46,2,273.63,547.26,Card,0
T08523,C1399,P0093,2026-02-13 10:02:14,1,290.57,290.57,Cash on Delivery,0
T08524,C0310,P0174,2026-04-09 12:04:37,4,351.98,1407.92,Cash on Delivery,0
T08525,C1191,P0120,2025-09-17 20:11:56,3,30.58,91.74,Card,0
T08526,C1067,P0007,2026-05-10 15:48:16,2,95.79,191.58,Cash on Delivery,1
T08527,C1177,P0020,2025-10-06 20:58:46,4,107.93,431.72,Card,0
T08528,C0201,P0043,2025-10-27 07:20:46,1,128.4,128.4,Cash on Delivery,0
T08529,C1756,P0127,2025-08-22 23:36:09,3,458.03,1374.09,Cash on Delivery,1
T08530,C0226,P0153,2025-09-15 18:32:39,4,468.64,1874.56,Cash on Delivery,1
T08531,C1545,P0066,2026-04-26 18:28:36,1,400.18,400.18,Cash on Delivery,0
T08532,C1205,P0083,2026-03-27 21:14:59,3,333.43,1000.29,Mobile Money,1
T08533,C1296,P0021,2025-10-20 02:45:24,2,484.94,969.88,Card,0
T08534,C1964,P0194,2025-10-06 05:55:00,2,369.86,739.72,Card,0
T08535,C1122,P0029,2025-11-15 01:35:54,1,387.26,387.26,Cash on Delivery,0
T08536,C1755,P0174,2026-03-04 12:30:23,4,351.98,1407.92,Mobile Money,0
T08537,C0911,P0071,2025-11-14 11:19:43,1,196.43,196.43,Mobile Money,0
T08538,C1997,P0017,2025-07-16 21:51:56,1,65.41,65.41,Mobile Money,0
T08539,C1851,P0032,2026-04-03 07:17:38,2,463.52,927.04,Cash on Delivery,0
T08540,C0212,P0160,2026-05-16 04:39:06,3,56.05,168.15,Card,0
T08541,C0878,P0171,2026-04-17 12:04:11,3,275.23,825.69,Card,0
T08542,C1291,P0059,2026-02-22 18:06:56,2,253.83,507.66,Mobile Money,0
T08543,C0350,P0119,2025-10-24 03:21:49,2,482.8,965.6,Card,0
T08544,C0681,P0002,2026-05-23 05:15:35,2,390.95,781.9,Mobile Money,1
T08545,C1207,P0031,2026-04-12 04:21:35,3,365.86,1097.58,Cash on Delivery,0
T08546,C0725,P0117,2026-02-18 21:04:13,1,155.12,155.12,Mobile Money,1
T08547,C1320,P0127,2026-03-20 23:04:50,4,458.03,1832.12,Card,0
T08548,C1554,P0023,2026-01-29 08:22:58,2,461.33,922.66,Mobile Money,1
T08549,C1494,P0079,2025-09-13 07:01:04,2,449.07,898.14,Card,0
T08550,C0305,P0156,2026-03-21 21:36:59,3,495.3,1485.9,Mobile Money,0
T08551,C1215,P0192,2025-10-21 11:50:26,3,112.32,336.96,Cash on Delivery,0
T08552,C1048,P0062,2026-01-14 08:34:39,2,278.68,557.36,Cash on Delivery,0
T08553,C0183,P0163,2025-08-15 05:56:32,1,479.48,479.48,Mobile Money,1
T08554,C0607,P0177,2026-04-27 15:05:25,1,432.25,432.25,Mobile Money,1
T08555,C0093,P0187,2025-12-07 00:07:13,3,115.68,347.04,Card,0
T08556,C1109,P0022,2026-05-17 06:45:01,1,200.6,200.6,Cash on Delivery,0
T08557,C1694,P0061,2026-03-23 22:22:04,4,76.72,306.88,Card,1
T08558,C1468,P0069,2025-10-27 18:49:17,1,258.49,258.49,Cash on Delivery,1
T08559,C1770,P0006,2025-08-31 13:14:56,1,469.58,469.58,Card,0
T08560,C0792,P0114,2025-06-20 16:33:17,3,22.79,68.37,Mobile Money,0
T08561,C0878,P0079,2025-09-01 20:56:04,3,449.07,1347.21,Cash on Delivery,0
T08562,C1775,P0104,2026-02-26 13:31:11,3,108.41,325.23,Cash on Delivery,0
T08563,C0209,P0019,2025-12-01 20:16:23,2,332.95,665.9,Card,0
T08564,C0743,P0131,2025-11-26 11:54:52,3,366.37,1099.11,Mobile Money,0
T08565,C1567,P0128,2025-06-15 09:56:41,4,276.87,1107.48,Mobile Money,0
T08566,C1148,P0106,2025-11-12 13:58:33,1,164.66,164.66,Card,1
T08567,C0648,P0113,2026-01-07 15:34:00,3,291.54,874.62,Cash on Delivery,0
T08568,C0100,P0017,2026-02-20 18:30:42,3,65.41,196.23,Mobile Money,1
T08569,C0609,P0104,2026-03-10 19:22:30,1,108.41,108.41,Card,0
T08570,C0203,P0060,2026-04-29 09:13:35,2,175.81,351.62,Mobile Money,0
T08571,C0112,P0021,2026-03-02 02:01:58,2,484.94,969.88,Card,0
T08572,C0755,P0149,2025-06-23 13:08:36,1,311.04,311.04,Cash on Delivery,0
T08573,C0796,P0186,2025-11-05 20:36:41,3,241.47,724.41,Cash on Delivery,0
T08574,C1995,P0081,2025-06-10 15:22:22,2,85.01,170.02,Mobile Money,0
T08575,C1625,P0046,2026-02-09 03:55:54,4,314.06,1256.24,Card,1
T08576,C0689,P0153,2026-04-13 12:20:56,3,468.64,1405.92,Mobile Money,0
T08577,C1243,P0118,2026-03-16 06:07:36,2,263.51,527.02,Cash on Delivery,1
T08578,C0319,P0120,2026-06-03 11:39:31,2,30.58,61.16,Mobile Money,0
T08579,C1932,P0077,2026-01-06 21:17:49,4,450.71,1802.84,Mobile Money,0
T08580,C1225,P0078,2025-09-13 04:01:44,1,143.04,143.04,Card,1
T08581,C1028,P0064,2025-09-19 02:14:21,3,402.55,1207.65,Mobile Money,0
T08582,C1729,P0182,2026-01-09 11:03:23,3,248.85,746.55,Card,0
T08583,C1753,P0006,2025-09-29 17:24:02,1,469.58,469.58,Mobile Money,0
T08584,C0657,P0091,2025-06-15 08:12:49,2,199.58,399.16,Card,0
T08585,C0451,P0187,2025-06-19 11:22:31,1,115.68,115.68,Cash on Delivery,0
T08586,C1312,P0145,2026-01-19 02:09:37,2,406.55,813.1,Card,0
T08587,C1249,P0150,2025-11-27 05:05:06,3,162.89,488.67,Cash on Delivery,0
T08588,C0214,P0186,2026-03-26 20:58:36,1,241.47,241.47,Cash on Delivery,0
T08589,C1190,P0175,2026-02-04 15:19:50,4,446.49,1785.96,Cash on Delivery,0
T08590,C1853,P0117,2026-02-20 14:19:33,1,155.12,155.12,Cash on Delivery,1
T08591,C0212,P0064,2026-04-02 17:10:06,1,402.55,402.55,Mobile Money,0
T08592,C0166,P0033,2025-12-25 05:55:43,2,432.24,864.48,Mobile Money,1
T08593,C1786,P0126,2026-06-01 17:22:46,1,349.51,349.51,Cash on Delivery,0
T08594,C1931,P0061,2025-06-12 16:11:21,4,76.72,306.88,Card,0
T08595,C1045,P0018,2025-09-12 22:00:39,1,90.82,90.82,Cash on Delivery,0
T08596,C0615,P0012,2025-08-05 08:23:09,4,491.7,1966.8,Cash on Delivery,1
T08597,C1883,P0020,2026-03-17 00:56:55,3,107.93,323.79,Cash on Delivery,0
T08598,C1323,P0199,2025-06-20 08:59:57,2,487.33,974.66,Cash on Delivery,0
T08599,C1309,P0097,2026-01-15 22:55:40,1,457.86,457.86,Mobile Money,0
T08600,C0332,P0032,2026-04-23 04:23:57,1,463.52,463.52,Cash on Delivery,0
T08601,C1649,P0103,2025-12-12 04:08:25,4,349.53,1398.12,Mobile Money,0
T08602,C1155,P0187,2025-12-25 08:38:18,4,115.68,462.72,Mobile Money,0
T08603,C0884,P0039,2025-12-09 03:02:48,3,249.43,748.29,Cash on Delivery,0
T08604,C0046,P0008,2026-04-22 07:11:26,2,8.5,17.0,Card,0
T08605,C1904,P0194,2026-03-12 14:09:44,2,369.86,739.72,Card,1
T08606,C1146,P0058,2026-01-02 02:56:07,1,498.88,498.88,Mobile Money,0
T08607,C0566,P0115,2025-07-25 00:09:27,3,491.01,1473.03,Mobile Money,0
T08608,C1072,P0076,2026-02-12 09:19:45,1,498.15,498.15,Card,0
T08609,C0508,P0070,2026-06-02 22:05:46,4,52.61,210.44,Cash on Delivery,0
T08610,C0461,P0155,2025-11-02 11:10:08,3,214.62,643.86,Card,0
T08611,C1226,P0117,2025-11-05 17:28:34,3,155.12,465.36,Cash on Delivery,0
T08612,C0451,P0142,2025-10-20 23:55:53,1,323.0,323.0,Cash on Delivery,0
T08613,C1689,P0126,2025-11-11 18:47:52,4,349.51,1398.04,Card,0
T08614,C1944,P0065,2025-07-18 17:30:33,4,318.6,1274.4,Mobile Money,0
T08615,C0362,P0181,2026-02-21 06:18:58,4,128.12,512.48,Cash on Delivery,0
T08616,C1514,P0178,2025-12-12 08:27:37,1,473.89,473.89,Cash on Delivery,0
T08617,C0812,P0039,2025-11-13 03:44:56,2,249.43,498.86,Cash on Delivery,0
T08618,C0645,P0105,2026-05-22 00:49:17,2,74.34,148.68,Card,1
T08619,C1404,P0123,2025-10-28 00:42:50,4,25.33,101.32,Cash on Delivery,0
T08620,C1232,P0109,2026-04-30 02:02:51,4,434.2,1736.8,Card,0
T08621,C0591,P0065,2026-01-03 17:43:47,1,318.6,318.6,Cash on Delivery,0
T08622,C1714,P0088,2026-01-21 21:55:16,3,361.87,1085.61,Card,0
T08623,C0325,P0006,2025-09-18 00:07:09,2,469.58,939.16,Mobile Money,0
T08624,C0105,P0115,2025-11-08 07:14:39,3,491.01,1473.03,Mobile Money,0
T08625,C0096,P0098,2026-02-10 17:25:14,3,476.77,1430.31,Card,1
T08626,C1496,P0157,2026-03-07 12:15:22,1,128.76,128.76,Card,0
T08627,C0031,P0046,2025-12-15 14:16:05,2,314.06,628.12,Mobile Money,0
T08628,C1406,P0152,2025-11-06 03:14:26,3,63.49,190.47,Card,0
T08629,C1684,P0143,2026-06-02 11:12:22,4,320.02,1280.08,Cash on Delivery,0
T08630,C0973,P0132,2025-11-10 00:12:13,2,181.21,362.42,Card,0
T08631,C1663,P0189,2025-12-30 18:05:46,1,446.12,446.12,Card,0
T08632,C0809,P0108,2025-08-25 18:01:45,2,151.77,303.54,Card,0
T08633,C0967,P0053,2026-04-07 18:53:15,3,347.76,1043.28,Card,1
T08634,C1840,P0121,2026-02-04 16:49:33,4,351.26,1405.04,Mobile Money,0
T08635,C0328,P0143,2025-10-22 07:38:28,3,320.02,960.06,Mobile Money,0
T08636,C1284,P0199,2025-12-22 15:15:03,3,487.33,1461.99,Cash on Delivery,0
T08637,C1971,P0124,2026-02-03 11:16:59,2,222.29,444.58,Card,1
T08638,C1531,P0071,2026-05-21 06:55:08,2,196.43,392.86,Mobile Money,0
T08639,C1065,P0059,2026-04-28 08:19:35,1,253.83,253.83,Mobile Money,0
T08640,C0891,P0189,2026-01-08 16:51:48,2,446.12,892.24,Mobile Money,0
T08641,C1927,P0146,2025-06-20 19:30:02,2,196.12,392.24,Cash on Delivery,1
T08642,C1303,P0052,2025-08-02 02:45:20,4,257.82,1031.28,Mobile Money,0
T08643,C1863,P0124,2025-09-21 03:24:36,1,222.29,222.29,Mobile Money,0
T08644,C1791,P0103,2025-09-16 15:25:47,1,349.53,349.53,Mobile Money,0
T08645,C0763,P0105,2025-07-21 02:33:36,1,74.34,74.34,Cash on Delivery,1
T08646,C1135,P0177,2025-06-24 01:11:04,1,432.25,432.25,Cash on Delivery,0
T08647,C0665,P0175,2026-03-26 03:09:25,3,446.49,1339.47,Card,0
T08648,C1676,P0091,2025-08-14 10:05:12,3,199.58,598.74,Card,0
T08649,C0556,P0151,2025-12-24 14:42:56,1,173.61,173.61,Mobile Money,0
T08650,C1688,P0071,2026-01-15 04:34:19,1,196.43,196.43,Mobile Money,0
T08651,C1340,P0199,2025-08-07 03:50:40,1,487.33,487.33,Card,1
T08652,C0215,P0053,2025-11-14 01:52:21,4,347.76,1391.04,Card,1
T08653,C0619,P0074,2025-12-11 03:44:34,4,118.13,472.52,Card,0
T08654,C1346,P0098,2026-04-10 20:06:48,1,476.77,476.77,Card,0
T08655,C1870,P0050,2026-01-04 10:43:08,1,117.83,117.83,Card,0
T08656,C1088,P0168,2026-06-08 12:35:01,2,396.83,793.66,Mobile Money,0
T08657,C0006,P0028,2025-11-09 06:08:01,1,86.81,86.81,Mobile Money,1
T08658,C0355,P0145,2025-10-18 12:22:26,4,406.55,1626.2,Mobile Money,0
T08659,C0119,P0173,2025-08-07 16:50:59,2,434.1,868.2,Cash on Delivery,1
T08660,C0174,P0171,2026-01-06 13:07:11,2,275.23,550.46,Cash on Delivery,0
T08661,C0187,P0191,2025-06-20 23:39:08,1,484.8,484.8,Card,0
T08662,C0893,P0063,2026-06-05 21:43:14,3,382.0,1146.0,Card,0
T08663,C0210,P0018,2025-06-10 21:22:21,2,90.82,181.64,Mobile Money,0
T08664,C0532,P0193,2026-03-13 12:03:28,2,315.64,631.28,Mobile Money,1
T08665,C0560,P0184,2026-05-13 15:59:02,2,63.18,126.36,Cash on Delivery,0
T08666,C0089,P0054,2025-11-25 08:01:48,2,471.74,943.48,Cash on Delivery,0
T08667,C1766,P0144,2025-06-25 05:09:00,4,197.14,788.56,Card,1
T08668,C0225,P0047,2025-07-02 15:25:41,2,230.98,461.96,Mobile Money,0
T08669,C0971,P0135,2025-07-17 21:42:53,3,91.79,275.37,Card,1
T08670,C0110,P0161,2025-08-20 20:31:32,4,250.8,1003.2,Mobile Money,0
T08671,C1535,P0005,2026-01-19 01:03:25,1,15.19,15.19,Cash on Delivery,0
T08672,C1928,P0111,2025-07-12 20:42:43,1,40.12,40.12,Card,0
T08673,C1499,P0082,2025-08-24 06:04:47,2,292.44,584.88,Cash on Delivery,1
T08674,C1218,P0031,2025-12-09 08:44:03,4,365.86,1463.44,Card,1
T08675,C1617,P0056,2025-06-25 06:00:41,1,486.03,486.03,Cash on Delivery,0
T08676,C1511,P0054,2025-10-16 06:24:47,4,471.74,1886.96,Cash on Delivery,0
T08677,C1360,P0096,2025-11-18 18:24:56,1,497.3,497.3,Mobile Money,0
T08678,C1740,P0001,2025-10-25 07:14:33,1,190.4,190.4,Mobile Money,0
T08679,C0829,P0073,2026-01-08 08:55:54,4,462.72,1850.88,Mobile Money,0
T08680,C0926,P0126,2026-05-13 15:44:15,3,349.51,1048.53,Mobile Money,0
T08681,C0620,P0125,2025-12-16 03:33:34,3,96.25,288.75,Cash on Delivery,0
T08682,C1606,P0004,2025-07-21 20:38:35,3,170.19,510.57,Cash on Delivery,0
T08683,C0700,P0038,2025-06-14 00:59:29,3,362.26,1086.78,Mobile Money,0
T08684,C1032,P0002,2025-12-11 23:07:05,1,390.95,390.95,Card,0
T08685,C0222,P0051,2026-01-29 14:01:08,1,179.52,179.52,Mobile Money,1
T08686,C0350,P0112,2025-09-28 17:33:55,3,445.55,1336.65,Cash on Delivery,1
T08687,C1382,P0031,2026-05-27 20:10:39,4,365.86,1463.44,Card,0
T08688,C0754,P0022,2026-05-24 22:50:04,1,200.6,200.6,Mobile Money,0
T08689,C0140,P0200,2025-09-05 15:38:47,1,270.37,270.37,Mobile Money,0
T08690,C1344,P0114,2026-04-20 03:31:15,1,22.79,22.79,Card,1
T08691,C0797,P0153,2025-06-14 09:18:11,2,468.64,937.28,Mobile Money,0
T08692,C1050,P0013,2025-10-06 11:23:44,1,305.73,305.73,Cash on Delivery,0
T08693,C0076,P0022,2025-10-17 17:19:36,1,200.6,200.6,Cash on Delivery,0
T08694,C1116,P0110,2025-09-09 04:42:12,3,253.25,759.75,Cash on Delivery,0
T08695,C1290,P0073,2026-05-30 02:49:25,3,462.72,1388.16,Mobile Money,0
T08696,C1194,P0048,2026-04-09 04:15:15,3,446.82,1340.46,Card,0
T08697,C1252,P0090,2025-11-09 19:49:26,1,128.98,128.98,Card,1
T08698,C0680,P0187,2025-12-12 16:30:02,1,115.68,115.68,Card,0
T08699,C0132,P0190,2026-04-29 18:48:37,2,459.96,919.92,Cash on Delivery,0
T08700,C1150,P0091,2025-12-17 19:15:24,3,199.58,598.74,Cash on Delivery,0
T08701,C0502,P0197,2026-05-20 23:33:17,2,98.12,196.24,Mobile Money,0
T08702,C1112,P0131,2026-02-19 17:39:19,3,366.37,1099.11,Mobile Money,0
T08703,C0867,P0086,2025-10-10 13:02:33,4,13.95,55.8,Card,0
T08704,C1355,P0145,2026-01-02 09:47:10,3,406.55,1219.65,Card,1
T08705,C1188,P0198,2026-01-24 10:06:42,3,118.55,355.65,Mobile Money,0
T08706,C1025,P0145,2026-04-27 03:46:21,2,406.55,813.1,Cash on Delivery,1
T08707,C0464,P0120,2026-06-02 21:15:19,3,30.58,91.74,Cash on Delivery,0
T08708,C1073,P0099,2026-05-09 04:26:26,2,483.49,966.98,Cash on Delivery,0
T08709,C0474,P0051,2026-02-22 23:47:04,3,179.52,538.56,Mobile Money,0
T08710,C0368,P0120,2026-03-01 06:40:28,3,30.58,91.74,Card,1
T08711,C0723,P0031,2026-04-07 18:05:00,4,365.86,1463.44,Mobile Money,1
T08712,C1087,P0037,2025-08-24 15:35:15,1,64.2,64.2,Mobile Money,0
T08713,C1554,P0056,2026-06-06 14:44:44,2,486.03,972.06,Mobile Money,0
T08714,C1437,P0106,2025-07-18 18:08:00,1,164.66,164.66,Mobile Money,1
T08715,C1657,P0077,2026-01-15 06:23:03,4,450.71,1802.84,Card,0
T08716,C1072,P0140,2025-08-29 10:06:24,4,254.05,1016.2,Mobile Money,0
T08717,C1900,P0147,2025-10-12 09:20:43,2,107.31,214.62,Card,0
T08718,C1772,P0038,2025-06-12 11:28:14,4,362.26,1449.04,Mobile Money,0
T08719,C0440,P0153,2026-06-03 13:11:49,2,468.64,937.28,Cash on Delivery,1
T08720,C0732,P0028,2026-01-19 01:40:04,1,86.81,86.81,Card,0
T08721,C0947,P0089,2025-07-25 21:43:41,1,51.37,51.37,Card,1
T08722,C0740,P0140,2026-02-17 08:31:29,4,254.05,1016.2,Cash on Delivery,0
T08723,C0954,P0122,2026-03-11 10:24:46,3,488.05,1464.15,Mobile Money,0
T08724,C0293,P0088,2026-01-23 15:27:41,3,361.87,1085.61,Cash on Delivery,1
T08725,C0476,P0011,2026-01-30 12:40:27,1,393.66,393.66,Mobile Money,0
T08726,C0451,P0184,2026-04-30 04:08:49,1,63.18,63.18,Mobile Money,0
T08727,C0285,P0130,2025-10-25 22:49:11,3,370.26,1110.78,Cash on Delivery,1
T08728,C0590,P0057,2026-03-22 23:11:14,2,251.14,502.28,Cash on Delivery,0
T08729,C1136,P0122,2025-12-04 08:14:28,1,488.05,488.05,Cash on Delivery,0
T08730,C0002,P0093,2026-01-06 03:44:42,3,290.57,871.71,Cash on Delivery,0
T08731,C0799,P0124,2025-07-02 07:20:17,3,222.29,666.87,Mobile Money,0
T08732,C0461,P0117,2025-07-22 06:03:55,1,155.12,155.12,Cash on Delivery,1
T08733,C1882,P0044,2026-05-04 12:58:20,3,105.52,316.56,Cash on Delivery,1
T08734,C1974,P0184,2026-04-01 17:57:00,2,63.18,126.36,Mobile Money,0
T08735,C1610,P0181,2025-09-20 09:11:34,2,128.12,256.24,Card,0
T08736,C1695,P0046,2025-06-27 03:20:55,2,314.06,628.12,Cash on Delivery,0
T08737,C1689,P0109,2025-07-23 01:22:41,4,434.2,1736.8,Mobile Money,0
T08738,C0840,P0163,2026-04-17 01:13:40,1,479.48,479.48,Mobile Money,1
T08739,C1532,P0069,2026-01-07 04:42:11,2,258.49,516.98,Card,0
T08740,C0545,P0028,2026-02-13 07:18:55,4,86.81,347.24,Mobile Money,1
T08741,C0528,P0053,2026-02-24 11:09:04,2,347.76,695.52,Mobile Money,0
T08742,C1367,P0154,2026-05-02 00:26:54,4,402.72,1610.88,Card,0
T08743,C1111,P0105,2025-09-14 03:47:59,1,74.34,74.34,Card,1
T08744,C0667,P0031,2025-07-19 14:08:54,4,365.86,1463.44,Mobile Money,0
T08745,C0495,P0036,2026-04-01 04:53:57,3,140.99,422.97,Card,0
T08746,C0742,P0106,2026-03-09 20:59:43,3,164.66,493.98,Mobile Money,0
T08747,C1657,P0003,2026-05-20 14:23:31,2,82.22,164.44,Mobile Money,0
T08748,C0998,P0160,2025-12-21 20:39:54,3,56.05,168.15,Mobile Money,0
T08749,C1754,P0075,2025-12-29 17:47:22,2,279.82,559.64,Card,0
T08750,C1762,P0191,2025-08-16 18:15:34,4,484.8,1939.2,Card,1
T08751,C1669,P0001,2025-12-06 02:15:50,3,190.4,571.2,Cash on Delivery,1
T08752,C1507,P0090,2025-09-23 13:00:36,2,128.98,257.96,Mobile Money,0
T08753,C0073,P0133,2026-01-18 13:40:53,4,174.23,696.92,Cash on Delivery,0
T08754,C0069,P0156,2026-05-27 11:33:17,3,495.3,1485.9,Mobile Money,0
T08755,C1735,P0044,2026-02-20 01:08:39,4,105.52,422.08,Cash on Delivery,0
T08756,C0751,P0150,2025-07-29 16:05:59,1,162.89,162.89,Mobile Money,1
T08757,C0580,P0151,2025-11-02 10:46:34,3,173.61,520.83,Cash on Delivery,0
T08758,C1321,P0171,2025-07-09 21:11:18,2,275.23,550.46,Card,0
T08759,C0529,P0070,2026-02-10 06:11:36,3,52.61,157.83,Cash on Delivery,0
T08760,C1847,P0137,2026-02-24 12:12:04,3,235.01,705.03,Mobile Money,1
T08761,C1472,P0006,2025-08-14 12:07:42,2,469.58,939.16,Cash on Delivery,0
T08762,C1387,P0132,2026-05-07 11:24:32,4,181.21,724.84,Cash on Delivery,1
T08763,C1720,P0195,2025-07-19 23:07:53,4,475.45,1901.8,Mobile Money,0
T08764,C1749,P0018,2026-05-17 06:41:26,4,90.82,363.28,Mobile Money,0
T08765,C0928,P0048,2026-03-17 04:24:12,1,446.82,446.82,Card,0
T08766,C1774,P0153,2025-08-29 00:08:44,4,468.64,1874.56,Mobile Money,0
T08767,C1223,P0063,2025-11-01 12:59:47,1,382.0,382.0,Cash on Delivery,1
T08768,C0980,P0014,2025-09-22 06:14:47,4,11.57,46.28,Card,0
T08769,C0167,P0010,2026-04-17 22:09:39,3,487.01,1461.03,Mobile Money,0
T08770,C1781,P0147,2026-03-03 10:42:06,3,107.31,321.93,Card,0
T08771,C0070,P0171,2026-02-14 22:29:35,1,275.23,275.23,Cash on Delivery,0
T08772,C0919,P0072,2025-11-09 23:56:09,1,339.47,339.47,Card,1
T08773,C1852,P0104,2026-03-05 15:08:10,1,108.41,108.41,Mobile Money,0
T08774,C1922,P0138,2025-11-25 13:08:43,3,309.85,929.55,Mobile Money,1
T08775,C0255,P0036,2025-10-26 16:24:40,2,140.99,281.98,Cash on Delivery,0
T08776,C0335,P0057,2025-11-05 15:39:23,2,251.14,502.28,Mobile Money,0
T08777,C1045,P0020,2026-01-28 14:08:13,2,107.93,215.86,Card,0
T08778,C0470,P0194,2026-01-26 18:05:04,2,369.86,739.72,Card,0
T08779,C0590,P0093,2025-11-13 09:42:16,3,290.57,871.71,Mobile Money,0
T08780,C1818,P0197,2025-07-30 09:26:18,4,98.12,392.48,Cash on Delivery,0
T08781,C1901,P0130,2026-04-26 14:28:37,2,370.26,740.52,Cash on Delivery,0
T08782,C1961,P0034,2025-12-30 19:41:15,2,52.23,104.46,Cash on Delivery,0
T08783,C1079,P0099,2025-06-15 22:04:55,3,483.49,1450.47,Mobile Money,0
T08784,C0934,P0003,2025-09-14 20:04:03,4,82.22,328.88,Mobile Money,0
T08785,C1510,P0179,2026-04-30 06:49:59,1,178.36,178.36,Cash on Delivery,0
T08786,C0661,P0049,2025-11-21 17:43:02,4,181.37,725.48,Cash on Delivery,0
T08787,C1747,P0088,2025-09-02 10:32:57,4,361.87,1447.48,Card,1
T08788,C1231,P0040,2025-10-16 03:47:34,4,59.89,239.56,Cash on Delivery,0
T08789,C1968,P0104,2026-02-19 11:12:59,3,108.41,325.23,Cash on Delivery,0
T08790,C1720,P0161,2025-10-12 15:02:14,4,250.8,1003.2,Cash on Delivery,0
T08791,C0556,P0041,2026-03-07 22:40:56,2,20.56,41.12,Cash on Delivery,0
T08792,C0250,P0081,2026-04-14 13:36:02,4,85.01,340.04,Cash on Delivery,0
T08793,C0990,P0084,2025-12-19 05:03:55,3,156.16,468.48,Card,0
T08794,C1999,P0142,2025-08-06 03:21:54,2,323.0,646.0,Cash on Delivery,0
T08795,C0273,P0012,2025-11-15 11:28:47,4,491.7,1966.8,Card,0
T08796,C1049,P0090,2025-08-27 13:19:38,2,128.98,257.96,Cash on Delivery,0
T08797,C1689,P0026,2026-02-27 02:27:31,3,295.44,886.32,Card,0
T08798,C1819,P0060,2026-04-15 13:31:32,4,175.81,703.24,Card,0
T08799,C0788,P0171,2026-01-03 23:26:13,4,275.23,1100.92,Cash on Delivery,1
T08800,C0921,P0191,2025-09-08 22:19:09,4,484.8,1939.2,Mobile Money,1
T08801,C1618,P0155,2026-02-02 05:04:36,4,214.62,858.48,Mobile Money,0
T08802,C1202,P0010,2026-01-13 13:11:54,3,487.01,1461.03,Cash on Delivery,0
T08803,C0310,P0030,2025-08-08 17:17:32,1,11.97,11.97,Card,0
T08804,C1927,P0004,2026-01-11 20:37:24,3,170.19,510.57,Cash on Delivery,1
T08805,C1089,P0030,2026-03-21 06:45:45,2,11.97,23.94,Mobile Money,0
T08806,C1177,P0124,2025-08-29 11:26:22,1,222.29,222.29,Cash on Delivery,0
T08807,C1297,P0040,2025-08-02 20:45:39,2,59.89,119.78,Mobile Money,0
T08808,C1800,P0159,2025-12-18 21:20:36,1,341.52,341.52,Cash on Delivery,0
T08809,C0079,P0069,2026-04-23 10:58:47,1,258.49,258.49,Mobile Money,0
T08810,C0620,P0071,2025-10-07 02:41:02,2,196.43,392.86,Card,0
T08811,C1684,P0099,2025-08-03 01:50:24,4,483.49,1933.96,Mobile Money,0
T08812,C1538,P0168,2026-02-02 00:24:19,4,396.83,1587.32,Card,0
T08813,C0486,P0189,2026-05-22 20:21:52,3,446.12,1338.36,Card,0
T08814,C0333,P0071,2025-11-12 21:46:24,3,196.43,589.29,Card,0
T08815,C1566,P0097,2025-12-11 19:17:53,4,457.86,1831.44,Mobile Money,0
T08816,C0173,P0030,2026-02-03 12:04:28,3,11.97,35.91,Card,1
T08817,C1500,P0024,2026-02-05 17:16:19,4,262.81,1051.24,Mobile Money,0
T08818,C1341,P0184,2025-08-03 20:12:13,3,63.18,189.54,Cash on Delivery,1
T08819,C1104,P0141,2026-04-14 23:49:31,1,343.56,343.56,Mobile Money,0
T08820,C1547,P0184,2025-07-07 18:25:40,3,63.18,189.54,Card,0
T08821,C1113,P0140,2026-03-20 11:53:22,2,254.05,508.1,Cash on Delivery,0
T08822,C0601,P0003,2025-09-23 00:51:55,4,82.22,328.88,Cash on Delivery,0
T08823,C1582,P0009,2025-08-31 06:14:12,4,307.87,1231.48,Card,0
T08824,C0700,P0094,2025-09-25 10:05:28,3,118.94,356.82,Mobile Money,0
T08825,C1539,P0139,2026-03-30 23:42:55,2,134.14,268.28,Cash on Delivery,0
T08826,C0401,P0019,2025-11-30 03:00:33,2,332.95,665.9,Card,0
T08827,C1424,P0130,2025-10-04 22:02:48,1,370.26,370.26,Cash on Delivery,0
T08828,C1476,P0113,2026-04-20 07:48:28,2,291.54,583.08,Mobile Money,0
T08829,C0058,P0043,2025-07-27 19:57:32,2,128.4,256.8,Card,0
T08830,C1146,P0113,2025-06-28 21:41:34,4,291.54,1166.16,Mobile Money,0
T08831,C1109,P0152,2025-09-08 03:18:46,4,63.49,253.96,Mobile Money,0
T08832,C0356,P0106,2026-04-03 20:10:32,4,164.66,658.64,Mobile Money,0
T08833,C0518,P0099,2025-12-31 18:42:27,1,483.49,483.49,Card,0
T08834,C1998,P0108,2026-03-16 02:19:01,1,151.77,151.77,Card,0
T08835,C0850,P0152,2025-06-17 09:51:49,2,63.49,126.98,Card,0
T08836,C0723,P0027,2025-11-27 19:17:09,3,273.63,820.89,Mobile Money,1
T08837,C0806,P0100,2026-05-14 06:58:07,3,42.3,126.9,Mobile Money,0
T08838,C1553,P0074,2025-10-07 01:22:24,1,118.13,118.13,Cash on Delivery,1
T08839,C0304,P0106,2025-08-29 04:02:01,2,164.66,329.32,Cash on Delivery,1
T08840,C0084,P0177,2025-08-02 03:15:57,3,432.25,1296.75,Mobile Money,0
T08841,C1273,P0007,2025-06-27 04:46:33,4,95.79,383.16,Mobile Money,0
T08842,C1685,P0126,2025-07-04 18:59:59,2,349.51,699.02,Mobile Money,1
T08843,C1725,P0153,2026-01-21 23:29:31,1,468.64,468.64,Mobile Money,0
T08844,C0820,P0156,2026-01-26 23:01:26,2,495.3,990.6,Cash on Delivery,0
T08845,C0895,P0013,2025-10-18 09:03:43,2,305.73,611.46,Mobile Money,1
T08846,C0388,P0105,2025-10-01 15:27:01,3,74.34,223.02,Cash on Delivery,0
T08847,C0767,P0044,2025-07-06 23:47:05,2,105.52,211.04,Card,1
T08848,C1032,P0143,2025-08-31 23:30:42,4,320.02,1280.08,Mobile Money,0
T08849,C0450,P0114,2026-01-14 15:46:08,1,22.79,22.79,Mobile Money,0
T08850,C0860,P0086,2025-10-31 13:27:40,1,13.95,13.95,Mobile Money,0
T08851,C0961,P0121,2025-07-31 03:39:32,2,351.26,702.52,Card,0
T08852,C0881,P0116,2025-11-17 01:01:53,4,20.1,80.4,Mobile Money,0
T08853,C0922,P0066,2025-09-21 04:40:26,2,400.18,800.36,Mobile Money,1
T08854,C1833,P0031,2025-12-24 07:44:17,3,365.86,1097.58,Mobile Money,0
T08855,C1631,P0051,2025-11-14 08:46:51,3,179.52,538.56,Card,0
T08856,C1062,P0073,2025-10-14 13:34:37,3,462.72,1388.16,Card,0
T08857,C1197,P0198,2025-12-11 09:45:07,1,118.55,118.55,Mobile Money,0
T08858,C1945,P0199,2026-02-17 22:26:03,1,487.33,487.33,Mobile Money,0
T08859,C1078,P0178,2025-12-19 19:43:49,1,473.89,473.89,Card,0
T08860,C1293,P0086,2026-04-10 04:43:46,4,13.95,55.8,Cash on Delivery,0
T08861,C1239,P0040,2025-09-09 21:35:55,1,59.89,59.89,Mobile Money,0
T08862,C0161,P0169,2025-08-03 22:40:14,1,465.81,465.81,Mobile Money,0
T08863,C0244,P0029,2025-07-05 03:37:18,1,387.26,387.26,Card,0
T08864,C0779,P0183,2025-07-27 23:17:17,4,287.88,1151.52,Mobile Money,0
T08865,C0093,P0180,2026-04-03 19:13:19,4,389.69,1558.76,Cash on Delivery,0
T08866,C0398,P0112,2025-09-11 01:57:43,3,445.55,1336.65,Card,1
T08867,C0438,P0191,2025-10-19 06:42:25,4,484.8,1939.2,Cash on Delivery,0
T08868,C0985,P0117,2026-03-16 08:49:13,2,155.12,310.24,Card,0
T08869,C1242,P0123,2026-04-13 14:10:31,2,25.33,50.66,Cash on Delivery,0
T08870,C0343,P0073,2026-02-08 09:24:27,1,462.72,462.72,Cash on Delivery,0
T08871,C1902,P0097,2025-11-07 01:41:03,3,457.86,1373.58,Mobile Money,0
T08872,C1591,P0158,2025-07-22 03:33:41,2,465.72,931.44,Mobile Money,0
T08873,C0365,P0094,2025-11-25 16:17:54,2,118.94,237.88,Cash on Delivery,1
T08874,C0153,P0129,2025-07-17 18:36:44,3,467.63,1402.89,Card,0
T08875,C1424,P0020,2025-12-27 00:32:58,3,107.93,323.79,Cash on Delivery,0
T08876,C0469,P0052,2025-12-14 15:49:46,3,257.82,773.46,Cash on Delivery,0
T08877,C0596,P0065,2026-03-25 10:49:25,3,318.6,955.8,Mobile Money,0
T08878,C1862,P0111,2025-11-10 05:31:34,3,40.12,120.36,Cash on Delivery,0
T08879,C0894,P0129,2026-04-21 18:08:13,2,467.63,935.26,Cash on Delivery,0
T08880,C1298,P0016,2026-05-24 23:30:36,3,119.29,357.87,Mobile Money,0
T08881,C1330,P0077,2026-03-26 16:00:26,4,450.71,1802.84,Mobile Money,0
T08882,C1294,P0092,2025-09-09 09:20:37,2,220.03,440.06,Card,0
T08883,C1145,P0052,2025-07-29 05:50:46,1,257.82,257.82,Mobile Money,0
T08884,C1499,P0050,2026-05-04 05:10:52,3,117.83,353.49,Card,0
T08885,C1656,P0017,2026-02-08 21:44:04,4,65.41,261.64,Card,0
T08886,C1631,P0131,2025-12-15 06:41:11,2,366.37,732.74,Mobile Money,0
T08887,C1793,P0149,2025-10-02 07:00:00,1,311.04,311.04,Cash on Delivery,0
T08888,C0184,P0198,2025-10-19 02:55:58,3,118.55,355.65,Card,0
T08889,C0205,P0004,2026-06-06 20:54:58,2,170.19,340.38,Cash on Delivery,0
T08890,C0825,P0186,2025-12-14 19:39:07,4,241.47,965.88,Mobile Money,1
T08891,C1242,P0168,2026-01-29 23:50:10,4,396.83,1587.32,Cash on Delivery,0
T08892,C0615,P0056,2025-07-01 06:55:27,3,486.03,1458.09,Mobile Money,0
T08893,C1543,P0117,2026-03-09 07:04:43,3,155.12,465.36,Card,1
T08894,C0090,P0142,2025-08-25 09:55:37,1,323.0,323.0,Cash on Delivery,1
T08895,C1395,P0146,2026-05-29 09:20:25,3,196.12,588.36,Cash on Delivery,1
T08896,C1465,P0184,2025-11-29 02:06:05,4,63.18,252.72,Cash on Delivery,0
T08897,C1210,P0123,2025-11-23 12:22:58,4,25.33,101.32,Mobile Money,0
T08898,C0761,P0115,2026-02-07 06:10:01,1,491.01,491.01,Card,1
T08899,C0710,P0114,2026-03-17 13:04:10,4,22.79,91.16,Card,0
T08900,C0149,P0080,2026-04-16 15:06:06,3,444.45,1333.35,Cash on Delivery,0
T08901,C1647,P0160,2025-12-08 19:39:07,2,56.05,112.1,Cash on Delivery,0
T08902,C0883,P0020,2025-12-16 04:48:47,3,107.93,323.79,Mobile Money,0
T08903,C1355,P0146,2026-06-01 08:18:32,2,196.12,392.24,Mobile Money,0
T08904,C0588,P0036,2025-07-20 20:11:08,2,140.99,281.98,Mobile Money,0
T08905,C1759,P0061,2026-04-16 19:29:27,4,76.72,306.88,Mobile Money,0
T08906,C1533,P0117,2025-10-12 00:42:34,4,155.12,620.48,Mobile Money,0
T08907,C0450,P0172,2026-04-18 21:59:15,4,75.78,303.12,Cash on Delivery,0
T08908,C0090,P0044,2025-12-25 18:53:12,1,105.52,105.52,Cash on Delivery,0
T08909,C1444,P0029,2026-05-11 04:28:24,4,387.26,1549.04,Cash on Delivery,0
T08910,C1888,P0136,2026-03-01 05:32:37,1,248.35,248.35,Mobile Money,0
T08911,C1195,P0175,2026-04-04 08:51:42,2,446.49,892.98,Cash on Delivery,1
T08912,C0504,P0138,2025-07-18 07:51:24,2,309.85,619.7,Mobile Money,0
T08913,C0956,P0134,2025-11-30 01:59:56,4,25.16,100.64,Cash on Delivery,0
T08914,C0100,P0026,2026-03-21 13:09:29,1,295.44,295.44,Cash on Delivery,0
T08915,C1898,P0186,2026-03-19 17:14:59,1,241.47,241.47,Cash on Delivery,1
T08916,C0906,P0030,2026-05-24 09:16:41,1,11.97,11.97,Card,0
T08917,C0998,P0095,2025-08-26 11:53:50,3,17.04,51.12,Cash on Delivery,0
T08918,C1211,P0191,2025-10-13 12:06:34,3,484.8,1454.4,Mobile Money,0
T08919,C1915,P0140,2025-11-06 12:55:24,4,254.05,1016.2,Mobile Money,1
T08920,C1980,P0113,2025-06-30 14:38:48,1,291.54,291.54,Cash on Delivery,0
T08921,C1403,P0200,2025-08-18 06:15:42,4,270.37,1081.48,Card,1
T08922,C0501,P0080,2025-11-09 00:41:12,3,444.45,1333.35,Cash on Delivery,1
T08923,C1568,P0003,2025-06-26 06:04:02,1,82.22,82.22,Card,0
T08924,C1079,P0021,2025-08-28 19:38:42,1,484.94,484.94,Cash on Delivery,0
T08925,C1904,P0018,2025-06-24 04:31:24,1,90.82,90.82,Cash on Delivery,0
T08926,C0331,P0121,2025-09-07 14:43:09,2,351.26,702.52,Cash on Delivery,0
T08927,C1288,P0061,2025-10-01 12:13:05,2,76.72,153.44,Card,0
T08928,C0450,P0012,2025-09-26 04:48:40,3,491.7,1475.1,Cash on Delivery,0
T08929,C1663,P0041,2025-09-10 19:16:35,2,20.56,41.12,Mobile Money,0
T08930,C0719,P0137,2025-12-05 09:58:11,2,235.01,470.02,Mobile Money,0
T08931,C1421,P0139,2025-06-28 23:44:18,1,134.14,134.14,Mobile Money,0
T08932,C1625,P0184,2025-06-29 20:46:24,4,63.18,252.72,Mobile Money,0
T08933,C1600,P0064,2025-07-17 19:30:49,1,402.55,402.55,Cash on Delivery,1
T08934,C0805,P0070,2025-10-16 01:25:19,3,52.61,157.83,Mobile Money,0
T08935,C0882,P0161,2025-10-31 05:33:51,1,250.8,250.8,Card,0
T08936,C1976,P0023,2026-06-06 23:53:18,4,461.33,1845.32,Mobile Money,0
T08937,C1809,P0191,2025-06-25 18:35:29,4,484.8,1939.2,Mobile Money,0
T08938,C0759,P0095,2025-07-15 16:17:09,2,17.04,34.08,Card,0
T08939,C0574,P0185,2025-09-02 22:48:18,3,342.11,1026.33,Cash on Delivery,0
T08940,C0936,P0011,2026-03-10 14:39:01,3,393.66,1180.98,Mobile Money,0
T08941,C1336,P0168,2026-05-25 02:32:50,1,396.83,396.83,Mobile Money,0
T08942,C1507,P0053,2025-07-13 01:13:45,1,347.76,347.76,Mobile Money,0
T08943,C0426,P0028,2025-12-21 04:19:18,2,86.81,173.62,Card,0
T08944,C0786,P0115,2026-02-04 09:26:09,2,491.01,982.02,Cash on Delivery,1
T08945,C1635,P0023,2025-07-24 10:45:05,2,461.33,922.66,Card,0
T08946,C0622,P0029,2025-08-17 05:36:53,4,387.26,1549.04,Mobile Money,1
T08947,C0046,P0106,2025-07-08 11:49:36,4,164.66,658.64,Mobile Money,0
T08948,C1168,P0001,2025-12-28 19:25:09,3,190.4,571.2,Mobile Money,0
T08949,C1766,P0025,2025-10-07 23:35:37,2,197.4,394.8,Mobile Money,0
T08950,C0211,P0082,2026-03-03 08:56:17,4,292.44,1169.76,Card,0
T08951,C0347,P0144,2025-09-24 18:17:18,1,197.14,197.14,Card,0
T08952,C1186,P0198,2025-10-02 17:22:56,1,118.55,118.55,Cash on Delivery,0
T08953,C1451,P0053,2026-04-06 07:39:28,3,347.76,1043.28,Mobile Money,0
T08954,C1515,P0044,2025-10-07 16:45:39,4,105.52,422.08,Card,0
T08955,C0787,P0023,2025-08-30 18:35:23,4,461.33,1845.32,Cash on Delivery,0
T08956,C1170,P0200,2025-07-23 23:28:32,1,270.37,270.37,Cash on Delivery,0
T08957,C0522,P0069,2025-12-07 02:56:45,4,258.49,1033.96,Cash on Delivery,0
T08958,C1617,P0111,2025-08-17 23:28:53,1,40.12,40.12,Mobile Money,0
T08959,C1668,P0096,2026-05-15 23:41:44,3,497.3,1491.9,Cash on Delivery,0
T08960,C0524,P0128,2025-07-25 15:13:26,3,276.87,830.61,Mobile Money,0
T08961,C1568,P0146,2026-03-20 10:49:15,4,196.12,784.48,Mobile Money,0
T08962,C0959,P0049,2025-11-20 14:27:12,4,181.37,725.48,Mobile Money,0
T08963,C1987,P0187,2025-10-21 07:54:38,3,115.68,347.04,Card,0
T08964,C1330,P0099,2026-05-17 10:02:17,3,483.49,1450.47,Card,0
T08965,C1178,P0199,2025-06-19 15:33:28,2,487.33,974.66,Card,1
T08966,C0575,P0151,2025-12-18 01:57:21,4,173.61,694.44,Cash on Delivery,0
T08967,C0834,P0194,2025-11-27 10:28:07,3,369.86,1109.58,Card,0
T08968,C0399,P0103,2025-08-24 20:49:23,2,349.53,699.06,Mobile Money,1
T08969,C0602,P0016,2026-03-18 22:23:42,4,119.29,477.16,Mobile Money,0
T08970,C1621,P0072,2025-12-19 21:10:30,4,339.47,1357.88,Mobile Money,0
T08971,C1496,P0039,2025-09-10 08:41:01,3,249.43,748.29,Mobile Money,1
T08972,C0919,P0036,2026-02-18 21:03:15,2,140.99,281.98,Card,0
T08973,C1522,P0077,2026-05-09 00:59:01,1,450.71,450.71,Card,1
T08974,C1772,P0170,2026-04-23 17:58:05,3,277.02,831.06,Cash on Delivery,1
T08975,C1645,P0044,2025-11-06 04:33:25,2,105.52,211.04,Mobile Money,0
T08976,C0304,P0129,2026-01-28 10:41:11,3,467.63,1402.89,Cash on Delivery,0
T08977,C0912,P0112,2026-03-28 01:38:28,1,445.55,445.55,Mobile Money,1
T08978,C1963,P0048,2026-01-06 21:42:49,2,446.82,893.64,Cash on Delivery,0
T08979,C1090,P0051,2025-12-03 16:10:52,3,179.52,538.56,Mobile Money,1
T08980,C1801,P0031,2025-09-22 01:31:24,3,365.86,1097.58,Cash on Delivery,0
T08981,C1038,P0041,2025-12-30 11:09:49,3,20.56,61.68,Cash on Delivery,1
T08982,C1880,P0058,2026-01-26 18:05:26,2,498.88,997.76,Mobile Money,0
T08983,C0610,P0097,2026-01-29 12:11:18,4,457.86,1831.44,Card,1
T08984,C0388,P0192,2025-10-22 06:46:51,4,112.32,449.28,Mobile Money,0
T08985,C0759,P0162,2026-04-13 11:41:26,4,448.28,1793.12,Mobile Money,1
T08986,C1366,P0070,2026-06-06 09:38:25,2,52.61,105.22,Card,0
T08987,C1797,P0004,2025-10-28 18:15:35,2,170.19,340.38,Mobile Money,0
T08988,C1443,P0075,2026-03-26 18:10:58,1,279.82,279.82,Cash on Delivery,0
T08989,C0386,P0117,2026-03-03 10:07:37,3,155.12,465.36,Card,1
T08990,C0630,P0182,2026-01-17 17:33:48,3,248.85,746.55,Card,0
T08991,C0360,P0200,2025-08-11 10:20:30,2,270.37,540.74,Cash on Delivery,0
T08992,C1271,P0176,2026-04-22 22:22:11,1,46.99,46.99,Mobile Money,1
T08993,C0253,P0049,2026-01-01 10:22:17,2,181.37,362.74,Cash on Delivery,0
T08994,C0632,P0078,2025-12-18 13:57:26,1,143.04,143.04,Cash on Delivery,0
T08995,C1462,P0161,2026-03-31 23:34:40,3,250.8,752.4,Cash on Delivery,0
T08996,C0197,P0056,2025-09-21 17:24:06,3,486.03,1458.09,Card,1
T08997,C0596,P0004,2025-12-04 12:58:51,2,170.19,340.38,Card,0
T08998,C0534,P0192,2026-05-17 19:39:08,3,112.32,336.96,Mobile Money,0
T08999,C1099,P0024,2026-02-24 04:45:06,3,262.81,788.43,Mobile Money,0
T09000,C0923,P0110,2025-06-20 19:32:57,2,253.25,506.5,Cash on Delivery,1
T09001,C1482,P0138,2025-07-10 19:34:22,3,309.85,929.55,Card,0
T09002,C0037,P0110,2026-03-13 12:48:42,2,253.25,506.5,Card,0
T09003,C1587,P0054,2025-09-04 17:44:19,1,471.74,471.74,Cash on Delivery,1
T09004,C1664,P0060,2026-02-24 23:22:23,4,175.81,703.24,Mobile Money,1
T09005,C0305,P0051,2025-10-31 04:40:21,2,179.52,359.04,Mobile Money,0
T09006,C1776,P0179,2026-04-06 06:10:49,4,178.36,713.44,Card,1
T09007,C1689,P0164,2025-08-04 18:41:05,4,163.06,652.24,Cash on Delivery,0
T09008,C1468,P0164,2025-10-28 00:28:58,1,163.06,163.06,Card,0
T09009,C1993,P0007,2026-03-25 08:43:13,1,95.79,95.79,Cash on Delivery,0
T09010,C1060,P0123,2026-01-15 04:30:23,4,25.33,101.32,Card,0
T09011,C0739,P0073,2026-03-08 03:47:55,2,462.72,925.44,Card,0
T09012,C0797,P0047,2025-09-10 17:17:19,3,230.98,692.94,Card,0
T09013,C0747,P0005,2025-07-24 22:23:53,1,15.19,15.19,Mobile Money,0
T09014,C0831,P0115,2026-06-07 07:57:50,1,491.01,491.01,Card,0
T09015,C1553,P0093,2025-07-15 06:55:02,4,290.57,1162.28,Card,0
T09016,C1393,P0127,2026-05-16 02:26:07,3,458.03,1374.09,Mobile Money,0
T09017,C1908,P0037,2025-08-02 10:31:46,4,64.2,256.8,Mobile Money,0
T09018,C0649,P0125,2026-05-28 10:05:40,3,96.25,288.75,Card,0
T09019,C0565,P0038,2026-06-06 23:34:24,3,362.26,1086.78,Mobile Money,0
T09020,C0821,P0141,2025-06-20 02:59:19,2,343.56,687.12,Card,0
T09021,C1911,P0119,2026-04-30 10:18:36,4,482.8,1931.2,Card,0
T09022,C1350,P0049,2025-08-19 11:12:38,2,181.37,362.74,Mobile Money,0
T09023,C0781,P0163,2025-12-21 05:35:41,4,479.48,1917.92,Mobile Money,0
T09024,C0087,P0121,2026-01-20 18:51:36,3,351.26,1053.78,Cash on Delivery,0
T09025,C1886,P0130,2026-05-26 01:53:11,4,370.26,1481.04,Cash on Delivery,0
T09026,C1837,P0019,2026-04-01 03:58:53,4,332.95,1331.8,Card,1
T09027,C1969,P0174,2026-02-05 02:25:51,3,351.98,1055.94,Cash on Delivery,0
T09028,C1834,P0079,2025-06-27 19:19:45,1,449.07,449.07,Mobile Money,1
T09029,C0425,P0161,2025-09-22 10:37:02,4,250.8,1003.2,Cash on Delivery,0
T09030,C1878,P0119,2025-10-22 00:59:02,1,482.8,482.8,Cash on Delivery,0
T09031,C1811,P0111,2026-05-13 12:25:13,3,40.12,120.36,Mobile Money,0
T09032,C1319,P0039,2026-02-13 06:39:36,3,249.43,748.29,Mobile Money,0
T09033,C0987,P0098,2025-12-17 23:57:23,2,476.77,953.54,Card,0
T09034,C1092,P0172,2025-07-10 11:55:23,1,75.78,75.78,Mobile Money,0
T09035,C0560,P0191,2026-05-09 20:35:19,3,484.8,1454.4,Card,1
T09036,C0674,P0003,2026-05-17 01:41:11,1,82.22,82.22,Cash on Delivery,0
T09037,C1853,P0113,2026-04-08 22:00:56,1,291.54,291.54,Cash on Delivery,1
T09038,C0381,P0148,2026-04-19 14:41:19,4,54.89,219.56,Card,0
T09039,C0238,P0012,2025-08-26 16:05:36,3,491.7,1475.1,Mobile Money,1
T09040,C1761,P0028,2025-08-07 06:38:10,4,86.81,347.24,Cash on Delivery,0
T09041,C0082,P0075,2025-10-09 14:24:09,3,279.82,839.46,Mobile Money,0
T09042,C1233,P0083,2026-01-11 05:38:20,2,333.43,666.86,Card,0
T09043,C1791,P0147,2026-01-30 09:43:10,2,107.31,214.62,Mobile Money,0
T09044,C1783,P0188,2025-10-04 06:36:26,1,489.06,489.06,Cash on Delivery,0
T09045,C1881,P0067,2026-05-16 20:18:35,2,97.33,194.66,Card,0
T09046,C1191,P0169,2025-06-29 17:57:33,3,465.81,1397.43,Card,0
T09047,C0436,P0078,2026-03-03 07:32:32,1,143.04,143.04,Cash on Delivery,0
T09048,C1632,P0175,2025-07-30 12:46:48,4,446.49,1785.96,Cash on Delivery,1
T09049,C1095,P0180,2025-11-24 10:56:03,3,389.69,1169.07,Card,0
T09050,C1465,P0190,2025-07-16 12:12:24,1,459.96,459.96,Card,1
T09051,C0787,P0132,2026-02-23 22:36:14,3,181.21,543.63,Cash on Delivery,0
T09052,C0283,P0102,2025-06-08 13:18:50,4,189.48,757.92,Card,0
T09053,C1957,P0029,2025-08-04 17:19:48,2,387.26,774.52,Card,0
T09054,C0687,P0189,2025-09-26 10:02:29,4,446.12,1784.48,Mobile Money,1
T09055,C1350,P0089,2026-03-21 02:36:00,4,51.37,205.48,Card,0
T09056,C1423,P0100,2026-05-27 20:35:46,1,42.3,42.3,Cash on Delivery,0
T09057,C0376,P0018,2026-03-05 08:43:42,2,90.82,181.64,Card,0
T09058,C1174,P0089,2025-06-28 12:44:13,4,51.37,205.48,Cash on Delivery,0
T09059,C1980,P0104,2025-08-15 07:25:14,4,108.41,433.64,Mobile Money,0
T09060,C0221,P0111,2026-01-20 14:20:59,1,40.12,40.12,Card,0
T09061,C1088,P0194,2025-10-18 18:01:44,2,369.86,739.72,Cash on Delivery,1
T09062,C0030,P0058,2025-07-07 10:54:39,3,498.88,1496.64,Mobile Money,0
T09063,C1113,P0019,2026-03-16 22:11:00,2,332.95,665.9,Card,1
T09064,C1151,P0174,2026-03-31 10:36:00,3,351.98,1055.94,Card,0
T09065,C1643,P0186,2025-08-04 05:32:45,4,241.47,965.88,Mobile Money,1
T09066,C0051,P0085,2025-09-13 18:48:27,2,327.72,655.44,Cash on Delivery,0
T09067,C0648,P0142,2025-10-25 20:02:15,2,323.0,646.0,Cash on Delivery,0
T09068,C0530,P0002,2025-11-23 17:38:40,2,390.95,781.9,Card,0
T09069,C1764,P0185,2026-02-20 02:21:15,2,342.11,684.22,Cash on Delivery,0
T09070,C0194,P0092,2026-01-28 14:39:02,3,220.03,660.09,Card,0
T09071,C0722,P0056,2026-02-05 01:17:37,4,486.03,1944.12,Mobile Money,0
T09072,C0476,P0043,2026-05-17 12:39:33,1,128.4,128.4,Card,1
T09073,C0264,P0072,2025-11-20 04:24:03,1,339.47,339.47,Cash on Delivery,0
T09074,C1543,P0005,2025-11-25 19:52:09,1,15.19,15.19,Card,0
T09075,C0549,P0021,2026-01-19 21:49:51,1,484.94,484.94,Card,0
T09076,C1021,P0173,2026-03-09 16:15:24,4,434.1,1736.4,Card,0
T09077,C0206,P0176,2025-09-05 01:21:49,2,46.99,93.98,Cash on Delivery,0
T09078,C0179,P0101,2025-07-04 07:40:43,3,426.31,1278.93,Mobile Money,1
T09079,C0342,P0132,2025-07-22 05:31:36,4,181.21,724.84,Mobile Money,1
T09080,C0290,P0184,2026-05-18 21:16:17,3,63.18,189.54,Mobile Money,0
T09081,C0649,P0045,2025-08-07 21:56:43,4,148.43,593.72,Mobile Money,0
T09082,C0415,P0016,2025-07-07 11:46:26,3,119.29,357.87,Cash on Delivery,0
T09083,C1285,P0141,2025-07-14 23:19:18,4,343.56,1374.24,Card,0
T09084,C1967,P0123,2026-05-08 15:17:45,3,25.33,75.99,Cash on Delivery,0
T09085,C0660,P0167,2025-07-20 08:11:41,2,279.08,558.16,Card,0
T09086,C0414,P0130,2026-03-28 12:46:08,4,370.26,1481.04,Mobile Money,0
T09087,C1578,P0010,2025-11-14 17:13:55,4,487.01,1948.04,Cash on Delivery,0
T09088,C0181,P0181,2025-11-17 10:05:17,1,128.12,128.12,Mobile Money,1
T09089,C0944,P0040,2025-12-04 23:27:00,4,59.89,239.56,Cash on Delivery,0
T09090,C1233,P0125,2026-04-01 06:53:15,1,96.25,96.25,Cash on Delivery,0
T09091,C1009,P0166,2026-05-20 17:49:58,2,226.98,453.96,Cash on Delivery,1
T09092,C0351,P0044,2026-05-20 19:57:06,3,105.52,316.56,Mobile Money,0
T09093,C0124,P0061,2025-10-03 01:22:58,3,76.72,230.16,Mobile Money,0
T09094,C1791,P0030,2025-12-09 11:52:19,4,11.97,47.88,Mobile Money,1
T09095,C0139,P0113,2026-03-13 03:39:47,2,291.54,583.08,Card,0
T09096,C1386,P0123,2026-02-17 23:40:32,2,25.33,50.66,Card,0
T09097,C1743,P0157,2026-03-01 06:56:03,4,128.76,515.04,Card,0
T09098,C1904,P0093,2026-02-26 14:27:18,2,290.57,581.14,Mobile Money,0
T09099,C1646,P0051,2025-12-09 11:55:00,4,179.52,718.08,Mobile Money,0
T09100,C0457,P0038,2025-12-30 05:53:00,2,362.26,724.52,Mobile Money,0
T09101,C1882,P0022,2025-08-10 00:13:11,1,200.6,200.6,Cash on Delivery,1
T09102,C0647,P0182,2026-05-10 09:38:04,4,248.85,995.4,Mobile Money,0
T09103,C1192,P0110,2025-10-01 14:53:50,4,253.25,1013.0,Cash on Delivery,1
T09104,C0024,P0107,2026-03-24 19:27:01,4,352.73,1410.92,Card,0
T09105,C0935,P0041,2025-08-17 07:09:42,3,20.56,61.68,Card,1
T09106,C0997,P0102,2026-02-03 08:11:40,2,189.48,378.96,Cash on Delivery,1
T09107,C0222,P0171,2025-10-10 21:57:44,1,275.23,275.23,Cash on Delivery,0
T09108,C0862,P0187,2026-01-22 07:25:21,1,115.68,115.68,Mobile Money,0
T09109,C0713,P0120,2026-05-14 06:39:55,1,30.58,30.58,Cash on Delivery,0
T09110,C1640,P0152,2025-12-27 02:12:34,2,63.49,126.98,Card,0
T09111,C1846,P0043,2025-06-15 08:00:45,3,128.4,385.2,Card,0
T09112,C0410,P0079,2025-07-30 06:12:49,2,449.07,898.14,Mobile Money,0
T09113,C1758,P0054,2026-04-09 10:31:04,1,471.74,471.74,Mobile Money,0
T09114,C0975,P0075,2026-04-06 02:17:44,1,279.82,279.82,Card,1
T09115,C0554,P0172,2025-12-09 13:02:30,1,75.78,75.78,Cash on Delivery,0
T09116,C0081,P0157,2025-11-29 02:08:12,3,128.76,386.28,Cash on Delivery,1
T09117,C0744,P0058,2025-07-03 17:15:42,2,498.88,997.76,Cash on Delivery,0
T09118,C0511,P0191,2025-08-01 08:32:48,1,484.8,484.8,Cash on Delivery,0
T09119,C1126,P0107,2025-09-28 05:06:25,3,352.73,1058.19,Mobile Money,0
T09120,C0194,P0054,2026-02-05 01:51:49,2,471.74,943.48,Cash on Delivery,1
T09121,C0486,P0065,2026-02-09 23:34:25,4,318.6,1274.4,Cash on Delivery,0
T09122,C1721,P0058,2025-08-10 01:11:00,2,498.88,997.76,Card,0
T09123,C0630,P0037,2025-10-19 15:03:56,3,64.2,192.6,Mobile Money,0
T09124,C1093,P0182,2025-07-07 01:03:31,1,248.85,248.85,Mobile Money,0
T09125,C0094,P0152,2026-02-18 09:43:09,3,63.49,190.47,Card,1
T09126,C1455,P0179,2025-12-22 00:11:01,3,178.36,535.08,Card,0
T09127,C0030,P0174,2025-08-08 15:27:05,1,351.98,351.98,Card,0
T09128,C0660,P0113,2026-01-12 18:23:07,3,291.54,874.62,Cash on Delivery,0
T09129,C0824,P0057,2026-01-17 10:18:23,1,251.14,251.14,Card,0
T09130,C0777,P0056,2026-04-02 13:32:01,1,486.03,486.03,Mobile Money,1
T09131,C0933,P0022,2025-12-19 13:05:23,1,200.6,200.6,Mobile Money,0
T09132,C1678,P0124,2025-11-07 12:38:57,4,222.29,889.16,Card,1
T09133,C1209,P0158,2026-03-05 04:28:23,3,465.72,1397.16,Cash on Delivery,0
T09134,C1955,P0133,2026-03-09 21:54:10,4,174.23,696.92,Card,1
T09135,C1450,P0169,2026-01-11 01:42:30,3,465.81,1397.43,Card,0
T09136,C1518,P0125,2025-06-27 15:41:17,1,96.25,96.25,Mobile Money,0
T09137,C1790,P0193,2026-03-04 12:54:03,2,315.64,631.28,Cash on Delivery,0
T09138,C0916,P0171,2025-10-30 23:57:21,4,275.23,1100.92,Cash on Delivery,1
T09139,C0226,P0098,2025-10-13 05:33:46,3,476.77,1430.31,Mobile Money,0
T09140,C1688,P0191,2025-07-27 09:54:30,3,484.8,1454.4,Cash on Delivery,0
T09141,C1321,P0200,2025-10-10 12:23:36,3,270.37,811.11,Cash on Delivery,1
T09142,C1402,P0122,2025-11-10 03:21:11,4,488.05,1952.2,Mobile Money,0
T09143,C1798,P0080,2025-08-19 17:11:41,2,444.45,888.9,Card,1
T09144,C1268,P0020,2026-03-22 09:21:08,4,107.93,431.72,Cash on Delivery,0
T09145,C0736,P0136,2026-04-28 05:09:42,4,248.35,993.4,Mobile Money,0
T09146,C0220,P0097,2025-08-13 15:13:15,2,457.86,915.72,Cash on Delivery,0
T09147,C0014,P0008,2026-02-23 13:53:50,2,8.5,17.0,Mobile Money,0
T09148,C1046,P0131,2026-01-12 16:54:47,2,366.37,732.74,Mobile Money,0
T09149,C1000,P0085,2025-12-09 11:31:09,2,327.72,655.44,Card,1
T09150,C1202,P0199,2025-12-27 22:40:04,2,487.33,974.66,Card,1
T09151,C0792,P0044,2026-03-26 07:56:38,4,105.52,422.08,Mobile Money,0
T09152,C1075,P0027,2025-07-04 00:26:50,1,273.63,273.63,Cash on Delivery,0
T09153,C0581,P0156,2025-07-12 15:35:18,3,495.3,1485.9,Mobile Money,0
T09154,C0687,P0025,2026-02-04 03:42:18,4,197.4,789.6,Cash on Delivery,0
T09155,C1912,P0119,2026-04-14 20:55:09,1,482.8,482.8,Cash on Delivery,0
T09156,C1589,P0013,2025-12-30 01:59:44,1,305.73,305.73,Cash on Delivery,0
T09157,C1218,P0037,2026-04-26 00:51:45,3,64.2,192.6,Card,0
T09158,C0078,P0115,2026-03-21 16:47:33,4,491.01,1964.04,Mobile Money,0
T09159,C1414,P0189,2026-02-08 13:54:13,3,446.12,1338.36,Cash on Delivery,0
T09160,C1326,P0025,2025-10-27 01:27:50,3,197.4,592.2,Cash on Delivery,1
T09161,C1744,P0159,2026-04-22 16:26:35,2,341.52,683.04,Mobile Money,1
T09162,C1118,P0191,2025-06-24 06:31:14,3,484.8,1454.4,Cash on Delivery,0
T09163,C0336,P0068,2025-12-14 00:04:06,3,166.35,499.05,Mobile Money,0
T09164,C0341,P0164,2025-10-06 15:03:35,3,163.06,489.18,Cash on Delivery,0
T09165,C0072,P0066,2025-10-24 20:08:31,3,400.18,1200.54,Cash on Delivery,0
T09166,C0898,P0042,2025-09-30 17:57:16,3,283.82,851.46,Mobile Money,1
T09167,C0021,P0070,2026-01-28 23:03:03,4,52.61,210.44,Cash on Delivery,0
T09168,C1596,P0001,2025-11-07 13:49:11,2,190.4,380.8,Card,1
T09169,C1422,P0076,2026-04-08 12:31:45,3,498.15,1494.45,Card,1
T09170,C0017,P0088,2025-09-13 02:53:18,2,361.87,723.74,Card,0
T09171,C1234,P0073,2026-02-08 12:47:12,3,462.72,1388.16,Cash on Delivery,0
T09172,C1589,P0056,2026-05-18 18:58:24,3,486.03,1458.09,Card,0
T09173,C0453,P0128,2025-11-11 01:48:24,2,276.87,553.74,Mobile Money,0
T09174,C0310,P0048,2026-05-11 12:10:06,1,446.82,446.82,Card,0
T09175,C0760,P0163,2025-08-07 14:58:21,4,479.48,1917.92,Cash on Delivery,1
T09176,C0041,P0174,2025-11-25 01:29:20,1,351.98,351.98,Mobile Money,0
T09177,C0212,P0073,2025-11-29 06:00:11,4,462.72,1850.88,Cash on Delivery,0
T09178,C1675,P0077,2026-01-30 10:33:21,4,450.71,1802.84,Cash on Delivery,0
T09179,C0304,P0190,2025-10-13 21:38:25,2,459.96,919.92,Mobile Money,0
T09180,C1725,P0043,2026-03-04 04:09:47,3,128.4,385.2,Cash on Delivery,0
T09181,C0616,P0042,2025-09-01 12:14:15,2,283.82,567.64,Cash on Delivery,0
T09182,C0808,P0011,2025-07-09 00:22:59,1,393.66,393.66,Cash on Delivery,0
T09183,C1130,P0025,2025-09-08 05:34:36,4,197.4,789.6,Mobile Money,0
T09184,C0108,P0119,2026-06-01 23:22:01,3,482.8,1448.4,Cash on Delivery,0
T09185,C0881,P0074,2025-12-02 11:36:49,4,118.13,472.52,Mobile Money,0
T09186,C0603,P0131,2026-05-19 01:51:18,3,366.37,1099.11,Cash on Delivery,0
T09187,C0759,P0163,2025-12-06 11:57:02,1,479.48,479.48,Cash on Delivery,0
T09188,C0469,P0168,2025-09-16 03:03:45,3,396.83,1190.49,Cash on Delivery,0
T09189,C0531,P0022,2025-07-25 21:27:15,2,200.6,401.2,Mobile Money,0
T09190,C1779,P0014,2025-11-25 07:27:38,1,11.57,11.57,Card,0
T09191,C1214,P0109,2025-09-02 01:30:20,2,434.2,868.4,Mobile Money,0
T09192,C0236,P0043,2025-06-15 00:01:21,3,128.4,385.2,Card,0
T09193,C0193,P0168,2026-04-06 00:10:07,4,396.83,1587.32,Mobile Money,0
T09194,C1363,P0162,2025-11-11 00:41:57,4,448.28,1793.12,Cash on Delivery,0
T09195,C1159,P0023,2025-09-25 14:29:17,3,461.33,1383.99,Cash on Delivery,0
T09196,C0392,P0193,2026-03-10 11:14:00,2,315.64,631.28,Cash on Delivery,1
T09197,C0093,P0089,2025-06-14 19:14:54,2,51.37,102.74,Mobile Money,0
T09198,C1359,P0093,2026-05-29 05:31:06,1,290.57,290.57,Cash on Delivery,0
T09199,C1188,P0143,2026-05-04 22:56:16,4,320.02,1280.08,Mobile Money,0
T09200,C0992,P0106,2025-08-13 05:03:11,4,164.66,658.64,Cash on Delivery,0
T09201,C1557,P0046,2025-09-16 09:59:26,1,314.06,314.06,Cash on Delivery,0
T09202,C1318,P0177,2025-11-11 11:45:41,3,432.25,1296.75,Cash on Delivery,0
T09203,C1876,P0009,2026-01-09 03:30:13,4,307.87,1231.48,Cash on Delivery,0
T09204,C1854,P0008,2026-03-23 05:34:46,2,8.5,17.0,Mobile Money,0
T09205,C1581,P0163,2025-11-01 01:16:26,3,479.48,1438.44,Mobile Money,0
T09206,C1077,P0149,2025-08-07 07:09:32,1,311.04,311.04,Cash on Delivery,0
T09207,C0683,P0182,2026-04-15 12:57:51,2,248.85,497.7,Cash on Delivery,1
T09208,C0044,P0006,2025-12-15 23:13:29,3,469.58,1408.74,Mobile Money,0
T09209,C1540,P0091,2026-02-25 00:31:19,4,199.58,798.32,Mobile Money,0
T09210,C0092,P0121,2025-06-28 23:33:24,3,351.26,1053.78,Card,0
T09211,C0337,P0186,2025-08-24 13:01:34,2,241.47,482.94,Cash on Delivery,0
T09212,C1844,P0038,2025-06-18 14:42:34,4,362.26,1449.04,Mobile Money,0
T09213,C0967,P0157,2025-10-06 13:50:40,4,128.76,515.04,Card,0
T09214,C0224,P0008,2026-04-24 08:56:43,1,8.5,8.5,Cash on Delivery,0
T09215,C0115,P0163,2025-11-20 04:05:14,2,479.48,958.96,Mobile Money,0
T09216,C1808,P0123,2025-12-23 12:47:34,3,25.33,75.99,Cash on Delivery,0
T09217,C1254,P0018,2025-11-24 06:56:08,3,90.82,272.46,Mobile Money,1
T09218,C1733,P0034,2025-07-09 18:27:21,4,52.23,208.92,Cash on Delivery,0
T09219,C0449,P0127,2026-04-05 11:28:52,2,458.03,916.06,Card,0
T09220,C1070,P0061,2025-09-30 13:11:05,2,76.72,153.44,Card,1
T09221,C0240,P0149,2025-11-05 17:04:36,1,311.04,311.04,Card,0
T09222,C0585,P0123,2025-11-23 16:34:57,2,25.33,50.66,Cash on Delivery,1
T09223,C1980,P0086,2026-04-14 16:10:34,1,13.95,13.95,Card,0
T09224,C1776,P0164,2025-09-23 12:03:52,2,163.06,326.12,Card,0
T09225,C1435,P0167,2025-06-11 02:55:23,1,279.08,279.08,Card,0
T09226,C1688,P0069,2025-07-19 14:53:11,1,258.49,258.49,Card,0
T09227,C0097,P0191,2025-06-28 07:55:37,3,484.8,1454.4,Cash on Delivery,0
T09228,C1210,P0123,2026-05-21 17:08:23,2,25.33,50.66,Cash on Delivery,0
T09229,C0631,P0168,2025-11-07 00:18:00,4,396.83,1587.32,Card,0
T09230,C0288,P0196,2025-06-26 12:19:03,3,57.84,173.52,Card,0
T09231,C0162,P0113,2025-07-25 15:44:27,1,291.54,291.54,Cash on Delivery,0
T09232,C0571,P0085,2026-03-07 04:31:44,3,327.72,983.16,Cash on Delivery,0
T09233,C1442,P0026,2026-05-14 01:39:28,2,295.44,590.88,Mobile Money,1
T09234,C1791,P0121,2026-05-10 10:56:22,1,351.26,351.26,Card,0
T09235,C1214,P0055,2025-12-03 23:45:21,4,281.26,1125.04,Mobile Money,0
T09236,C1513,P0150,2026-05-11 08:49:14,1,162.89,162.89,Cash on Delivery,0
T09237,C1941,P0056,2025-08-23 23:29:00,4,486.03,1944.12,Cash on Delivery,1
T09238,C1118,P0098,2026-02-25 15:36:12,1,476.77,476.77,Mobile Money,0
T09239,C1435,P0134,2025-09-18 20:34:38,3,25.16,75.48,Cash on Delivery,0
T09240,C0742,P0126,2026-05-11 07:16:00,1,349.51,349.51,Card,1
T09241,C0586,P0168,2025-08-26 17:09:29,2,396.83,793.66,Card,0
T09242,C1231,P0052,2025-12-11 17:29:36,2,257.82,515.64,Card,0
T09243,C0880,P0040,2025-06-16 09:18:45,3,59.89,179.67,Card,0
T09244,C0911,P0186,2026-02-27 23:35:16,3,241.47,724.41,Cash on Delivery,0
T09245,C1419,P0173,2025-07-11 05:14:15,3,434.1,1302.3,Card,0
T09246,C0719,P0167,2025-08-09 09:08:15,3,279.08,837.24,Card,0
T09247,C1991,P0148,2026-05-26 23:47:21,2,54.89,109.78,Cash on Delivery,0
T09248,C1398,P0056,2026-06-01 16:11:10,2,486.03,972.06,Mobile Money,1
T09249,C1767,P0132,2026-03-19 10:02:46,1,181.21,181.21,Mobile Money,0
T09250,C0483,P0153,2026-02-24 09:59:57,3,468.64,1405.92,Cash on Delivery,0
T09251,C0284,P0049,2025-09-11 04:26:47,3,181.37,544.11,Card,0
T09252,C0512,P0190,2025-10-15 20:44:46,4,459.96,1839.84,Mobile Money,0
T09253,C0715,P0087,2026-03-20 07:03:46,2,374.51,749.02,Mobile Money,0
T09254,C1875,P0174,2026-04-16 23:25:58,4,351.98,1407.92,Card,0
T09255,C1418,P0034,2025-11-20 01:53:35,3,52.23,156.69,Card,1
T09256,C1139,P0001,2025-07-30 19:11:21,2,190.4,380.8,Card,0
T09257,C0792,P0145,2026-05-13 07:15:51,3,406.55,1219.65,Card,1
T09258,C0360,P0178,2025-11-18 21:15:39,1,473.89,473.89,Mobile Money,0
T09259,C0765,P0029,2026-03-13 18:34:08,1,387.26,387.26,Mobile Money,0
T09260,C1366,P0072,2026-05-18 08:27:45,2,339.47,678.94,Cash on Delivery,0
T09261,C1165,P0104,2025-07-27 18:03:36,3,108.41,325.23,Mobile Money,0
T09262,C1246,P0192,2025-09-01 22:47:18,4,112.32,449.28,Card,0
T09263,C0743,P0133,2026-03-09 16:57:26,2,174.23,348.46,Cash on Delivery,0
T09264,C0358,P0137,2025-09-11 05:36:43,2,235.01,470.02,Mobile Money,0
T09265,C0587,P0138,2026-01-02 09:16:16,1,309.85,309.85,Cash on Delivery,1
T09266,C0273,P0040,2025-12-26 11:43:59,2,59.89,119.78,Card,0
T09267,C0829,P0164,2026-01-24 21:06:35,2,163.06,326.12,Cash on Delivery,0
T09268,C1969,P0111,2026-02-17 21:25:57,2,40.12,80.24,Cash on Delivery,1
T09269,C1735,P0197,2025-12-30 12:28:40,3,98.12,294.36,Mobile Money,0
T09270,C0938,P0024,2026-02-03 05:49:08,3,262.81,788.43,Mobile Money,0
T09271,C1483,P0147,2026-04-01 16:19:25,2,107.31,214.62,Cash on Delivery,0
T09272,C0107,P0067,2025-11-15 16:59:37,2,97.33,194.66,Cash on Delivery,0
T09273,C0879,P0166,2026-04-23 20:18:49,2,226.98,453.96,Card,0
T09274,C1035,P0150,2026-01-08 21:48:35,1,162.89,162.89,Mobile Money,0
T09275,C1277,P0072,2026-05-03 03:44:14,3,339.47,1018.41,Cash on Delivery,0
T09276,C1911,P0029,2025-06-29 19:50:35,3,387.26,1161.78,Cash on Delivery,0
T09277,C0733,P0008,2026-01-28 21:02:46,3,8.5,25.5,Card,0
T09278,C0584,P0080,2025-08-10 04:00:54,3,444.45,1333.35,Mobile Money,0
T09279,C1313,P0200,2026-02-18 18:43:04,1,270.37,270.37,Mobile Money,1
T09280,C0933,P0005,2025-11-15 21:34:45,2,15.19,30.38,Card,0
T09281,C0078,P0145,2026-04-24 19:29:20,2,406.55,813.1,Card,0
T09282,C1772,P0160,2025-12-01 11:15:15,2,56.05,112.1,Card,0
T09283,C0030,P0148,2026-03-25 14:59:53,2,54.89,109.78,Mobile Money,0
T09284,C1797,P0182,2025-10-14 18:14:20,1,248.85,248.85,Cash on Delivery,0
T09285,C1454,P0018,2025-11-01 20:58:30,3,90.82,272.46,Mobile Money,0
T09286,C0569,P0135,2025-09-19 02:41:42,1,91.79,91.79,Cash on Delivery,1
T09287,C0254,P0175,2025-08-01 04:43:32,1,446.49,446.49,Mobile Money,0
T09288,C0873,P0187,2025-09-08 16:06:35,4,115.68,462.72,Cash on Delivery,0
T09289,C0199,P0123,2026-04-29 18:09:39,3,25.33,75.99,Card,0
T09290,C1339,P0113,2026-01-11 19:46:38,3,291.54,874.62,Cash on Delivery,1
T09291,C1280,P0006,2025-07-08 04:11:32,2,469.58,939.16,Card,0
T09292,C1344,P0111,2025-06-16 00:36:07,1,40.12,40.12,Mobile Money,0
T09293,C0838,P0004,2025-11-23 22:32:47,1,170.19,170.19,Cash on Delivery,1
T09294,C1653,P0031,2025-07-26 09:13:07,1,365.86,365.86,Cash on Delivery,1
T09295,C0709,P0197,2025-09-11 00:08:23,3,98.12,294.36,Card,1
T09296,C1201,P0118,2025-07-09 00:06:11,1,263.51,263.51,Cash on Delivery,0
T09297,C0748,P0031,2026-02-21 08:15:19,4,365.86,1463.44,Mobile Money,0
T09298,C0243,P0199,2026-01-26 00:13:56,3,487.33,1461.99,Mobile Money,0
T09299,C0205,P0055,2025-09-13 19:03:00,1,281.26,281.26,Card,0
T09300,C0333,P0127,2025-07-12 05:15:51,3,458.03,1374.09,Cash on Delivery,0
T09301,C0161,P0091,2025-09-01 03:42:23,2,199.58,399.16,Mobile Money,0
T09302,C0205,P0006,2025-09-15 09:53:14,1,469.58,469.58,Mobile Money,1
T09303,C1701,P0020,2025-10-23 21:08:31,4,107.93,431.72,Card,0
T09304,C1873,P0045,2025-12-26 04:45:28,1,148.43,148.43,Card,0
T09305,C1170,P0059,2026-05-16 16:30:42,4,253.83,1015.32,Mobile Money,0
T09306,C1743,P0025,2026-04-20 02:09:34,3,197.4,592.2,Cash on Delivery,1
T09307,C0614,P0129,2025-09-10 18:25:36,1,467.63,467.63,Card,1
T09308,C1526,P0018,2026-05-11 08:51:25,1,90.82,90.82,Cash on Delivery,0
T09309,C0415,P0167,2026-04-09 01:16:13,2,279.08,558.16,Cash on Delivery,0
T09310,C1446,P0102,2026-04-08 19:12:28,3,189.48,568.44,Cash on Delivery,1
T09311,C1097,P0008,2026-01-08 16:36:13,2,8.5,17.0,Mobile Money,0
T09312,C1193,P0089,2026-05-23 07:49:48,3,51.37,154.11,Mobile Money,0
T09313,C0585,P0007,2025-07-13 15:54:43,4,95.79,383.16,Mobile Money,0
T09314,C1936,P0099,2026-01-29 03:08:04,4,483.49,1933.96,Mobile Money,0
T09315,C1567,P0130,2025-08-19 22:28:57,3,370.26,1110.78,Cash on Delivery,0
T09316,C1569,P0080,2026-03-28 16:23:47,3,444.45,1333.35,Mobile Money,0
T09317,C1846,P0145,2026-02-25 14:25:29,3,406.55,1219.65,Mobile Money,0
T09318,C0947,P0054,2026-05-02 12:00:58,4,471.74,1886.96,Mobile Money,1
T09319,C0438,P0180,2025-07-14 16:29:52,3,389.69,1169.07,Mobile Money,0
T09320,C1566,P0139,2025-09-02 22:12:46,2,134.14,268.28,Cash on Delivery,0
T09321,C1198,P0082,2025-11-02 21:17:21,1,292.44,292.44,Card,0
T09322,C0183,P0070,2026-06-03 19:14:52,2,52.61,105.22,Cash on Delivery,0
T09323,C0266,P0107,2025-11-06 23:21:53,2,352.73,705.46,Cash on Delivery,0
T09324,C0842,P0132,2025-09-26 08:57:22,1,181.21,181.21,Card,0
T09325,C1389,P0073,2025-09-10 12:48:07,2,462.72,925.44,Mobile Money,1
T09326,C0024,P0171,2025-07-09 20:57:40,2,275.23,550.46,Card,0
T09327,C0196,P0005,2025-12-13 11:33:05,3,15.19,45.57,Cash on Delivery,0
T09328,C1912,P0099,2026-05-07 06:00:55,2,483.49,966.98,Cash on Delivery,0
T09329,C1888,P0077,2025-10-25 03:20:14,1,450.71,450.71,Cash on Delivery,0
T09330,C0632,P0173,2026-04-10 20:23:52,3,434.1,1302.3,Mobile Money,0
T09331,C1401,P0065,2026-01-19 19:41:00,3,318.6,955.8,Cash on Delivery,0
T09332,C0177,P0090,2026-01-13 07:42:37,3,128.98,386.94,Mobile Money,0
T09333,C0032,P0115,2025-07-20 20:24:57,1,491.01,491.01,Mobile Money,0
T09334,C0727,P0112,2025-08-19 17:00:12,2,445.55,891.1,Mobile Money,1
T09335,C0791,P0186,2025-12-04 22:02:24,4,241.47,965.88,Mobile Money,0
T09336,C1015,P0030,2025-09-01 07:37:55,2,11.97,23.94,Card,0
T09337,C0158,P0071,2026-03-13 13:21:45,3,196.43,589.29,Cash on Delivery,0
T09338,C1952,P0037,2025-12-15 13:24:40,4,64.2,256.8,Card,0
T09339,C1504,P0070,2026-03-26 01:36:14,3,52.61,157.83,Mobile Money,0
T09340,C0571,P0068,2026-01-22 07:49:52,4,166.35,665.4,Mobile Money,0
T09341,C0511,P0118,2026-06-04 06:30:15,3,263.51,790.53,Card,0
T09342,C1911,P0112,2025-07-17 10:28:11,4,445.55,1782.2,Cash on Delivery,0
T09343,C1385,P0115,2025-11-06 06:10:16,3,491.01,1473.03,Card,0
T09344,C1798,P0180,2026-02-25 02:43:19,2,389.69,779.38,Cash on Delivery,0
T09345,C0669,P0014,2025-09-02 23:26:30,1,11.57,11.57,Cash on Delivery,1
T09346,C1042,P0106,2025-08-14 11:20:19,2,164.66,329.32,Mobile Money,0
T09347,C0313,P0004,2025-08-23 22:26:57,1,170.19,170.19,Card,0
T09348,C1126,P0119,2026-03-10 19:47:34,1,482.8,482.8,Mobile Money,0
T09349,C1204,P0025,2026-05-17 14:39:54,3,197.4,592.2,Cash on Delivery,0
T09350,C0350,P0162,2026-05-02 00:09:22,4,448.28,1793.12,Mobile Money,0
T09351,C1316,P0127,2025-07-29 15:51:53,4,458.03,1832.12,Card,0
T09352,C0328,P0156,2025-10-11 18:31:15,1,495.3,495.3,Mobile Money,0
T09353,C0847,P0053,2026-01-07 21:29:03,2,347.76,695.52,Cash on Delivery,0
T09354,C0300,P0098,2025-12-26 20:22:38,3,476.77,1430.31,Mobile Money,0
T09355,C0172,P0030,2025-07-03 17:28:12,2,11.97,23.94,Mobile Money,1
T09356,C0084,P0117,2026-03-06 21:49:20,3,155.12,465.36,Mobile Money,0
T09357,C1314,P0073,2026-03-31 03:39:31,4,462.72,1850.88,Mobile Money,0
T09358,C1278,P0127,2025-09-04 05:37:51,1,458.03,458.03,Cash on Delivery,0
T09359,C0519,P0152,2026-05-11 17:24:08,4,63.49,253.96,Card,0
T09360,C1672,P0196,2025-12-28 13:13:13,3,57.84,173.52,Card,1
T09361,C1338,P0184,2026-05-09 20:54:30,1,63.18,63.18,Mobile Money,0
T09362,C0837,P0085,2025-07-22 23:59:11,3,327.72,983.16,Mobile Money,1
T09363,C1275,P0008,2026-04-25 14:47:53,2,8.5,17.0,Card,1
T09364,C0566,P0152,2025-07-30 07:35:22,2,63.49,126.98,Mobile Money,0
T09365,C0827,P0144,2025-08-17 22:53:12,4,197.14,788.56,Cash on Delivery,1
T09366,C0350,P0094,2025-10-09 08:19:52,2,118.94,237.88,Mobile Money,0
T09367,C1805,P0099,2026-05-08 10:31:12,2,483.49,966.98,Mobile Money,1
T09368,C1969,P0037,2026-05-10 21:43:29,2,64.2,128.4,Card,0
T09369,C1043,P0075,2026-05-14 01:37:48,2,279.82,559.64,Mobile Money,0
T09370,C1937,P0146,2025-09-06 06:57:48,4,196.12,784.48,Card,1
T09371,C1992,P0139,2026-03-25 05:48:51,3,134.14,402.42,Mobile Money,0
T09372,C0145,P0108,2025-11-28 22:39:17,1,151.77,151.77,Card,0
T09373,C0376,P0090,2026-05-09 07:49:16,2,128.98,257.96,Card,0
T09374,C0388,P0005,2025-11-02 11:58:33,1,15.19,15.19,Card,0
T09375,C0984,P0056,2026-03-26 05:16:30,3,486.03,1458.09,Mobile Money,0
T09376,C1840,P0104,2025-08-30 01:04:53,4,108.41,433.64,Mobile Money,0
T09377,C1784,P0163,2026-03-16 06:56:58,4,479.48,1917.92,Mobile Money,0
T09378,C1533,P0109,2025-10-15 18:49:26,1,434.2,434.2,Mobile Money,0
T09379,C0614,P0100,2025-12-20 15:07:01,1,42.3,42.3,Cash on Delivery,0
T09380,C1221,P0005,2026-03-07 18:54:57,4,15.19,60.76,Cash on Delivery,0
T09381,C0330,P0149,2026-02-03 04:03:47,1,311.04,311.04,Mobile Money,0
T09382,C0160,P0122,2026-05-15 10:43:09,3,488.05,1464.15,Cash on Delivery,1
T09383,C0354,P0146,2025-08-09 09:03:42,2,196.12,392.24,Mobile Money,0
T09384,C0517,P0079,2025-11-20 08:56:40,4,449.07,1796.28,Mobile Money,0
T09385,C0352,P0127,2026-04-22 00:26:11,1,458.03,458.03,Cash on Delivery,0
T09386,C1989,P0183,2025-06-17 07:52:52,1,287.88,287.88,Cash on Delivery,0
T09387,C0866,P0122,2025-11-09 18:58:14,1,488.05,488.05,Cash on Delivery,0
T09388,C1409,P0135,2026-04-11 10:30:39,2,91.79,183.58,Card,1
T09389,C1818,P0052,2025-08-24 03:44:54,2,257.82,515.64,Cash on Delivery,0
T09390,C1983,P0121,2025-07-04 20:57:07,4,351.26,1405.04,Mobile Money,0
T09391,C0340,P0012,2026-01-23 22:27:30,2,491.7,983.4,Mobile Money,0
T09392,C0132,P0019,2026-03-08 20:54:56,4,332.95,1331.8,Card,0
T09393,C1029,P0096,2025-06-12 22:15:07,2,497.3,994.6,Mobile Money,0
T09394,C1078,P0121,2026-01-23 19:50:16,4,351.26,1405.04,Card,1
T09395,C1742,P0198,2025-11-27 03:00:56,1,118.55,118.55,Mobile Money,0
T09396,C1810,P0180,2026-02-04 14:29:35,1,389.69,389.69,Card,0
T09397,C1674,P0064,2026-06-01 13:32:52,1,402.55,402.55,Mobile Money,0
T09398,C1651,P0023,2025-09-09 00:42:36,4,461.33,1845.32,Cash on Delivery,0
T09399,C1204,P0082,2026-05-15 15:13:45,4,292.44,1169.76,Cash on Delivery,0
T09400,C0198,P0096,2025-08-28 15:17:33,3,497.3,1491.9,Card,0
T09401,C0099,P0026,2025-12-05 18:02:01,2,295.44,590.88,Cash on Delivery,0
T09402,C1215,P0171,2025-08-20 13:36:44,1,275.23,275.23,Mobile Money,0
T09403,C0499,P0066,2025-09-16 18:30:01,2,400.18,800.36,Cash on Delivery,0
T09404,C0141,P0104,2025-09-07 22:52:06,3,108.41,325.23,Cash on Delivery,0
T09405,C0175,P0179,2025-10-12 05:00:00,1,178.36,178.36,Mobile Money,1
T09406,C1458,P0164,2025-10-27 12:20:02,4,163.06,652.24,Mobile Money,1
T09407,C0532,P0184,2026-03-21 14:28:42,3,63.18,189.54,Card,1
T09408,C0361,P0150,2025-12-27 13:25:14,3,162.89,488.67,Mobile Money,0
T09409,C0708,P0190,2025-07-26 00:04:44,4,459.96,1839.84,Cash on Delivery,0
T09410,C1881,P0195,2025-08-06 22:18:07,1,475.45,475.45,Mobile Money,0
T09411,C0059,P0049,2025-10-16 08:23:00,1,181.37,181.37,Card,0
T09412,C1191,P0132,2025-07-15 04:48:33,1,181.21,181.21,Cash on Delivery,0
T09413,C0945,P0135,2025-09-24 14:05:15,3,91.79,275.37,Cash on Delivery,1
T09414,C0263,P0089,2025-12-29 23:13:43,3,51.37,154.11,Cash on Delivery,0
T09415,C0196,P0175,2025-08-16 04:11:00,4,446.49,1785.96,Mobile Money,0
T09416,C0941,P0098,2026-03-16 00:49:16,2,476.77,953.54,Cash on Delivery,0
T09417,C0915,P0108,2025-11-03 20:54:34,2,151.77,303.54,Mobile Money,0
T09418,C1333,P0047,2025-06-18 13:52:27,1,230.98,230.98,Mobile Money,0
T09419,C0757,P0155,2026-01-23 20:29:43,1,214.62,214.62,Card,0
T09420,C1101,P0060,2026-05-28 01:20:01,2,175.81,351.62,Cash on Delivery,0
T09421,C0238,P0062,2025-09-19 23:18:47,3,278.68,836.04,Cash on Delivery,1
T09422,C0078,P0189,2025-12-15 16:53:49,4,446.12,1784.48,Cash on Delivery,0
T09423,C0650,P0047,2026-05-27 10:56:19,4,230.98,923.92,Card,0
T09424,C1048,P0160,2026-05-31 16:04:49,1,56.05,56.05,Card,0
T09425,C1159,P0029,2026-02-07 11:44:30,3,387.26,1161.78,Card,0
T09426,C0350,P0095,2026-05-01 08:06:38,1,17.04,17.04,Cash on Delivery,1
T09427,C0292,P0025,2025-08-31 14:48:37,4,197.4,789.6,Card,0
T09428,C1443,P0189,2025-10-23 10:12:28,3,446.12,1338.36,Card,0
T09429,C1230,P0120,2026-03-02 01:53:39,4,30.58,122.32,Card,0
T09430,C0478,P0050,2025-07-14 19:06:02,4,117.83,471.32,Card,0
T09431,C0230,P0128,2025-12-09 13:56:40,1,276.87,276.87,Cash on Delivery,0
T09432,C0674,P0041,2026-02-13 04:04:41,1,20.56,20.56,Card,0
T09433,C1364,P0136,2025-11-15 04:08:31,4,248.35,993.4,Card,0
T09434,C1045,P0158,2025-10-21 23:17:19,4,465.72,1862.88,Cash on Delivery,0
T09435,C0087,P0091,2025-09-04 09:10:06,2,199.58,399.16,Mobile Money,0
T09436,C0873,P0033,2026-05-26 23:02:40,3,432.24,1296.72,Mobile Money,0
T09437,C0004,P0083,2025-08-30 14:10:11,3,333.43,1000.29,Cash on Delivery,0
T09438,C1845,P0023,2025-11-07 08:50:40,1,461.33,461.33,Mobile Money,0
T09439,C0901,P0113,2026-03-29 03:36:47,2,291.54,583.08,Cash on Delivery,0
T09440,C1978,P0018,2026-02-06 13:15:22,1,90.82,90.82,Mobile Money,0
T09441,C0881,P0195,2025-12-25 15:32:07,3,475.45,1426.35,Cash on Delivery,1
T09442,C1976,P0122,2026-05-23 03:26:25,4,488.05,1952.2,Mobile Money,0
T09443,C1751,P0168,2025-10-07 01:15:09,3,396.83,1190.49,Card,0
T09444,C1639,P0002,2026-05-29 21:55:46,1,390.95,390.95,Cash on Delivery,0
T09445,C0152,P0149,2026-04-09 03:47:57,4,311.04,1244.16,Card,0
T09446,C1940,P0053,2026-01-03 19:58:26,2,347.76,695.52,Cash on Delivery,0
T09447,C1703,P0050,2025-06-21 14:35:31,4,117.83,471.32,Mobile Money,0
T09448,C0475,P0060,2025-06-13 22:17:07,2,175.81,351.62,Mobile Money,0
T09449,C1095,P0108,2025-07-24 03:40:25,3,151.77,455.31,Mobile Money,1
T09450,C1181,P0128,2026-01-20 22:25:08,1,276.87,276.87,Card,0
T09451,C1740,P0074,2025-12-20 07:36:07,2,118.13,236.26,Card,1
T09452,C1997,P0195,2025-08-22 02:57:28,3,475.45,1426.35,Card,0
T09453,C0795,P0109,2026-05-10 21:51:59,3,434.2,1302.6,Card,0
T09454,C1251,P0198,2025-09-24 14:05:53,3,118.55,355.65,Card,0
T09455,C0262,P0111,2026-02-16 13:13:27,1,40.12,40.12,Cash on Delivery,0
T09456,C0538,P0134,2026-06-04 09:21:11,4,25.16,100.64,Cash on Delivery,0
T09457,C0016,P0043,2026-04-01 09:49:37,3,128.4,385.2,Card,1
T09458,C1227,P0105,2025-12-05 01:16:21,3,74.34,223.02,Cash on Delivery,0
T09459,C1083,P0157,2025-11-22 22:47:51,2,128.76,257.52,Mobile Money,1
T09460,C1301,P0048,2026-03-29 12:58:21,4,446.82,1787.28,Card,0
T09461,C0801,P0156,2025-08-25 20:10:18,2,495.3,990.6,Card,0
T09462,C1754,P0114,2026-03-05 12:21:26,4,22.79,91.16,Card,0
T09463,C0162,P0182,2025-06-12 01:13:14,2,248.85,497.7,Card,0
T09464,C1060,P0073,2025-10-29 22:46:30,4,462.72,1850.88,Cash on Delivery,0
T09465,C1006,P0075,2025-10-15 17:57:11,2,279.82,559.64,Mobile Money,0
T09466,C1510,P0135,2026-01-11 08:59:57,3,91.79,275.37,Mobile Money,0
T09467,C0480,P0016,2025-07-23 22:04:09,3,119.29,357.87,Card,1
T09468,C0755,P0189,2026-03-06 09:54:45,3,446.12,1338.36,Mobile Money,1
T09469,C0204,P0160,2025-10-04 22:24:37,1,56.05,56.05,Cash on Delivery,0
T09470,C1302,P0027,2025-12-07 07:21:09,1,273.63,273.63,Mobile Money,1
T09471,C0512,P0143,2025-06-09 10:52:45,4,320.02,1280.08,Mobile Money,0
T09472,C0392,P0196,2025-11-13 00:36:20,4,57.84,231.36,Mobile Money,0
T09473,C1808,P0087,2025-12-04 20:30:59,1,374.51,374.51,Mobile Money,0
T09474,C0726,P0176,2025-10-25 13:06:38,2,46.99,93.98,Mobile Money,0
T09475,C1535,P0113,2025-08-13 04:36:22,3,291.54,874.62,Cash on Delivery,0
T09476,C0741,P0057,2026-01-17 06:51:12,1,251.14,251.14,Card,0
T09477,C0037,P0044,2026-04-05 11:46:24,3,105.52,316.56,Cash on Delivery,0
T09478,C1536,P0124,2025-08-27 10:00:56,4,222.29,889.16,Mobile Money,0
T09479,C0224,P0068,2025-09-15 15:49:49,1,166.35,166.35,Card,0
T09480,C1737,P0166,2025-09-26 07:57:03,2,226.98,453.96,Cash on Delivery,0
T09481,C1099,P0100,2025-12-01 09:34:56,2,42.3,84.6,Cash on Delivery,1
T09482,C1392,P0181,2026-05-28 23:12:03,3,128.12,384.36,Cash on Delivery,0
T09483,C1958,P0063,2025-12-30 10:32:39,4,382.0,1528.0,Card,0
T09484,C0777,P0143,2025-10-11 21:39:14,3,320.02,960.06,Mobile Money,0
T09485,C1734,P0075,2026-03-15 18:17:34,2,279.82,559.64,Card,1
T09486,C1081,P0184,2026-04-10 18:28:36,1,63.18,63.18,Card,0
T09487,C0469,P0188,2025-09-14 06:16:07,2,489.06,978.12,Card,0
T09488,C1986,P0140,2026-05-29 19:45:42,3,254.05,762.15,Card,1
T09489,C1432,P0103,2025-06-10 20:45:53,1,349.53,349.53,Cash on Delivery,1
T09490,C0980,P0153,2025-09-15 05:18:45,2,468.64,937.28,Card,1
T09491,C0300,P0105,2025-11-03 17:55:56,2,74.34,148.68,Card,0
T09492,C0995,P0130,2025-12-07 23:11:07,2,370.26,740.52,Cash on Delivery,0
T09493,C1402,P0161,2026-05-25 21:15:53,1,250.8,250.8,Cash on Delivery,0
T09494,C1281,P0191,2025-09-09 12:36:29,2,484.8,969.6,Card,1
T09495,C1990,P0094,2026-05-07 13:43:59,2,118.94,237.88,Mobile Money,0
T09496,C1124,P0182,2025-06-29 10:38:57,2,248.85,497.7,Card,0
T09497,C0565,P0102,2025-08-26 06:09:48,3,189.48,568.44,Mobile Money,0
T09498,C0064,P0006,2025-10-04 19:57:19,2,469.58,939.16,Card,0
T09499,C1096,P0088,2025-12-28 14:26:21,1,361.87,361.87,Card,0
T09500,C0107,P0044,2026-04-09 19:54:36,1,105.52,105.52,Cash on Delivery,1
T09501,C1944,P0034,2026-03-15 20:25:54,2,52.23,104.46,Card,0
T09502,C0629,P0002,2026-06-04 19:12:48,4,390.95,1563.8,Card,0
T09503,C1502,P0153,2026-02-01 16:23:25,1,468.64,468.64,Mobile Money,0
T09504,C1118,P0032,2025-06-26 08:05:42,4,463.52,1854.08,Card,0
T09505,C1624,P0007,2025-08-16 17:42:47,4,95.79,383.16,Card,0
T09506,C0457,P0182,2026-05-28 16:03:17,3,248.85,746.55,Card,1
T09507,C0866,P0130,2025-07-15 23:19:07,3,370.26,1110.78,Card,0
T09508,C1472,P0022,2026-03-13 18:39:17,3,200.6,601.8,Card,0
T09509,C0052,P0059,2025-11-29 09:04:21,1,253.83,253.83,Card,1
T09510,C0779,P0149,2026-03-20 08:11:30,4,311.04,1244.16,Mobile Money,0
T09511,C0890,P0182,2025-10-24 02:51:15,3,248.85,746.55,Mobile Money,0
T09512,C0270,P0198,2025-07-03 05:23:31,2,118.55,237.1,Mobile Money,0
T09513,C1638,P0033,2026-01-07 03:50:35,3,432.24,1296.72,Cash on Delivery,1
T09514,C1306,P0077,2025-07-15 04:52:48,4,450.71,1802.84,Card,0
T09515,C1240,P0142,2026-03-12 02:37:13,1,323.0,323.0,Cash on Delivery,0
T09516,C0814,P0176,2025-07-09 01:59:21,1,46.99,46.99,Mobile Money,0
T09517,C0951,P0127,2026-03-25 06:24:16,1,458.03,458.03,Cash on Delivery,0
T09518,C0128,P0094,2025-06-24 02:36:51,2,118.94,237.88,Mobile Money,0
T09519,C0452,P0074,2025-08-26 02:53:52,4,118.13,472.52,Card,1
T09520,C1280,P0140,2025-08-15 10:45:07,2,254.05,508.1,Mobile Money,0
T09521,C0559,P0192,2025-12-15 02:59:13,2,112.32,224.64,Mobile Money,0
T09522,C1792,P0165,2025-07-31 20:59:11,2,243.85,487.7,Cash on Delivery,0
T09523,C1962,P0169,2025-12-12 05:39:20,3,465.81,1397.43,Cash on Delivery,0
T09524,C1949,P0086,2025-12-31 06:48:48,4,13.95,55.8,Cash on Delivery,0
T09525,C1081,P0164,2026-02-10 20:34:32,1,163.06,163.06,Card,0
T09526,C0148,P0140,2026-01-24 08:06:23,1,254.05,254.05,Mobile Money,0
T09527,C1982,P0045,2025-08-01 09:58:31,3,148.43,445.29,Card,0
T09528,C0947,P0034,2025-06-21 15:06:49,1,52.23,52.23,Cash on Delivery,1
T09529,C1393,P0137,2026-05-27 12:11:35,2,235.01,470.02,Cash on Delivery,0
T09530,C0557,P0010,2025-12-08 14:52:41,4,487.01,1948.04,Cash on Delivery,0
T09531,C0030,P0180,2025-12-17 04:33:27,1,389.69,389.69,Cash on Delivery,0
T09532,C1410,P0192,2025-09-09 10:48:42,1,112.32,112.32,Card,1
T09533,C0429,P0177,2025-10-01 22:05:19,4,432.25,1729.0,Mobile Money,1
T09534,C0126,P0017,2025-11-10 23:55:48,4,65.41,261.64,Card,0
T09535,C0499,P0045,2025-06-14 10:18:53,1,148.43,148.43,Card,0
T09536,C1396,P0187,2026-02-10 02:06:46,2,115.68,231.36,Mobile Money,0
T09537,C1998,P0138,2026-02-19 15:19:03,2,309.85,619.7,Cash on Delivery,0
T09538,C0214,P0081,2025-09-19 13:24:47,1,85.01,85.01,Mobile Money,0
T09539,C0944,P0018,2026-03-09 15:35:20,3,90.82,272.46,Cash on Delivery,0
T09540,C0530,P0058,2026-05-31 04:56:58,3,498.88,1496.64,Mobile Money,0
T09541,C1792,P0180,2026-03-10 19:11:52,2,389.69,779.38,Card,1
T09542,C0774,P0037,2026-04-20 15:32:41,4,64.2,256.8,Cash on Delivery,0
T09543,C0419,P0079,2025-12-31 08:56:47,1,449.07,449.07,Mobile Money,0
T09544,C1883,P0154,2026-04-07 14:15:59,1,402.72,402.72,Mobile Money,0
T09545,C1396,P0158,2025-09-04 04:16:58,3,465.72,1397.16,Cash on Delivery,0
T09546,C0567,P0152,2026-05-18 13:00:23,2,63.49,126.98,Mobile Money,0
T09547,C1854,P0009,2026-03-24 07:36:39,2,307.87,615.74,Cash on Delivery,0
T09548,C1781,P0111,2025-09-27 21:31:36,2,40.12,80.24,Cash on Delivery,0
T09549,C0787,P0051,2025-10-30 05:15:42,3,179.52,538.56,Cash on Delivery,0
T09550,C0338,P0069,2025-06-26 22:22:41,1,258.49,258.49,Card,0
T09551,C1132,P0123,2025-10-21 04:59:08,1,25.33,25.33,Card,0
T09552,C1969,P0166,2025-12-21 10:41:39,1,226.98,226.98,Cash on Delivery,0
T09553,C1205,P0073,2025-12-05 05:05:19,2,462.72,925.44,Cash on Delivery,1
T09554,C1176,P0129,2025-08-16 01:01:24,4,467.63,1870.52,Mobile Money,0
T09555,C1927,P0129,2025-10-28 08:18:51,4,467.63,1870.52,Card,1
T09556,C0997,P0116,2025-12-04 02:00:54,4,20.1,80.4,Card,0
T09557,C0032,P0197,2026-03-22 23:49:39,3,98.12,294.36,Cash on Delivery,1
T09558,C0620,P0177,2026-03-25 13:14:26,3,432.25,1296.75,Card,0
T09559,C1521,P0079,2025-10-16 01:29:26,3,449.07,1347.21,Mobile Money,1
T09560,C1391,P0110,2026-01-05 16:08:24,3,253.25,759.75,Card,1
T09561,C0107,P0015,2025-10-21 20:20:45,3,405.16,1215.48,Mobile Money,0
T09562,C1065,P0021,2026-03-23 16:56:10,2,484.94,969.88,Card,0
T09563,C1409,P0120,2026-03-16 14:53:18,3,30.58,91.74,Mobile Money,0
T09564,C0336,P0149,2025-06-17 15:59:08,3,311.04,933.12,Card,0
T09565,C0105,P0099,2025-06-29 03:05:22,1,483.49,483.49,Card,0
T09566,C0065,P0095,2026-03-29 16:56:34,1,17.04,17.04,Cash on Delivery,0
T09567,C1603,P0041,2025-07-22 09:39:04,4,20.56,82.24,Cash on Delivery,0
T09568,C1322,P0124,2025-08-01 07:21:55,3,222.29,666.87,Cash on Delivery,0
T09569,C0171,P0069,2025-08-10 01:00:11,1,258.49,258.49,Mobile Money,0
T09570,C0718,P0101,2026-04-26 08:58:35,4,426.31,1705.24,Mobile Money,0
T09571,C0819,P0064,2026-05-14 02:11:56,4,402.55,1610.2,Card,0
T09572,C0455,P0073,2025-12-26 11:06:56,4,462.72,1850.88,Card,0
T09573,C1148,P0080,2026-05-24 11:53:42,4,444.45,1777.8,Cash on Delivery,0
T09574,C1440,P0199,2025-08-29 06:19:51,2,487.33,974.66,Cash on Delivery,1
T09575,C1781,P0008,2026-05-08 22:48:41,3,8.5,25.5,Mobile Money,0
T09576,C1081,P0050,2025-11-15 18:26:03,3,117.83,353.49,Mobile Money,1
T09577,C0990,P0003,2025-09-03 11:26:45,3,82.22,246.66,Card,0
T09578,C1786,P0034,2025-12-30 22:32:58,2,52.23,104.46,Cash on Delivery,0
T09579,C0086,P0168,2026-02-22 04:29:41,3,396.83,1190.49,Card,0
T09580,C1922,P0160,2025-11-09 21:41:23,1,56.05,56.05,Cash on Delivery,0
T09581,C1130,P0111,2026-02-16 20:49:15,4,40.12,160.48,Cash on Delivery,0
T09582,C0275,P0135,2025-10-21 11:11:21,4,91.79,367.16,Card,1
T09583,C0258,P0033,2025-07-30 19:11:59,2,432.24,864.48,Cash on Delivery,0
T09584,C0974,P0195,2026-03-28 10:39:27,4,475.45,1901.8,Card,0
T09585,C1870,P0015,2025-12-02 20:53:21,1,405.16,405.16,Mobile Money,0
T09586,C1618,P0059,2025-09-03 21:56:03,4,253.83,1015.32,Card,0
T09587,C1831,P0118,2026-04-17 10:36:45,1,263.51,263.51,Card,0
T09588,C0329,P0020,2026-01-05 07:13:34,1,107.93,107.93,Mobile Money,0
T09589,C0051,P0009,2025-11-22 04:59:18,3,307.87,923.61,Mobile Money,0
T09590,C0221,P0166,2026-05-03 18:15:07,3,226.98,680.94,Cash on Delivery,0
T09591,C1254,P0015,2026-04-12 10:21:57,4,405.16,1620.64,Cash on Delivery,0
T09592,C0943,P0041,2025-11-06 23:16:22,2,20.56,41.12,Card,0
T09593,C1655,P0154,2026-04-01 12:12:49,2,402.72,805.44,Card,0
T09594,C1297,P0198,2026-04-15 04:21:11,3,118.55,355.65,Mobile Money,0
T09595,C1628,P0198,2026-04-20 01:47:30,4,118.55,474.2,Card,0
T09596,C0227,P0009,2026-05-17 21:05:01,3,307.87,923.61,Cash on Delivery,0
T09597,C1988,P0046,2025-06-22 17:04:46,2,314.06,628.12,Card,0
T09598,C1136,P0016,2025-12-12 02:15:25,3,119.29,357.87,Cash on Delivery,0
T09599,C0425,P0087,2026-06-05 11:13:58,1,374.51,374.51,Mobile Money,1
T09600,C0360,P0196,2025-11-03 14:44:59,2,57.84,115.68,Cash on Delivery,1
T09601,C0958,P0120,2025-12-16 22:40:38,4,30.58,122.32,Cash on Delivery,0
T09602,C1320,P0152,2026-06-01 10:29:42,2,63.49,126.98,Cash on Delivery,1
T09603,C0398,P0198,2025-07-08 04:43:14,2,118.55,237.1,Card,0
T09604,C0429,P0078,2025-08-17 08:29:49,2,143.04,286.08,Mobile Money,1
T09605,C0006,P0111,2026-02-02 18:05:01,3,40.12,120.36,Mobile Money,0
T09606,C1236,P0023,2025-09-17 07:01:40,2,461.33,922.66,Mobile Money,0
T09607,C1648,P0017,2025-10-30 09:25:27,4,65.41,261.64,Card,0
T09608,C1405,P0198,2026-03-07 10:07:53,4,118.55,474.2,Cash on Delivery,0
T09609,C1949,P0028,2026-01-30 11:02:08,1,86.81,86.81,Card,0
T09610,C1978,P0173,2026-03-23 16:25:11,4,434.1,1736.4,Mobile Money,0
T09611,C1590,P0117,2025-11-30 02:18:02,3,155.12,465.36,Cash on Delivery,0
T09612,C1344,P0109,2026-05-18 14:28:53,3,434.2,1302.6,Card,1
T09613,C0811,P0052,2025-09-04 14:03:11,1,257.82,257.82,Mobile Money,0
T09614,C0228,P0087,2025-11-18 07:24:44,2,374.51,749.02,Card,0
T09615,C0828,P0084,2026-03-09 06:40:06,2,156.16,312.32,Cash on Delivery,0
T09616,C1764,P0123,2025-06-17 06:03:13,3,25.33,75.99,Card,0
T09617,C1317,P0129,2026-05-26 06:02:05,1,467.63,467.63,Card,0
T09618,C1129,P0049,2025-09-30 23:58:33,3,181.37,544.11,Mobile Money,1
T09619,C1501,P0195,2025-10-06 06:52:58,3,475.45,1426.35,Card,1
T09620,C0060,P0009,2025-11-08 17:01:50,1,307.87,307.87,Cash on Delivery,0
T09621,C0623,P0056,2025-12-06 12:21:08,2,486.03,972.06,Card,0
T09622,C0742,P0089,2025-10-22 20:04:08,4,51.37,205.48,Mobile Money,0
T09623,C1143,P0071,2026-03-22 12:16:25,3,196.43,589.29,Cash on Delivery,0
T09624,C1453,P0132,2025-06-21 18:29:11,1,181.21,181.21,Card,1
T09625,C0306,P0095,2025-07-04 15:27:26,2,17.04,34.08,Mobile Money,0
T09626,C0944,P0103,2025-09-23 16:48:46,2,349.53,699.06,Mobile Money,0
T09627,C0471,P0023,2025-06-30 13:27:33,2,461.33,922.66,Cash on Delivery,0
T09628,C0979,P0093,2026-05-09 07:06:20,4,290.57,1162.28,Card,0
T09629,C0309,P0029,2025-07-12 02:13:05,3,387.26,1161.78,Mobile Money,0
T09630,C0536,P0134,2025-08-06 06:05:19,1,25.16,25.16,Card,0
T09631,C0499,P0120,2026-04-08 14:07:31,2,30.58,61.16,Mobile Money,1
T09632,C1076,P0124,2026-03-22 14:16:46,2,222.29,444.58,Cash on Delivery,0
T09633,C1722,P0070,2025-06-20 16:05:20,4,52.61,210.44,Cash on Delivery,0
T09634,C1317,P0116,2025-07-10 07:49:56,3,20.1,60.3,Card,0
T09635,C1063,P0048,2025-08-25 05:02:10,2,446.82,893.64,Card,0
T09636,C1549,P0092,2025-09-10 06:52:46,2,220.03,440.06,Card,0
T09637,C0506,P0194,2025-07-24 23:07:06,4,369.86,1479.44,Card,0
T09638,C1824,P0126,2025-06-27 23:28:48,1,349.51,349.51,Cash on Delivery,0
T09639,C1731,P0180,2025-10-12 12:10:34,1,389.69,389.69,Cash on Delivery,0
T09640,C0250,P0066,2026-01-26 15:21:42,2,400.18,800.36,Mobile Money,0
T09641,C1004,P0180,2025-09-09 13:12:05,2,389.69,779.38,Mobile Money,0
T09642,C1520,P0177,2025-07-26 06:20:24,1,432.25,432.25,Card,0
T09643,C0738,P0166,2025-10-09 02:21:51,2,226.98,453.96,Mobile Money,1
T09644,C0055,P0136,2026-01-03 06:38:35,3,248.35,745.05,Mobile Money,1
T09645,C1434,P0110,2025-09-21 21:36:00,2,253.25,506.5,Card,1
T09646,C1595,P0063,2025-11-17 11:37:58,1,382.0,382.0,Mobile Money,0
T09647,C1808,P0088,2026-01-28 04:16:31,3,361.87,1085.61,Cash on Delivery,0
T09648,C1586,P0058,2025-09-05 15:16:10,4,498.88,1995.52,Card,1
T09649,C1906,P0154,2026-06-03 18:14:37,1,402.72,402.72,Card,0
T09650,C0895,P0046,2025-11-01 14:24:02,2,314.06,628.12,Mobile Money,0
T09651,C0427,P0196,2025-07-08 07:46:27,2,57.84,115.68,Mobile Money,0
T09652,C1022,P0118,2025-06-19 18:13:34,4,263.51,1054.04,Card,0
T09653,C0403,P0068,2025-06-11 02:05:49,3,166.35,499.05,Card,0
T09654,C1170,P0153,2025-08-18 10:48:48,4,468.64,1874.56,Cash on Delivery,1
T09655,C1392,P0051,2026-03-06 11:40:05,2,179.52,359.04,Mobile Money,1
T09656,C0199,P0186,2025-12-28 02:52:40,4,241.47,965.88,Cash on Delivery,0
T09657,C1083,P0185,2025-11-09 05:05:57,1,342.11,342.11,Mobile Money,0
T09658,C0143,P0195,2026-05-15 12:05:36,2,475.45,950.9,Card,0
T09659,C1456,P0100,2026-06-04 14:17:30,2,42.3,84.6,Card,0
T09660,C1489,P0014,2025-09-25 19:41:03,2,11.57,23.14,Mobile Money,1
T09661,C0731,P0009,2026-01-30 20:10:21,3,307.87,923.61,Mobile Money,0
T09662,C0913,P0183,2025-07-09 05:09:38,4,287.88,1151.52,Mobile Money,0
T09663,C1928,P0108,2025-06-20 23:10:32,4,151.77,607.08,Mobile Money,0
T09664,C1706,P0091,2025-09-25 13:36:54,4,199.58,798.32,Cash on Delivery,0
T09665,C0769,P0165,2026-03-03 14:02:25,4,243.85,975.4,Mobile Money,0
T09666,C1816,P0009,2025-10-01 09:06:04,3,307.87,923.61,Mobile Money,0
T09667,C0036,P0125,2025-09-05 15:39:57,2,96.25,192.5,Cash on Delivery,1
T09668,C1111,P0004,2026-04-07 17:45:22,1,170.19,170.19,Mobile Money,0
T09669,C0603,P0144,2026-06-04 17:34:37,4,197.14,788.56,Card,0
T09670,C1164,P0039,2026-04-04 18:11:30,2,249.43,498.86,Cash on Delivery,1
T09671,C1519,P0172,2025-10-10 09:34:21,4,75.78,303.12,Card,0
T09672,C0579,P0025,2026-04-22 20:14:19,2,197.4,394.8,Cash on Delivery,0
T09673,C0792,P0167,2025-08-02 08:49:50,2,279.08,558.16,Mobile Money,0
T09674,C0072,P0006,2026-04-14 00:46:15,1,469.58,469.58,Card,1
T09675,C0963,P0161,2025-06-10 01:43:41,4,250.8,1003.2,Card,1
T09676,C0550,P0124,2026-05-09 20:02:49,2,222.29,444.58,Cash on Delivery,0
T09677,C0615,P0040,2025-07-09 23:30:13,4,59.89,239.56,Cash on Delivery,0
T09678,C0021,P0103,2026-02-09 16:39:33,4,349.53,1398.12,Cash on Delivery,0
T09679,C0291,P0115,2025-12-12 23:31:23,2,491.01,982.02,Cash on Delivery,0
T09680,C1175,P0067,2026-04-26 16:03:53,4,97.33,389.32,Card,0
T09681,C0407,P0193,2026-02-21 03:43:50,3,315.64,946.92,Mobile Money,1
T09682,C1502,P0123,2026-01-10 04:44:16,2,25.33,50.66,Cash on Delivery,1
T09683,C1274,P0192,2025-11-22 05:19:18,2,112.32,224.64,Card,0
T09684,C0370,P0081,2025-08-25 11:35:57,1,85.01,85.01,Card,0
T09685,C0825,P0020,2026-01-13 00:36:33,1,107.93,107.93,Cash on Delivery,0
T09686,C1937,P0124,2025-08-10 19:33:22,3,222.29,666.87,Mobile Money,1
T09687,C0018,P0078,2026-02-19 22:49:01,2,143.04,286.08,Mobile Money,0
T09688,C0861,P0063,2025-06-13 13:07:45,4,382.0,1528.0,Cash on Delivery,0
T09689,C1500,P0200,2025-08-21 13:21:42,2,270.37,540.74,Mobile Money,0
T09690,C0340,P0200,2025-06-16 19:27:00,4,270.37,1081.48,Mobile Money,1
T09691,C1805,P0200,2026-04-07 21:33:52,2,270.37,540.74,Mobile Money,0
T09692,C0401,P0119,2025-12-11 07:07:26,4,482.8,1931.2,Card,0
T09693,C0390,P0115,2026-02-27 22:28:53,2,491.01,982.02,Cash on Delivery,1
T09694,C1369,P0081,2025-08-17 14:39:38,4,85.01,340.04,Mobile Money,0
T09695,C1277,P0007,2026-05-29 16:44:17,1,95.79,95.79,Mobile Money,0
T09696,C1398,P0086,2025-09-08 20:24:48,4,13.95,55.8,Mobile Money,0
T09697,C1920,P0092,2026-01-25 04:38:18,2,220.03,440.06,Cash on Delivery,0
T09698,C0586,P0006,2025-10-14 06:28:18,2,469.58,939.16,Cash on Delivery,0
T09699,C1422,P0056,2026-06-06 20:06:26,3,486.03,1458.09,Card,0
T09700,C0490,P0054,2025-08-08 09:58:03,2,471.74,943.48,Card,0
T09701,C1065,P0022,2025-07-08 08:13:09,1,200.6,200.6,Card,0
T09702,C0258,P0090,2025-12-05 06:14:55,2,128.98,257.96,Card,0
T09703,C1834,P0195,2025-12-10 08:58:03,4,475.45,1901.8,Cash on Delivery,1
T09704,C1676,P0139,2025-09-13 05:53:23,2,134.14,268.28,Mobile Money,0
T09705,C1257,P0142,2025-11-08 18:19:00,2,323.0,646.0,Card,0
T09706,C0670,P0060,2025-12-23 09:17:52,1,175.81,175.81,Mobile Money,1
T09707,C1345,P0038,2025-06-20 20:51:25,3,362.26,1086.78,Cash on Delivery,0
T09708,C0433,P0175,2025-07-30 06:53:10,3,446.49,1339.47,Mobile Money,0
T09709,C0496,P0073,2025-12-18 06:24:46,2,462.72,925.44,Card,0
T09710,C0601,P0107,2025-06-30 18:28:13,2,352.73,705.46,Card,0
T09711,C0655,P0017,2026-03-03 12:21:15,2,65.41,130.82,Card,0
T09712,C0156,P0195,2026-04-25 23:13:35,3,475.45,1426.35,Card,1
T09713,C1426,P0172,2026-01-13 22:37:59,3,75.78,227.34,Cash on Delivery,0
T09714,C1477,P0160,2025-07-20 10:16:29,3,56.05,168.15,Mobile Money,0
T09715,C0831,P0172,2026-02-21 00:10:41,2,75.78,151.56,Mobile Money,0
T09716,C1406,P0058,2026-01-02 02:25:29,3,498.88,1496.64,Mobile Money,0
T09717,C1979,P0145,2025-12-09 08:57:40,3,406.55,1219.65,Mobile Money,1
T09718,C0117,P0135,2026-05-28 06:31:57,3,91.79,275.37,Mobile Money,0
T09719,C0203,P0185,2025-07-01 14:29:28,4,342.11,1368.44,Cash on Delivery,0
T09720,C0962,P0162,2025-12-09 09:37:06,1,448.28,448.28,Mobile Money,1
T09721,C0700,P0082,2025-07-09 15:11:42,4,292.44,1169.76,Mobile Money,0
T09722,C1255,P0043,2026-03-01 01:50:53,1,128.4,128.4,Card,0
T09723,C1230,P0004,2025-08-29 10:22:53,4,170.19,680.76,Mobile Money,1
T09724,C0744,P0075,2025-12-12 12:10:36,2,279.82,559.64,Mobile Money,0
T09725,C0349,P0107,2025-09-19 04:55:51,3,352.73,1058.19,Card,1
T09726,C1649,P0180,2025-06-16 02:51:01,4,389.69,1558.76,Mobile Money,0
T09727,C1971,P0090,2025-11-09 16:02:16,2,128.98,257.96,Card,1
T09728,C0994,P0138,2025-10-13 08:13:41,4,309.85,1239.4,Mobile Money,0
T09729,C0452,P0167,2026-02-13 11:04:35,4,279.08,1116.32,Mobile Money,0
T09730,C1897,P0138,2026-01-29 16:55:20,4,309.85,1239.4,Card,0
T09731,C1802,P0073,2025-06-19 11:41:02,2,462.72,925.44,Mobile Money,0
T09732,C1259,P0104,2025-08-28 21:44:08,3,108.41,325.23,Cash on Delivery,1
T09733,C1133,P0141,2025-09-09 14:01:53,4,343.56,1374.24,Mobile Money,0
T09734,C0861,P0089,2026-04-18 04:14:51,4,51.37,205.48,Cash on Delivery,0
T09735,C1414,P0064,2026-04-10 07:44:25,4,402.55,1610.2,Mobile Money,0
T09736,C1634,P0120,2025-11-06 13:37:15,4,30.58,122.32,Card,0
T09737,C0945,P0171,2025-10-20 01:01:11,4,275.23,1100.92,Cash on Delivery,1
T09738,C1751,P0074,2026-02-25 00:38:14,2,118.13,236.26,Card,0
T09739,C1364,P0123,2025-08-16 06:49:03,3,25.33,75.99,Card,0
T09740,C0290,P0052,2025-12-10 18:24:46,4,257.82,1031.28,Mobile Money,0
T09741,C1361,P0187,2025-08-18 22:35:26,2,115.68,231.36,Card,1
T09742,C0773,P0108,2025-07-01 14:21:45,2,151.77,303.54,Card,0
T09743,C1058,P0194,2025-08-21 01:34:46,1,369.86,369.86,Card,0
T09744,C1518,P0182,2025-07-20 17:47:57,4,248.85,995.4,Mobile Money,0
T09745,C1858,P0182,2026-02-17 13:19:52,3,248.85,746.55,Card,0
T09746,C1068,P0092,2025-11-13 22:13:24,2,220.03,440.06,Mobile Money,0
T09747,C0499,P0103,2026-05-28 08:22:45,4,349.53,1398.12,Mobile Money,1
T09748,C1903,P0035,2025-11-12 16:53:55,3,165.97,497.91,Mobile Money,1
T09749,C1795,P0039,2025-06-16 04:35:24,4,249.43,997.72,Cash on Delivery,0
T09750,C0211,P0019,2025-07-11 22:34:22,3,332.95,998.85,Cash on Delivery,0
T09751,C1255,P0125,2026-04-30 19:04:40,2,96.25,192.5,Card,0
T09752,C0311,P0083,2025-08-09 17:56:37,1,333.43,333.43,Card,0
T09753,C0216,P0013,2026-02-09 08:49:53,2,305.73,611.46,Cash on Delivery,1
T09754,C1636,P0018,2026-01-30 12:02:21,4,90.82,363.28,Card,0
T09755,C1985,P0200,2025-12-09 05:33:55,3,270.37,811.11,Card,0
T09756,C0228,P0169,2025-08-27 10:05:54,2,465.81,931.62,Card,0
T09757,C1661,P0166,2026-05-13 00:20:50,1,226.98,226.98,Card,0
T09758,C1534,P0022,2025-11-06 16:51:42,1,200.6,200.6,Cash on Delivery,0
T09759,C0366,P0137,2025-09-28 05:12:13,3,235.01,705.03,Cash on Delivery,0
T09760,C1128,P0108,2025-07-19 17:24:58,4,151.77,607.08,Mobile Money,0
T09761,C1701,P0145,2025-06-24 04:36:18,2,406.55,813.1,Cash on Delivery,1
T09762,C0644,P0192,2025-09-20 09:45:33,3,112.32,336.96,Cash on Delivery,0
T09763,C0907,P0040,2025-09-12 02:13:34,4,59.89,239.56,Cash on Delivery,0
T09764,C1631,P0026,2026-02-23 16:17:09,3,295.44,886.32,Cash on Delivery,1
T09765,C0615,P0098,2025-07-25 20:28:29,4,476.77,1907.08,Mobile Money,0
T09766,C1026,P0193,2026-03-13 02:35:12,1,315.64,315.64,Cash on Delivery,0
T09767,C0939,P0091,2026-03-10 12:05:47,1,199.58,199.58,Card,0
T09768,C1872,P0003,2026-05-26 03:30:50,2,82.22,164.44,Mobile Money,0
T09769,C1159,P0193,2025-08-10 20:57:59,4,315.64,1262.56,Mobile Money,1
T09770,C0176,P0035,2025-08-12 09:06:03,2,165.97,331.94,Mobile Money,0
T09771,C1144,P0160,2026-02-05 19:21:05,2,56.05,112.1,Card,1
T09772,C1463,P0006,2025-07-20 17:18:38,2,469.58,939.16,Card,0
T09773,C0341,P0118,2026-02-04 09:59:08,3,263.51,790.53,Cash on Delivery,1
T09774,C0726,P0185,2025-09-29 01:44:14,3,342.11,1026.33,Mobile Money,0
T09775,C1921,P0121,2025-11-25 16:09:06,3,351.26,1053.78,Mobile Money,0
T09776,C0276,P0149,2025-09-29 04:20:51,1,311.04,311.04,Mobile Money,0
T09777,C1761,P0029,2026-06-04 01:24:16,3,387.26,1161.78,Card,0
T09778,C0321,P0173,2025-07-20 09:55:41,4,434.1,1736.4,Card,1
T09779,C0532,P0131,2025-11-28 19:55:43,4,366.37,1465.48,Cash on Delivery,1
T09780,C0294,P0081,2026-01-06 10:15:52,1,85.01,85.01,Card,0
T09781,C1706,P0045,2025-11-19 07:00:08,1,148.43,148.43,Card,0
T09782,C1632,P0046,2025-12-14 21:18:11,4,314.06,1256.24,Mobile Money,0
T09783,C0380,P0013,2026-01-22 00:29:11,3,305.73,917.19,Cash on Delivery,0
T09784,C1086,P0068,2026-03-03 08:14:11,4,166.35,665.4,Card,1
T09785,C0843,P0177,2025-10-11 13:26:24,2,432.25,864.5,Mobile Money,0
T09786,C0402,P0106,2025-07-09 03:30:21,1,164.66,164.66,Mobile Money,0
T09787,C1893,P0051,2026-03-26 17:25:57,1,179.52,179.52,Card,0
T09788,C1473,P0101,2025-07-20 05:37:03,3,426.31,1278.93,Card,0
T09789,C0646,P0083,2025-08-26 17:35:21,3,333.43,1000.29,Cash on Delivery,0
T09790,C0081,P0165,2025-07-13 04:13:41,4,243.85,975.4,Card,0
T09791,C0921,P0002,2025-06-25 22:16:30,1,390.95,390.95,Mobile Money,0
T09792,C1061,P0156,2025-11-06 20:06:20,1,495.3,495.3,Mobile Money,0
T09793,C1080,P0145,2025-10-03 09:33:52,1,406.55,406.55,Card,0
T09794,C1235,P0121,2025-07-06 07:48:33,2,351.26,702.52,Mobile Money,1
T09795,C0439,P0004,2025-08-07 18:17:26,3,170.19,510.57,Mobile Money,1
T09796,C0038,P0049,2026-02-11 07:50:33,3,181.37,544.11,Card,0
T09797,C1438,P0045,2025-09-26 18:00:26,4,148.43,593.72,Card,0
T09798,C0155,P0037,2026-04-17 01:36:12,4,64.2,256.8,Mobile Money,0
T09799,C1931,P0032,2026-06-01 23:20:40,2,463.52,927.04,Card,0
T09800,C1699,P0058,2026-05-28 02:15:55,1,498.88,498.88,Mobile Money,0
T09801,C1790,P0017,2025-07-20 04:33:12,2,65.41,130.82,Card,0
T09802,C0240,P0146,2026-06-06 03:16:29,1,196.12,196.12,Card,0
T09803,C1399,P0030,2025-06-26 03:19:52,2,11.97,23.94,Cash on Delivery,1
T09804,C0950,P0016,2026-01-10 04:18:46,3,119.29,357.87,Mobile Money,0
T09805,C0361,P0004,2026-01-02 19:28:26,3,170.19,510.57,Mobile Money,0
T09806,C1947,P0143,2025-07-19 02:11:00,4,320.02,1280.08,Card,0
T09807,C1787,P0004,2026-06-06 05:12:16,3,170.19,510.57,Cash on Delivery,0
T09808,C0100,P0085,2025-07-14 18:33:43,3,327.72,983.16,Card,0
T09809,C0295,P0066,2026-02-06 09:01:05,3,400.18,1200.54,Cash on Delivery,0
T09810,C0929,P0156,2025-11-26 12:50:22,2,495.3,990.6,Mobile Money,1
T09811,C0328,P0178,2025-10-23 02:37:19,4,473.89,1895.56,Card,0
T09812,C1066,P0072,2025-09-12 13:12:21,4,339.47,1357.88,Card,1
T09813,C1052,P0086,2025-12-31 11:32:01,3,13.95,41.85,Mobile Money,1
T09814,C1409,P0155,2025-10-24 03:06:30,3,214.62,643.86,Mobile Money,0
T09815,C0121,P0091,2025-08-27 05:45:42,4,199.58,798.32,Card,1
T09816,C1139,P0046,2025-10-17 03:22:13,4,314.06,1256.24,Card,0
T09817,C1270,P0168,2026-04-29 23:28:01,3,396.83,1190.49,Cash on Delivery,0
T09818,C1770,P0119,2026-02-27 19:22:54,4,482.8,1931.2,Mobile Money,0
T09819,C0068,P0022,2025-06-16 22:41:26,2,200.6,401.2,Card,0
T09820,C1082,P0136,2026-02-14 21:16:15,3,248.35,745.05,Mobile Money,0
T09821,C1706,P0015,2025-10-06 17:13:56,4,405.16,1620.64,Cash on Delivery,0
T09822,C1523,P0167,2025-08-29 13:20:25,2,279.08,558.16,Card,0
T09823,C1584,P0035,2025-07-14 21:04:35,1,165.97,165.97,Mobile Money,0
T09824,C0556,P0096,2025-07-09 12:51:44,3,497.3,1491.9,Card,0
T09825,C1827,P0097,2025-11-08 16:05:03,4,457.86,1831.44,Cash on Delivery,1
T09826,C1606,P0027,2026-05-08 10:40:06,1,273.63,273.63,Mobile Money,1
T09827,C0456,P0066,2025-08-19 12:24:20,3,400.18,1200.54,Cash on Delivery,0
T09828,C0477,P0191,2025-10-25 21:10:24,1,484.8,484.8,Cash on Delivery,0
T09829,C0031,P0080,2026-05-01 16:18:04,1,444.45,444.45,Card,0
T09830,C1717,P0192,2025-06-15 21:12:34,2,112.32,224.64,Mobile Money,0
T09831,C1784,P0068,2025-10-06 11:40:49,1,166.35,166.35,Cash on Delivery,0
T09832,C0337,P0117,2026-02-10 00:54:25,1,155.12,155.12,Cash on Delivery,0
T09833,C0855,P0168,2026-03-17 17:25:03,4,396.83,1587.32,Mobile Money,1
T09834,C1304,P0135,2026-04-14 08:14:48,4,91.79,367.16,Mobile Money,0
T09835,C0559,P0001,2026-01-18 18:09:19,3,190.4,571.2,Card,1
T09836,C0923,P0179,2026-04-05 04:57:56,4,178.36,713.44,Card,0
T09837,C0479,P0198,2026-02-15 23:54:05,2,118.55,237.1,Card,1
T09838,C1881,P0076,2025-10-18 23:19:12,2,498.15,996.3,Card,0
T09839,C0505,P0068,2026-04-08 05:37:06,2,166.35,332.7,Card,1
T09840,C0397,P0110,2025-10-30 22:19:51,2,253.25,506.5,Card,1
T09841,C1558,P0153,2026-01-18 08:39:27,3,468.64,1405.92,Cash on Delivery,0
T09842,C1731,P0021,2026-03-04 01:08:56,3,484.94,1454.82,Card,0
T09843,C0922,P0165,2025-08-16 16:02:29,1,243.85,243.85,Card,0
T09844,C1766,P0111,2025-06-14 18:26:42,1,40.12,40.12,Cash on Delivery,0
T09845,C0931,P0183,2026-05-11 11:49:44,2,287.88,575.76,Card,0
T09846,C1908,P0169,2026-03-16 23:23:25,4,465.81,1863.24,Cash on Delivery,0
T09847,C0856,P0011,2026-01-08 18:17:21,4,393.66,1574.64,Mobile Money,1
T09848,C1590,P0136,2025-10-17 23:27:50,2,248.35,496.7,Mobile Money,1
T09849,C1556,P0129,2026-04-19 08:02:29,2,467.63,935.26,Card,1
T09850,C1593,P0100,2025-09-14 15:42:46,2,42.3,84.6,Card,0
T09851,C1462,P0141,2025-09-04 18:01:51,1,343.56,343.56,Cash on Delivery,0
T09852,C0646,P0053,2026-04-14 08:49:07,4,347.76,1391.04,Mobile Money,0
T09853,C1371,P0036,2025-06-17 23:37:26,1,140.99,140.99,Card,0
T09854,C0183,P0186,2025-10-16 12:17:49,3,241.47,724.41,Card,1
T09855,C1820,P0095,2025-07-24 16:35:27,3,17.04,51.12,Cash on Delivery,0
T09856,C1489,P0122,2025-09-15 14:50:44,4,488.05,1952.2,Card,0
T09857,C0340,P0166,2026-03-18 03:45:38,2,226.98,453.96,Cash on Delivery,0
T09858,C0261,P0141,2025-07-22 02:08:21,3,343.56,1030.68,Card,0
T09859,C1880,P0128,2025-07-28 08:22:04,4,276.87,1107.48,Mobile Money,0
T09860,C1297,P0115,2026-06-07 21:37:06,2,491.01,982.02,Mobile Money,0
T09861,C0604,P0185,2025-07-11 08:30:12,3,342.11,1026.33,Mobile Money,0
T09862,C1441,P0193,2025-07-15 22:12:08,2,315.64,631.28,Mobile Money,1
T09863,C1412,P0104,2025-09-04 19:52:46,1,108.41,108.41,Mobile Money,0
T09864,C1944,P0082,2026-04-16 17:03:17,3,292.44,877.32,Cash on Delivery,0
T09865,C1071,P0160,2026-02-28 04:33:32,1,56.05,56.05,Card,0
T09866,C0350,P0144,2025-06-24 02:34:01,1,197.14,197.14,Card,0
T09867,C1951,P0067,2025-09-29 02:09:37,1,97.33,97.33,Cash on Delivery,0
T09868,C0398,P0120,2026-04-06 01:38:20,1,30.58,30.58,Cash on Delivery,1
T09869,C0413,P0134,2025-07-13 22:52:17,1,25.16,25.16,Card,0
T09870,C0187,P0183,2026-01-16 22:20:50,1,287.88,287.88,Card,0
T09871,C1484,P0164,2026-05-29 19:39:59,1,163.06,163.06,Cash on Delivery,1
T09872,C0471,P0110,2026-04-28 11:11:17,3,253.25,759.75,Mobile Money,0
T09873,C1963,P0078,2026-06-05 01:44:12,4,143.04,572.16,Card,0
T09874,C0330,P0118,2025-12-16 08:17:52,2,263.51,527.02,Cash on Delivery,0
T09875,C0958,P0125,2025-10-16 00:09:50,4,96.25,385.0,Mobile Money,0
T09876,C1513,P0064,2025-08-12 10:12:43,3,402.55,1207.65,Mobile Money,0
T09877,C0334,P0058,2026-05-02 16:50:15,2,498.88,997.76,Card,0
T09878,C1400,P0071,2026-03-24 03:16:29,1,196.43,196.43,Card,0
T09879,C0164,P0008,2025-06-29 22:50:07,4,8.5,34.0,Mobile Money,1
T09880,C1319,P0197,2025-10-07 09:33:26,1,98.12,98.12,Mobile Money,1
T09881,C0774,P0102,2025-09-24 01:34:32,1,189.48,189.48,Mobile Money,0
T09882,C0899,P0019,2026-06-03 12:50:35,1,332.95,332.95,Cash on Delivery,0
T09883,C1564,P0105,2025-07-22 13:34:26,1,74.34,74.34,Mobile Money,0
T09884,C1416,P0154,2026-01-13 04:36:34,3,402.72,1208.16,Card,0
T09885,C1591,P0057,2025-11-08 11:10:34,1,251.14,251.14,Mobile Money,0
T09886,C0680,P0079,2025-06-20 07:17:17,1,449.07,449.07,Card,1
T09887,C0438,P0023,2026-05-03 01:03:30,4,461.33,1845.32,Cash on Delivery,0
T09888,C0946,P0042,2025-08-08 13:37:27,4,283.82,1135.28,Card,1
T09889,C0676,P0004,2026-06-04 21:34:05,4,170.19,680.76,Cash on Delivery,0
T09890,C0158,P0010,2026-03-02 17:16:27,4,487.01,1948.04,Card,0
T09891,C1182,P0100,2025-09-03 04:10:32,4,42.3,169.2,Cash on Delivery,0
T09892,C1226,P0064,2025-11-14 22:30:39,4,402.55,1610.2,Cash on Delivery,0
T09893,C0674,P0121,2025-09-01 10:28:54,3,351.26,1053.78,Card,0
T09894,C1284,P0055,2025-06-13 00:34:01,3,281.26,843.78,Mobile Money,1
T09895,C1183,P0177,2025-07-18 10:40:26,4,432.25,1729.0,Mobile Money,0
T09896,C0098,P0048,2026-04-30 15:29:02,3,446.82,1340.46,Cash on Delivery,0
T09897,C1734,P0026,2026-02-04 19:16:48,3,295.44,886.32,Cash on Delivery,0
T09898,C0475,P0097,2026-03-05 03:27:03,3,457.86,1373.58,Cash on Delivery,0
T09899,C1416,P0012,2025-06-24 14:08:36,1,491.7,491.7,Card,1
T09900,C1413,P0009,2026-04-12 23:47:02,1,307.87,307.87,Card,0
T09901,C1078,P0071,2026-03-07 09:14:34,2,196.43,392.86,Cash on Delivery,0
T09902,C0410,P0104,2025-08-12 05:57:52,4,108.41,433.64,Mobile Money,0
T09903,C0552,P0010,2025-10-29 04:21:37,1,487.01,487.01,Mobile Money,0
T09904,C0268,P0044,2026-04-17 10:46:32,4,105.52,422.08,Card,0
T09905,C0451,P0022,2025-06-22 01:26:50,3,200.6,601.8,Card,0
T09906,C0398,P0082,2025-12-26 04:34:12,1,292.44,292.44,Mobile Money,0
T09907,C1759,P0153,2025-09-27 09:01:22,4,468.64,1874.56,Card,0
T09908,C1083,P0112,2025-08-28 12:30:13,2,445.55,891.1,Mobile Money,1
T09909,C0788,P0038,2025-06-28 11:00:10,4,362.26,1449.04,Card,0
T09910,C0952,P0078,2025-10-23 02:32:20,4,143.04,572.16,Card,0
T09911,C1566,P0101,2026-01-18 09:28:47,2,426.31,852.62,Cash on Delivery,0
T09912,C0297,P0107,2026-03-20 15:24:57,1,352.73,352.73,Card,1
T09913,C1855,P0084,2025-09-08 16:55:34,3,156.16,468.48,Card,0
T09914,C1821,P0197,2026-03-22 20:04:50,3,98.12,294.36,Cash on Delivery,0
T09915,C1496,P0077,2025-12-30 04:11:33,4,450.71,1802.84,Card,0
T09916,C1274,P0079,2026-03-19 10:59:57,4,449.07,1796.28,Card,0
T09917,C0920,P0083,2026-04-08 21:19:03,1,333.43,333.43,Card,0
T09918,C1041,P0147,2026-03-01 14:32:30,2,107.31,214.62,Cash on Delivery,0
T09919,C1213,P0112,2025-10-27 08:13:00,1,445.55,445.55,Mobile Money,0
T09920,C0150,P0132,2026-02-16 18:47:07,4,181.21,724.84,Card,0
T09921,C0861,P0006,2026-02-23 16:24:07,2,469.58,939.16,Mobile Money,0
T09922,C1787,P0075,2025-12-13 05:20:15,3,279.82,839.46,Mobile Money,0
T09923,C1435,P0048,2026-05-28 04:35:29,2,446.82,893.64,Mobile Money,0
T09924,C0860,P0147,2025-11-26 18:39:00,2,107.31,214.62,Cash on Delivery,0
T09925,C0452,P0059,2026-03-21 01:25:14,4,253.83,1015.32,Card,0
T09926,C1619,P0182,2025-10-25 10:23:31,1,248.85,248.85,Cash on Delivery,0
T09927,C1448,P0145,2025-11-12 16:43:40,2,406.55,813.1,Card,1
T09928,C0882,P0100,2026-01-30 20:27:03,3,42.3,126.9,Card,0
T09929,C1550,P0139,2025-10-31 15:09:26,2,134.14,268.28,Mobile Money,1
T09930,C0762,P0013,2025-06-24 00:13:28,4,305.73,1222.92,Cash on Delivery,0
T09931,C1196,P0080,2025-06-15 14:51:48,4,444.45,1777.8,Mobile Money,0
T09932,C1130,P0063,2026-05-01 11:10:26,3,382.0,1146.0,Card,0
T09933,C1553,P0189,2025-12-27 09:02:34,3,446.12,1338.36,Cash on Delivery,1
T09934,C0410,P0050,2026-04-09 03:50:47,1,117.83,117.83,Cash on Delivery,0
T09935,C0227,P0135,2025-12-25 02:34:06,3,91.79,275.37,Cash on Delivery,0
T09936,C0213,P0079,2026-01-25 18:21:34,4,449.07,1796.28,Cash on Delivery,0
T09937,C1370,P0017,2025-08-05 15:26:11,1,65.41,65.41,Cash on Delivery,0
T09938,C1876,P0163,2026-03-29 08:34:47,3,479.48,1438.44,Cash on Delivery,0
T09939,C1221,P0084,2025-09-19 08:54:08,3,156.16,468.48,Mobile Money,0
T09940,C1554,P0009,2026-02-15 07:32:03,3,307.87,923.61,Mobile Money,0
T09941,C0176,P0075,2026-03-10 13:24:42,3,279.82,839.46,Cash on Delivery,0
T09942,C1346,P0072,2025-10-23 23:14:04,3,339.47,1018.41,Card,0
T09943,C1418,P0023,2026-05-22 12:14:06,1,461.33,461.33,Mobile Money,0
T09944,C1595,P0038,2026-01-28 08:32:29,4,362.26,1449.04,Cash on Delivery,0
T09945,C1020,P0068,2026-05-19 07:15:19,1,166.35,166.35,Mobile Money,0
T09946,C1292,P0119,2026-01-25 17:42:42,3,482.8,1448.4,Mobile Money,0
T09947,C0949,P0112,2026-01-23 07:55:58,4,445.55,1782.2,Card,0
T09948,C0084,P0142,2025-10-27 22:50:39,4,323.0,1292.0,Cash on Delivery,0
T09949,C0731,P0111,2025-11-25 10:22:38,4,40.12,160.48,Card,1
T09950,C1045,P0061,2026-04-10 08:29:19,1,76.72,76.72,Cash on Delivery,0
T09951,C1315,P0176,2025-11-01 05:11:22,4,46.99,187.96,Cash on Delivery,0
T09952,C1009,P0044,2026-02-24 01:04:06,3,105.52,316.56,Cash on Delivery,0
T09953,C0908,P0143,2026-02-19 11:26:59,3,320.02,960.06,Mobile Money,0
T09954,C0008,P0117,2026-01-11 09:05:33,2,155.12,310.24,Mobile Money,0
T09955,C1125,P0124,2025-07-15 11:32:24,2,222.29,444.58,Card,0
T09956,C1117,P0067,2026-05-20 18:09:22,2,97.33,194.66,Mobile Money,0
T09957,C1104,P0129,2026-04-15 05:07:41,2,467.63,935.26,Mobile Money,1
T09958,C0378,P0042,2026-04-01 23:20:39,3,283.82,851.46,Mobile Money,0
T09959,C1323,P0074,2026-04-18 08:09:31,2,118.13,236.26,Cash on Delivery,0
T09960,C0639,P0026,2026-01-02 18:24:34,4,295.44,1181.76,Mobile Money,0
T09961,C0069,P0104,2026-05-24 01:47:49,3,108.41,325.23,Cash on Delivery,0
T09962,C1839,P0073,2026-05-24 19:40:44,3,462.72,1388.16,Cash on Delivery,0
T09963,C0427,P0023,2025-06-10 13:50:33,1,461.33,461.33,Card,0
T09964,C0215,P0077,2025-07-28 06:00:22,1,450.71,450.71,Card,0
T09965,C0073,P0123,2026-03-07 22:32:49,3,25.33,75.99,Cash on Delivery,0
T09966,C1630,P0055,2026-03-21 14:55:11,2,281.26,562.52,Cash on Delivery,0
T09967,C1690,P0170,2025-08-18 23:58:50,4,277.02,1108.08,Cash on Delivery,0
T09968,C1664,P0018,2026-03-19 02:08:33,1,90.82,90.82,Cash on Delivery,0
T09969,C0289,P0041,2025-10-05 19:46:22,2,20.56,41.12,Mobile Money,0
T09970,C0439,P0043,2025-08-16 14:20:38,2,128.4,256.8,Mobile Money,1
T09971,C1418,P0058,2026-02-25 12:22:36,2,498.88,997.76,Card,1
T09972,C1491,P0028,2025-12-29 17:09:24,2,86.81,173.62,Card,0
T09973,C1681,P0154,2025-07-30 23:22:34,2,402.72,805.44,Card,1
T09974,C1806,P0162,2025-10-16 22:33:10,2,448.28,896.56,Mobile Money,1
T09975,C1442,P0154,2025-12-12 09:59:32,2,402.72,805.44,Card,0
T09976,C0360,P0024,2025-12-07 17:54:24,3,262.81,788.43,Mobile Money,0
T09977,C0423,P0070,2025-09-18 20:41:54,4,52.61,210.44,Cash on Delivery,1
T09978,C0034,P0121,2025-09-11 21:58:57,1,351.26,351.26,Card,0
T09979,C0545,P0150,2026-01-29 23:40:56,3,162.89,488.67,Card,1
T09980,C0968,P0006,2026-02-22 20:16:24,4,469.58,1878.32,Mobile Money,1
T09981,C1682,P0109,2025-09-30 12:51:32,3,434.2,1302.6,Cash on Delivery,0
T09982,C1853,P0014,2026-05-18 18:57:51,2,11.57,23.14,Mobile Money,0
T09983,C1797,P0036,2025-11-11 01:10:44,3,140.99,422.97,Card,0
T09984,C1584,P0053,2025-10-30 10:49:22,2,347.76,695.52,Cash on Delivery,0
T09985,C0855,P0011,2025-12-11 12:12:40,2,393.66,787.32,Card,0
T09986,C1746,P0024,2025-06-23 07:19:42,2,262.81,525.62,Card,0
T09987,C1548,P0068,2025-11-06 11:24:58,3,166.35,499.05,Card,0
T09988,C1859,P0187,2026-01-25 20:12:00,3,115.68,347.04,Mobile Money,0
T09989,C1685,P0160,2025-12-03 07:56:27,4,56.05,224.2,Cash on Delivery,0
T09990,C1474,P0112,2025-09-17 15:34:24,2,445.55,891.1,Card,0
T09991,C0393,P0122,2026-01-30 20:33:37,2,488.05,976.1,Card,0
T09992,C0408,P0044,2025-10-09 18:48:25,3,105.52,316.56,Mobile Money,0
T09993,C0206,P0127,2025-07-30 07:58:34,3,458.03,1374.09,Card,0
T09994,C0714,P0041,2026-02-11 10:25:55,4,20.56,82.24,Mobile Money,0
T09995,C0095,P0107,2025-09-05 21:20:25,2,352.73,705.46,Mobile Money,0
T09996,C0059,P0028,2026-04-28 17:19:59,4,86.81,347.24,Cash on Delivery,1
T09997,C0509,P0129,2026-03-19 07:40:19,2,467.63,935.26,Cash on Delivery,0
T09998,C1046,P0001,2025-07-29 06:24:20,3,190.4,571.2,Card,0
T09999,C0471,P0187,2025-11-26 05:36:54,3,115.68,347.04,Card,0
T10000,C1522,P0028,2026-01-16 05:50:30,4,86.81,347.24,Card,0
